,Station code,srcStateName,Minimum temperature for ground water in celsius,Maximum temperature for ground water in celsius,Minimum potential of Hydrogen value in water,Maximum potential of Hydrogen value in water,Minimum Conductivity Level,Maximum Conductivity Level,Minimum Biochemical oxygen demand,Maximum Biochemical oxygen demand,Minimum  of Nitrate N + Nitrite N required required for ground water,Maximum  of Nitrate N + Nitrite N required required for ground water,Minimum  of Faecal Coliforms required for ground water,Maximum   of Faecal Coliforms required for ground water,Minimum  of total coliform required for ground water,Maximum  of total coliform required for ground water,srcYear,YearCode
0,2253.0,ASSAM,24.0,26.0,6.6,6.8,289.0,428.0,1.5,3.2,0.1,0.16,,,1.0,1.0,2012,2012
1,2254.0,ASSAM,23.0,25.0,5.8,7.1,101.0,910.0,0.3,2.7,0.1,0.15,,,1.0,1.0,2012,2012
2,2255.0,ASSAM,24.0,27.0,6.0,7.0,357.0,448.0,0.7,2.5,0.1,0.1,,,1.0,1.0,2012,2012
3,2256.0,ASSAM,24.0,30.0,5.9,6.4,78.0,107.0,0.8,1.8,0.13,0.41,,,1.0,1.0,2012,2012
4,2257.0,ASSAM,23.0,31.0,6.5,6.8,345.0,422.0,0.3,0.8,0.1,0.22,,,1.0,1.0,2012,2012
5,2258.0,ASSAM,28.0,28.0,6.1,6.1,362.0,362.0,0.6,0.6,0.1,0.1,,,1.0,1.0,2012,2012
6,2259.0,ASSAM,32.0,36.0,6.7,7.0,191.0,935.0,1.5,1.5,0.13,0.13,,,1.0,1.0,2012,2012
7,2261.0,ASSAM,10.0,25.0,5.6,7.6,86.0,166.0,1.2,6.5,0.1,0.12,,,1.0,1.0,2012,2012
8,2262.0,ASSAM,13.0,13.0,6.5,6.5,302.0,302.0,5.4,5.4,0.1,0.19,,,1.0,1.0,2012,2012
9,2263.0,ASSAM,15.0,15.0,6.3,6.3,142.0,142.0,3.4,3.4,0.22,0.22,,,1.0,1.0,2012,2012
10,2264.0,ASSAM,12.0,15.0,6.7,6.8,431.0,690.0,3.3,5.2,0.1,0.1,,,1.0,1.0,2012,2012
11,1825.0,BIHAR,23.0,23.0,7.16,7.3,640.0,6922.0,,,,,4.0,8.0,9.0,23.0,2012,2012
12,1826.0,BIHAR,22.0,23.0,7.1,7.2,632.0,674.0,,,,,4.0,4.0,9.0,13.0,2012,2012
13,1827.0,BIHAR,22.0,22.0,7.2,7.28,509.0,705.0,,,,,1.0,1.0,2.0,2.0,2012,2012
14,1828.0,BIHAR,21.0,23.0,7.19,7.5,506.0,842.0,,,,,1.0,1.0,2.0,2.0,2012,2012
15,1829.0,BIHAR,22.0,22.0,7.12,7.2,644.0,784.0,,,,,1.0,1.0,2.0,2.0,2012,2012
16,1830.0,BIHAR,20.0,28.0,7.53,8.1,815.0,816.0,,,,,2.0,7.0,4.0,11.0,2012,2012
17,1831.0,BIHAR,19.0,27.0,7.84,8.4,836.0,910.0,,,,,1.0,4.0,2.0,8.0,2012,2012
18,1832.0,BIHAR,25.0,26.0,7.6,7.9,952.0,952.0,,,,,7.0,8.0,14.0,21.0,2012,2012
19,1833.0,BIHAR,25.0,26.0,7.6,7.8,915.0,915.0,,,,,1.0,4.0,13.0,21.0,2012,2012
20,1834.0,BIHAR,25.0,26.0,7.5,7.8,462.0,462.0,,,,,8.0,13.0,11.0,22.0,2012,2012
21,1835.0,BIHAR,25.0,26.5,7.6,7.8,356.0,356.0,,,,,4.0,7.0,7.0,17.0,2012,2012
22,1836.0,BIHAR,23.0,23.0,8.0,8.0,,,,,,,14.0,14.0,21.0,21.0,2012,2012
23,1837.0,BIHAR,23.0,25.0,7.8,7.8,856.0,856.0,,,,,4.0,9.0,7.0,22.0,2012,2012
24,1838.0,BIHAR,24.0,24.0,7.6,7.8,637.0,637.0,,,,,7.0,8.0,11.0,13.0,2012,2012
25,1839.0,BIHAR,24.0,24.0,7.6,7.6,962.0,962.0,,,,,2.0,2.0,4.0,4.0,2012,2012
26,1840.0,BIHAR,19.0,28.0,7.66,8.2,480.0,542.0,,,,,1.0,8.0,2.0,17.0,2012,2012
27,1841.0,BIHAR,22.0,24.0,8.1,8.21,1006.0,1024.0,,,,,9.0,11.0,22.0,27.0,2012,2012
28,1842.0,BIHAR,22.0,22.0,8.6,8.61,484.0,502.0,,,,,1.0,2.0,2.0,3.0,2012,2012
29,1843.0,BIHAR,22.0,22.0,8.0,8.18,516.0,532.0,,,,,4.0,7.0,14.0,14.0,2012,2012
30,1844.0,BIHAR,23.0,24.0,7.8,8.62,414.0,484.0,,,,,2.0,9.0,4.0,21.0,2012,2012
31,2577.0,BIHAR,25.0,26.0,7.5,7.8,668.0,668.0,,,,,8.0,17.0,17.0,26.0,2012,2012
32,2578.0,BIHAR,23.0,24.0,8.0,8.14,563.0,584.0,,,,,2.0,4.0,4.0,8.0,2012,2012
33,2579.0,BIHAR,24.0,27.0,8.1,8.18,552.0,562.0,,,,,4.0,4.0,7.0,8.0,2012,2012
34,2580.0,BIHAR,22.0,24.0,7.2,7.24,780.0,810.0,,,,,4.0,8.0,9.0,13.0,2012,2012
35,2581.0,BIHAR,25.0,25.0,7.66,7.66,410.0,410.0,,,,,13.0,13.0,23.0,23.0,2012,2012
36,2582.0,BIHAR,26.0,26.0,7.72,7.72,440.0,440.0,,,,,23.0,23.0,50.0,50.0,2012,2012
37,2583.0,BIHAR,22.0,23.0,8.3,8.82,512.0,552.0,,,,,4.0,4.0,8.0,9.0,2012,2012
38,4562.0,LAKSHADWEEP,29.6,29.6,,,1328.0,1920.0,,,,,,,,,2019,2019
39,2584.0,BIHAR,23.0,23.0,7.76,8.3,790.0,862.0,,,,,1.0,4.0,2.0,11.0,2012,2012
40,2585.0,BIHAR,20.0,27.0,7.8,8.0,552.0,610.0,,,,,4.0,7.0,7.0,17.0,2012,2012
41,2586.0,BIHAR,28.0,28.0,7.5,7.5,672.0,672.0,,,,,7.0,7.0,17.0,17.0,2012,2012
42,2587.0,BIHAR,25.0,26.0,7.6,7.9,854.0,854.0,,,,,8.0,8.0,13.0,23.0,2012,2012
43,2588.0,BIHAR,25.5,26.0,7.6,7.8,558.0,558.0,,,,,7.0,11.0,11.0,21.0,2012,2012
44,2589.0,BIHAR,26.0,28.0,7.5,7.8,940.0,940.0,,,,,4.0,13.0,11.0,22.0,2012,2012
45,2590.0,BIHAR,25.0,25.0,7.53,7.53,572.0,572.0,,,,,8.0,8.0,14.0,14.0,2012,2012
46,2591.0,BIHAR,21.0,23.0,8.2,8.21,694.0,716.0,,,,,2.0,7.0,17.0,17.0,2012,2012
47,2592.0,BIHAR,22.0,22.0,7.3,7.41,705.0,754.0,,,,,4.0,4.0,9.0,13.0,2012,2012
48,2593.0,BIHAR,23.0,24.0,7.2,7.22,884.0,916.0,,,,,4.0,7.0,8.0,11.0,2012,2012
49,2594.0,BIHAR,26.5,28.0,7.5,7.8,686.0,686.0,,,,,7.0,11.0,17.0,21.0,2012,2012
50,2595.0,BIHAR,27.0,27.0,7.27,7.27,829.0,829.0,,,,,4.0,4.0,11.0,11.0,2012,2012
51,2596.0,BIHAR,23.0,26.0,7.56,8.4,454.0,812.0,,,,,1.0,7.0,2.0,17.0,2012,2012
52,2597.0,BIHAR,24.0,24.0,7.7,7.7,510.0,556.0,,,,,4.0,8.0,11.0,17.0,2012,2012
53,2598.0,BIHAR,23.0,23.0,7.9,8.11,402.0,416.0,,,,,1.0,4.0,2.0,11.0,2012,2012
54,2599.0,BIHAR,22.0,24.0,7.4,7.52,901.0,946.0,,,,,2.0,4.0,4.0,11.0,2012,2012
55,2600.0,BIHAR,25.0,26.0,7.51,8.1,766.0,905.0,,,,,2.0,7.0,4.0,11.0,2012,2012
56,1620.0,CHATTISSGARH,25.0,32.0,7.25,7.96,480.0,786.0,,,1.1,1.4,,,4.0,11.0,2012,2012
57,1621.0,CHATTISSGARH,25.0,31.0,7.65,7.86,496.0,943.0,,,1.3,2.5,,,6.0,27.0,2012,2012
58,1622.0,CHATTISSGARH,31.0,31.0,7.5,7.5,789.0,1789.0,,,1.96,3.88,,,,,2012,2012
59,1617.0,MADHYA PRADESH,38.0,38.0,8.2,8.2,340.0,340.0,1.7,1.7,1.0,1.0,,,33.0,33.0,2012,2012
60,1618.0,MADHYA PRADESH,,,7.4,7.6,821.0,821.0,3.6,3.6,0.9,0.9,,,,,2012,2012
61,1619.0,MADHYA PRADESH,,,7.26,7.3,818.0,818.0,3.4,3.4,0.93,0.93,,,,,2012,2012
62,2143.0,MADHYA PRADESH,28.0,28.0,7.3,7.3,475.0,475.0,1.2,1.2,0.2,0.2,,,4.0,4.0,2012,2012
63,2144.0,MADHYA PRADESH,32.0,32.0,7.8,7.8,918.0,918.0,1.0,1.0,,,,,7.0,7.0,2012,2012
64,2145.0,MADHYA PRADESH,28.0,29.0,7.76,7.8,1850.0,2514.0,1.0,2.5,4.1,4.1,,,,,2012,2012
65,2146.0,MADHYA PRADESH,27.0,29.0,7.2,7.5,1300.0,1340.0,0.8,3.0,7.0,9.98,,,,,2012,2012
66,2148.0,MADHYA PRADESH,26.0,26.0,7.4,7.8,1860.0,2210.0,2.0,6.0,1.01,1.4,,,,,2012,2012
67,2149.0,MADHYA PRADESH,25.0,25.0,7.0,8.0,941.0,1100.0,1.2,1.2,1.67,10.87,,,,,2012,2012
68,2153.0,MADHYA PRADESH,36.0,36.0,7.8,7.8,510.0,510.0,1.3,1.3,1.64,1.964,,,50.0,50.0,2012,2012
69,1440.0,DAMAN,28.0,31.0,7.0,7.4,771.0,1660.0,,,0.3,2.1,,,,,2012,2012
70,2448.0,DAMAN,29.0,30.0,7.2,7.5,590.0,931.0,,,0.61,0.608,,,7.0,7.0,2012,2012
71,2448.0,DAMAN,30.5,30.5,7.0,7.1,771.0,2218.0,8.0,8.0,3.4,3.74,,,,,2012,2012
72,2449.0,DAMAN,30.0,30.0,7.0,7.1,1500.0,1994.0,,,1.1,2.3,,,,,2012,2012
73,2450.0,DAMAN,29.0,31.0,7.1,7.7,521.0,594.0,,,1.5,4.3,,,2.0,2.0,2012,2012
74,2451.0,DAMAN,30.0,30.5,7.3,7.5,754.0,1542.0,8.0,8.0,1.0,2.0,,,10.0,10.0,2012,2012
75,2452.0,DAMAN,29.5,29.5,6.9,7.0,1942.0,2272.0,,,1.52,3.1,,,,,2012,2012
76,2453.0,DADRA NAGAR HAVELI,30.0,30.5,6.7,7.3,385.0,594.0,,,4.9,5.3,,,4.0,4.0,2012,2012
77,2454.0,DADRA NAGAR HAVELI,30.0,31.0,7.1,7.5,482.0,657.0,,,0.3,0.8,,,2.0,2.0,2012,2012
78,2455.0,DADRA NAGAR HAVELI,30.0,31.0,6.9,7.6,1581.0,1995.0,6.0,6.0,0.3,0.4,,,4.0,4.0,2012,2012
79,2456.0,DADRA NAGAR HAVELI,29.5,30.0,6.9,7.4,1035.0,1542.0,,,0.2,0.4,,,12.0,12.0,2012,2012
80,2457.0,DADRA NAGAR HAVELI,31.0,31.0,7.2,7.8,1165.0,1676.0,,,0.7,0.8,,,,,2012,2012
81,2458.0,DADRA NAGAR HAVELI,29.0,31.0,7.3,7.7,2199.0,2693.0,6.0,6.0,0.3,0.5,,,14.0,14.0,2012,2012
82,2824.0,MAHARASHTRA,32.0,32.0,8.1,8.1,1077.0,1077.0,3.8,3.8,0.26,0.26,2.0,2.0,140.0,140.0,2012,2012
83,2825.0,MAHARASHTRA,24.0,32.0,8.3,8.8,2557.0,5212.0,3.2,5.2,5.16,5.16,2.0,2.0,14.0,80.0,2012,2012
84,2829.0,MAHARASHTRA,23.0,23.0,8.6,8.67,821.4,824.6,2.4,2.8,0.79,1.48,2.0,8.0,40.0,60.0,2012,2012
85,2830.0,MAHARASHTRA,23.0,23.0,8.1,8.44,1780.0,1875.0,2.2,2.4,3.92,4.8,2.0,6.0,50.0,60.0,2012,2012
86,2831.0,MAHARASHTRA,24.0,24.0,7.71,8.11,3207.0,4431.0,2.2,2.2,3.8,3.9,4.0,4.0,110.0,110.0,2012,2012
87,2832.0,MAHARASHTRA,25.0,26.0,7.26,7.48,280.2,435.0,2.2,2.4,0.69,1.76,2.0,4.0,50.0,80.0,2012,2012
88,2833.0,MAHARASHTRA,25.0,26.0,7.52,7.86,615.4,2751.0,2.0,2.4,0.57,2.97,2.0,4.0,70.0,90.0,2012,2012
89,2834.0,MAHARASHTRA,25.0,30.0,7.54,8.29,528.5,665.5,2.0,2.2,0.53,1.86,2.0,2.0,60.0,90.0,2012,2012
90,2835.0,MAHARASHTRA,26.0,27.0,7.69,7.78,243.3,342.0,2.0,2.8,0.46,1.98,2.0,6.0,40.0,80.0,2012,2012
91,1984.0,MAHARASHTRA,27.0,27.0,7.8,7.8,1210.0,1210.0,3.0,3.0,3.3,3.3,80.0,80.0,275.0,275.0,2012,2012
92,1985.0,MAHARASHTRA,26.0,26.0,7.9,8.3,1292.0,2916.0,4.8,6.0,0.93,0.925,8.0,85.0,25.0,110.0,2012,2012
93,1986.0,MAHARASHTRA,27.0,27.0,7.4,7.5,647.8,750.2,3.8,4.0,0.63,1.986,25.0,50.0,45.0,140.0,2012,2012
94,1987.0,MAHARASHTRA,26.0,26.0,7.6,7.6,986.8,1101.0,4.0,4.2,0.07,0.452,8.0,35.0,25.0,95.0,2012,2012
95,1988.0,MAHARASHTRA,27.0,27.0,7.9,8.1,577.5,588.2,3.0,4.0,0.16,1.563,25.0,170.0,45.0,550.0,2012,2012
96,1989.0,MAHARASHTRA,28.0,28.0,8.2,8.2,848.9,848.9,5.0,5.0,0.02,0.885,50.0,50.0,130.0,130.0,2012,2012
97,1990.0,MAHARASHTRA,,,7.29,7.73,938.0,1183.0,8.0,10.0,0.88,0.882,,,,,2012,2012
98,1991.0,MAHARASHTRA,25.0,26.0,7.44,7.75,700.0,760.0,3.2,7.0,3.12,96.81,4.0,34.0,22.0,50.0,2012,2012
99,1992.0,MAHARASHTRA,27.0,27.0,7.6,7.88,777.2,951.9,2.8,8.5,0.57,2.46,9.0,17.0,170.0,350.0,2012,2012
100,1993.0,MAHARASHTRA,28.0,32.0,7.4,8.4,1140.0,1860.0,3.6,6.16,0.28,0.38,2.0,2.0,80.0,90.0,2012,2012
101,1994.0,MAHARASHTRA,20.0,22.0,7.5,7.65,636.0,1530.0,3.6,4.8,10.2,36.85,13.0,33.0,40.0,130.0,2012,2012
102,1995.0,MAHARASHTRA,20.0,22.0,7.96,8.5,934.0,1136.0,5.0,6.8,1.48,1.88,11.0,40.0,23.0,110.0,2012,2012
103,1996.0,MAHARASHTRA,20.0,22.0,7.9,8.2,1480.0,1820.0,6.0,8.0,4.96,12.6,14.0,60.0,26.0,140.0,2012,2012
104,1997.0,MAHARASHTRA,20.0,20.0,7.86,7.9,1512.0,1849.0,5.2,40.0,4.8,13.2,40.0,40.0,110.0,130.0,2012,2012
105,1998.0,MAHARASHTRA,22.0,24.0,8.06,8.5,984.0,1420.0,5.6,7.4,1.62,2.85,17.0,22.0,30.0,80.0,2012,2012
106,1999.0,MAHARASHTRA,23.0,24.0,7.69,8.6,468.0,492.0,5.0,8.0,1.48,5.3,8.0,17.0,17.0,60.0,2012,2012
107,2000.0,MAHARASHTRA,20.0,22.0,8.15,8.6,1010.0,1360.0,6.2,7.2,1.88,2.62,13.0,27.0,34.0,170.0,2012,2012
108,2001.0,MAHARASHTRA,20.0,22.0,7.1,8.08,492.0,492.0,3.8,5.3,5.68,8.0,22.0,30.0,70.0,170.0,2012,2012
109,2002.0,MAHARASHTRA,20.0,25.0,7.82,8.03,512.0,1032.0,4.4,5.6,0.98,3.62,13.0,40.0,30.0,140.0,2012,2012
110,2003.0,MAHARASHTRA,18.0,20.0,7.4,7.5,426.0,870.0,3.6,4.2,1.39,2.96,8.0,27.0,13.0,140.0,2012,2012
111,2004.0,MAHARASHTRA,23.0,23.0,7.52,8.51,1440.0,1573.0,1.2,2.2,1.24,1.64,2.0,4.0,40.0,50.0,2012,2012
112,2005.0,MAHARASHTRA,23.0,23.0,8.52,8.54,1540.0,1580.0,2.0,2.0,4.2,4.26,4.0,6.0,70.0,80.0,2012,2012
113,2006.0,MAHARASHTRA,24.0,24.0,7.58,8.57,1440.0,1536.0,2.4,3.8,4.1,4.12,2.0,6.0,60.0,80.0,2012,2012
114,2007.0,MAHARASHTRA,24.0,24.0,7.22,8.29,2906.0,5904.0,2.4,2.4,3.6,4.3,2.0,4.0,50.0,140.0,2012,2012
115,2008.0,MAHARASHTRA,23.0,24.0,7.85,8.22,3934.0,4677.0,2.0,2.4,4.02,4.53,2.0,4.0,90.0,120.0,2012,2012
116,2200.0,MAHARASHTRA,24.0,32.0,8.3,8.5,3222.0,6717.0,3.4,5.0,1.82,1.82,2.0,4.0,80.0,110.0,2012,2012
117,2201.0,MAHARASHTRA,26.0,32.0,7.1,8.1,2111.0,2180.0,3.12,5.2,4.86,7.116,2.0,4.0,60.0,110.0,2012,2012
118,2202.0,MAHARASHTRA,25.0,26.0,7.3,8.47,357.0,614.3,2.0,2.0,10.7,15.86,2.0,4.0,80.0,90.0,2012,2012
119,2203.0,MAHARASHTRA,,,7.84,8.18,616.0,1010.0,4.6,6.0,0.4,3.94,,,,,2012,2012
120,2204.0,MAHARASHTRA,,,7.38,7.64,1170.0,1983.0,9.5,10.0,0.86,3.68,,,,,2012,2012
121,2816.0,MAHARASHTRA,25.0,26.0,7.57,7.85,843.0,1100.0,3.0,6.0,0.1,0.1,4.0,23.0,21.0,80.0,2012,2012
122,2817.0,MAHARASHTRA,,,7.4,7.4,808.0,808.0,2.6,2.6,3.4,8.7,,,,,2012,2012
123,2818.0,MAHARASHTRA,25.0,27.0,7.5,7.8,913.0,1000.0,3.8,8.0,5.05,5.05,11.0,30.0,27.0,300.0,2012,2012
124,2819.0,MAHARASHTRA,26.0,27.0,7.89,8.0,4654.0,6865.0,2.5,4.2,2.84,5.66,25.0,25.0,200.0,350.0,2012,2012
125,2820.0,MAHARASHTRA,30.0,30.0,6.89,7.9,910.4,1357.0,2.5,5.5,0.18,0.26,13.0,25.0,195.0,550.0,2012,2012
126,2821.0,MAHARASHTRA,25.0,25.0,7.82,7.82,2905.0,2905.0,4.0,4.0,0.22,0.31,11.0,11.0,350.0,350.0,2012,2012
127,2822.0,MAHARASHTRA,25.0,25.0,7.49,7.49,1175.0,1175.0,3.5,3.5,0.4,0.4,11.0,11.0,350.0,350.0,2012,2012
128,2823.0,MAHARASHTRA,25.0,25.0,7.88,7.88,1572.0,1572.0,5.0,5.0,0.28,0.28,17.0,17.0,350.0,350.0,2012,2012
129,2826.0,MAHARASHTRA,,,8.05,8.88,559.0,886.0,4.8,6.2,9.78,11.54,,,,,2012,2012
130,2827.0,MAHARASHTRA,20.0,24.0,7.5,7.92,496.0,840.0,4.4,5.0,0.74,1.32,8.0,22.0,50.0,80.0,2012,2012
131,2828.0,MAHARASHTRA,16.0,20.0,7.66,7.8,790.0,1498.0,4.8,5.2,1.08,4.86,13.0,90.0,50.0,280.0,2012,2012
132,2277.0,GOA,28.0,32.0,6.2,6.22,242.4,387.0,1.0,1.3,0.11,0.28,,,10.0,28.0,2012,2012
133,2278.0,GOA,27.0,32.0,6.25,6.38,153.7,250.2,0.7,1.3,0.04,0.08,,,80.0,80.0,2012,2012
134,2279.0,GOA,27.0,31.0,5.8,5.9,108.7,262.2,2.6,2.6,0.02,0.69,,,11.0,23.0,2012,2012
135,2280.0,GOA,26.0,32.0,5.77,5.86,147.0,241.1,1.7,2.9,0.31,0.39,,,4.0,4.0,2012,2012
136,2281.0,GOA,25.0,32.0,6.1,6.53,45.5,55.1,1.6,2.3,0.03,1.09,,,4.0,125.0,2012,2012
137,2282.0,GOA,28.0,33.0,5.9,6.5,199.8,312.0,1.0,1.6,0.67,0.78,4.0,4.0,150.0,150.0,2012,2012
138,1555.0,HIMACHAL PRADESH,25.0,26.0,7.3,7.6,369.0,445.0,1.0,1.4,0.24,1.27,4.0,8.0,9.0,11.0,2012,2012
139,1556.0,HIMACHAL PRADESH,24.0,26.0,7.28,7.48,541.0,649.0,1.4,1.6,0.26,1.18,5.0,7.0,9.0,12.0,2012,2012
140,1557.0,HIMACHAL PRADESH,21.0,24.0,7.23,8.34,365.0,455.0,0.2,0.5,0.03,0.096,,,2.0,2.0,2012,2012
141,1558.0,HIMACHAL PRADESH,23.0,26.0,7.5,8.3,291.0,709.0,0.2,1.0,0.18,1.79,,,10.0,10.0,2012,2012
142,1559.0,HIMACHAL PRADESH,22.0,27.0,7.58,7.96,329.0,408.0,0.2,4.0,0.14,2.33,8.0,8.0,32.0,32.0,2012,2012
143,1560.0,HIMACHAL PRADESH,23.0,27.0,7.51,8.27,906.0,1145.0,0.3,0.5,0.19,0.26,,,2.0,2.0,2012,2012
144,1561.0,HIMACHAL PRADESH,18.0,25.4,7.52,7.59,680.0,701.0,0.6,1.0,5.22,5.22,7.0,7.0,33.0,33.0,2012,2012
145,1562.0,HIMACHAL PRADESH,15.0,25.0,7.4,7.85,428.0,630.0,0.0,0.5,1.71,3.33,4.0,4.0,26.0,26.0,2012,2012
146,1872.0,HIMACHAL PRADESH,10.4,14.1,6.62,7.86,232.0,758.0,2.5,45.0,,,6.0,128.0,27.0,390.0,2012,2012
147,1873.0,HIMACHAL PRADESH,18.0,20.0,5.85,6.04,269.0,293.0,0.7,0.9,0.02,0.613,4.0,4.0,17.0,17.0,2012,2012
148,1874.0,HIMACHAL PRADESH,12.0,24.0,7.27,8.5,369.0,580.0,0.1,2.0,4.46,4.79,2.0,108.0,12.0,340.0,2012,2012
149,1875.0,HIMACHAL PRADESH,18.0,18.0,7.65,7.65,257.0,257.0,4.8,4.8,,2.33,920.0,920.0,2400.0,2400.0,2012,2012
150,1876.0,HIMACHAL PRADESH,21.0,25.0,6.68,8.32,553.0,763.0,0.3,0.5,0.22,0.22,,,6.0,10.0,2012,2012
151,1877.0,HIMACHAL PRADESH,23.0,26.0,7.13,8.23,345.0,398.0,0.2,1.0,0.08,1.96,2.0,2.0,28.0,28.0,2012,2012
152,1878.0,HIMACHAL PRADESH,22.5,27.0,7.4,7.63,360.0,513.0,0.2,0.5,0.22,2.75,15.0,15.0,50.0,50.0,2012,2012
153,1879.0,HIMACHAL PRADESH,22.0,28.0,6.6,7.68,888.0,1314.0,0.2,0.5,0.1,2.43,,,15.0,15.0,2012,2012
154,1880.0,HIMACHAL PRADESH,26.0,26.0,7.09,7.36,371.0,485.0,1.0,1.2,0.13,5.2,5.0,8.0,9.0,10.0,2012,2012
155,1881.0,HIMACHAL PRADESH,23.0,25.0,7.22,8.04,409.0,671.0,1.2,1.2,0.2,1.07,4.0,7.0,9.0,11.0,2012,2012
156,1882.0,HIMACHAL PRADESH,15.0,24.0,7.68,7.71,573.0,870.0,0.5,0.5,0.28,1.41,5.0,11.0,18.0,21.0,2012,2012
157,1883.0,HIMACHAL PRADESH,14.0,25.0,7.46,7.75,516.0,794.0,0.5,0.6,4.86,5.71,9.0,9.0,43.0,43.0,2012,2012
158,2628.0,HIMACHAL PRADESH,10.0,16.0,7.29,8.21,301.0,568.0,,,,,,,,,2012,2012
159,2629.0,HIMACHAL PRADESH,20.5,21.0,7.47,7.78,591.0,703.0,,,0.56,2.354,,,,,2012,2012
160,2630.0,HIMACHAL PRADESH,15.0,15.0,7.0,7.04,7.36,1300.0,0.4,0.5,0.2,3.135,4.0,5.0,17.0,22.0,2012,2012
161,2631.0,HIMACHAL PRADESH,13.0,13.0,6.65,6.78,527.0,811.0,0.5,0.5,6.05,6.11,2.0,2.0,7.0,10.0,2012,2012
162,2632.0,HIMACHAL PRADESH,22.0,23.0,7.42,7.79,714.0,987.0,,,2.55,6.18,,,,,2012,2012
163,2633.0,HIMACHAL PRADESH,9.0,9.0,8.85,8.85,244.0,244.0,0.0,0.0,4.93,8.253,,,,,2012,2012
164,2634.0,HIMACHAL PRADESH,10.0,10.6,7.89,7.98,245.0,250.0,0.2,0.5,0.03,0.025,6.0,6.0,2.0,26.0,2012,2012
165,2635.0,HIMACHAL PRADESH,10.0,10.0,7.88,8.46,248.0,502.0,0.0,0.2,0.07,0.18,,,,,2012,2012
166,2636.0,HIMACHAL PRADESH,20.0,21.0,6.32,7.01,559.0,695.0,0.6,1.1,,0.094,4.0,4.0,27.0,27.0,2012,2012
167,2637.0,HIMACHAL PRADESH,21.0,24.0,7.21,8.6,133.0,1350.0,0.5,0.6,0.05,2.02,7.0,7.0,17.0,17.0,2012,2012
168,2638.0,HIMACHAL PRADESH,20.0,22.0,7.62,8.02,416.0,552.0,0.2,0.5,1.4,5.64,8.0,8.0,21.0,21.0,2012,2012
169,2639.0,HIMACHAL PRADESH,21.0,22.0,6.78,8.22,80.0,133.0,0.8,1.0,2.82,3.98,7.0,7.0,17.0,17.0,2012,2012
170,2640.0,HIMACHAL PRADESH,24.6,26.0,7.26,7.84,353.0,424.0,0.3,1.0,0.32,0.85,9.0,9.0,21.0,21.0,2012,2012
171,2641.0,HIMACHAL PRADESH,15.0,15.0,7.2,7.48,668.0,691.0,0.2,0.8,1.25,1.43,4.0,4.0,9.0,9.0,2012,2012
172,2642.0,HIMACHAL PRADESH,14.0,16.0,6.41,6.85,222.0,229.0,0.4,0.9,0.06,0.25,4.0,4.0,9.0,9.0,2012,2012
173,2643.0,HIMACHAL PRADESH,21.0,24.5,7.09,7.83,393.0,438.0,0.1,1.0,2.71,3.18,11.0,84.0,27.0,210.0,2012,2012
174,2644.0,HIMACHAL PRADESH,24.0,24.0,7.21,7.21,507.0,507.0,0.2,0.2,0.05,0.18,,,2.0,2.0,2012,2012
175,2645.0,HIMACHAL PRADESH,22.0,25.0,7.11,7.18,686.0,1050.0,1.0,1.2,0.03,0.029,6.0,9.0,10.0,13.0,2012,2012
176,4563.0,LAKSHADWEEP,29.8,29.8,,,1607.0,1742.0,,,,,,,,,2019,2019
177,2646.0,HIMACHAL PRADESH,26.0,26.0,6.77,7.31,957.0,1860.0,1.0,1.2,0.3,3.27,5.0,7.0,10.0,12.0,2012,2012
178,2647.0,HIMACHAL PRADESH,14.0,26.0,6.87,7.22,696.0,1080.0,0.5,0.6,0.29,1.75,7.0,7.0,2.0,18.0,2012,2012
179,2039.0,CHANDIGARH,26.0,26.0,7.0,7.0,869.0,869.0,0.4,0.4,0.22,1.02,,,,,2012,2012
180,2042.0,CHANDIGARH,26.0,26.0,7.4,7.4,741.0,741.0,0.6,0.6,7.77,7.77,,,,,2012,2012
181,2043.0,CHANDIGARH,26.0,26.0,7.2,7.2,870.0,870.0,1.0,1.0,0.38,0.38,,,,,2012,2012
182,2044.0,CHANDIGARH,26.0,26.0,6.9,6.9,987.0,987.0,0.6,0.6,2.83,2.83,,,,,2012,2012
183,2045.0,CHANDIGARH,26.0,26.0,7.3,7.3,673.0,673.0,,,,,,,,,2012,2012
184,2759.0,JAMMU & KASHMIR,27.0,27.0,6.24,6.24,458.0,458.0,2.3,2.3,0.33,1.49,,,,,2012,2012
185,2760.0,JAMMU & KASHMIR,26.0,26.0,6.64,6.64,236.0,236.0,158.0,158.0,,,,,,,2012,2012
186,2761.0,JAMMU & KASHMIR,26.0,26.0,6.1,6.1,106.0,106.0,,,0.06,0.057,,,,,2012,2012
187,2762.0,JAMMU & KASHMIR,16.2,16.2,9.4,9.4,2000.0,2000.0,68.0,68.0,,,,,,,2012,2012
188,19.0,KERALA,24.0,28.0,5.7,7.5,120.0,245.0,0.2,1.4,0.3,4.5,2.0,1100.0,22.0,3500.0,2012,2012
189,22.0,KERALA,25.0,25.0,6.5,6.7,100.0,110.0,0.3,0.5,0.16,1.88,2.0,2.0,4.0,40.0,2012,2012
190,35.0,KERALA,26.4,26.8,5.0,5.8,329.0,344.0,0.4,0.6,4.5,6.1,170.0,400.0,300.0,700.0,2012,2012
191,1581.0,KERALA,26.5,26.5,4.5,5.6,52.0,260.0,0.5,0.8,1.64,1.82,80.0,80.0,110.0,240.0,2012,2012
192,1582.0,KERALA,27.0,28.0,6.1,6.3,186.0,260.0,0.7,1.2,1.3,1.4,40.0,80.0,170.0,300.0,2012,2012
193,1583.0,KERALA,26.8,28.9,4.4,4.6,154.0,165.0,0.7,0.8,0.14,3.7,40.0,400.0,140.0,900.0,2012,2012
194,1584.0,KERALA,26.0,26.5,6.9,7.0,128.0,138.0,0.2,1.1,0.05,0.12,280.0,400.0,500.0,800.0,2012,2012
195,1585.0,KERALA,27.0,29.0,7.4,7.5,309.0,610.0,0.8,3.0,1.6,10.6,110.0,220.0,220.0,350.0,2012,2012
196,1586.0,KERALA,25.0,27.0,6.4,6.5,145.0,194.0,0.5,0.7,2.6,3.0,50.0,300.0,80.0,500.0,2012,2012
197,1587.0,KERALA,26.0,27.0,6.9,7.4,88.0,1693.0,1.2,2.0,1.4,1.8,40.0,300.0,80.0,500.0,2012,2012
198,1588.0,KERALA,27.0,27.5,5.4,6.8,95.0,103.0,0.3,0.8,1.68,2.4,80.0,140.0,300.0,500.0,2012,2012
199,1589.0,KERALA,28.5,28.5,6.0,6.2,210.0,370.0,0.8,1.0,1.6,3.7,8.0,500.0,30.0,700.0,2012,2012
200,1590.0,KERALA,25.0,25.0,6.8,7.3,118.0,129.0,0.4,0.7,0.21,2.95,2.0,4.0,4.0,60.0,2012,2012
201,1591.0,KERALA,25.5,29.5,5.1,5.3,94.0,118.0,0.2,0.3,4.37,4.7,70.0,170.0,500.0,800.0,2012,2012
202,1592.0,KERALA,26.0,28.0,6.6,7.0,209.0,226.0,0.2,0.6,2.0,9.7,2.0,2.0,21.0,30.0,2012,2012
203,2308.0,KERALA,25.2,27.0,6.6,7.0,188.0,347.0,0.3,0.5,0.07,0.32,40.0,500.0,80.0,700.0,2012,2012
204,2309.0,KERALA,26.0,27.0,5.8,7.1,76.0,100.0,0.4,0.5,4.07,5.1,40.0,70.0,60.0,120.0,2012,2012
205,2310.0,KERALA,25.4,26.0,6.3,6.7,162.0,237.0,0.2,0.6,0.82,4.1,80.0,240.0,130.0,350.0,2012,2012
206,2311.0,KERALA,26.0,26.4,6.2,6.6,97.0,217.0,0.5,1.2,1.87,3.3,110.0,300.0,140.0,500.0,2012,2012
207,2313.0,KERALA,26.0,26.5,6.5,7.0,151.0,195.0,0.2,0.6,2.86,5.0,400.0,700.0,1100.0,1200.0,2012,2012
208,2314.0,KERALA,27.8,28.8,6.0,7.1,34.0,196.0,0.4,2.8,0.16,0.21,300.0,300.0,600.0,700.0,2012,2012
209,2315.0,KERALA,27.8,27.9,7.2,7.2,117.0,1460.0,0.6,2.7,1.9,2.6,110.0,170.0,400.0,500.0,2012,2012
210,2316.0,KERALA,26.0,27.0,4.9,5.7,49.0,59.0,0.3,0.6,0.34,4.2,2.0,2.0,11.0,60.0,2012,2012
211,2317.0,KERALA,26.0,28.5,5.9,6.2,212.0,352.0,0.4,0.6,1.5,2.35,2.0,40.0,11.0,1300.0,2012,2012
212,2320.0,KERALA,28.5,28.5,5.9,6.6,160.0,187.0,0.9,0.9,4.7,4.73,30.0,350.0,80.0,600.0,2012,2012
213,2321.0,KERALA,28.0,28.0,4.5,7.2,200.0,290.0,0.4,0.6,1.1,2.2,170.0,300.0,280.0,1600.0,2012,2012
214,2322.0,KERALA,28.0,28.0,4.5,6.0,210.0,250.0,0.4,0.8,0.5,10.8,11.0,60.0,50.0,400.0,2012,2012
215,2323.0,KERALA,25.0,28.0,6.2,7.0,226.0,260.0,0.5,1.0,5.3,9.8,70.0,500.0,110.0,2200.0,2012,2012
216,2324.0,KERALA,27.0,28.0,6.8,7.9,240.0,389.0,0.3,1.6,2.3,4.7,4.0,21.0,2.0,140.0,2012,2012
217,2327.0,KERALA,23.5,25.0,6.7,7.8,690.0,712.0,0.6,0.8,0.8,0.9,140.0,170.0,300.0,500.0,2012,2012
218,1920.0,MANIPUR,17.0,17.0,,,59.4,59.4,,,0.87,2.96,,,,,2012,2012
219,1406.0,TRIPURA,25.5,28.0,7.74,7.98,334.0,360.0,0.0,0.8,,0.08,,,,,2012,2012
220,1730.0,TRIPURA,26.0,27.0,7.3,7.76,182.0,193.0,,,0.22,0.24,,,,,2012,2012
221,1731.0,TRIPURA,26.0,28.5,7.68,7.94,82.0,94.0,,,,,,,,,2012,2012
222,1732.0,TRIPURA,26.5,27.5,7.56,7.74,108.0,120.0,,,,,,,,,2012,2012
223,1733.0,TRIPURA,27.0,27.5,7.72,7.85,182.0,196.0,,,,,,,,,2012,2012
224,1734.0,TRIPURA,26.0,27.5,7.42,7.62,162.0,178.0,,,,,,,,,2012,2012
225,1634.0,MEGHALAYA,18.0,18.0,6.0,6.0,175.0,215.0,2.4,2.8,4.04,6.3,38.0,63.0,50.0,94.0,2012,2012
226,1635.0,MEGHALAYA,19.0,19.0,5.0,5.0,220.0,255.0,4.0,4.4,10.2,16.4,49.0,70.0,70.0,110.0,2012,2012
227,1636.0,MEGHALAYA,24.0,25.5,6.0,6.5,175.0,260.0,1.0,1.4,1.1,4.5,23.0,36.0,4.3,35.0,2012,2012
228,1637.0,MEGHALAYA,18.0,18.0,6.5,6.5,75.0,92.0,0.22,0.3,3.5,3.9,17.0,23.0,21.0,31.0,2012,2012
229,1638.0,MEGHALAYA,17.0,19.0,5.1,6.5,115.0,125.0,0.8,1.0,5.6,7.2,11.0,14.0,20.0,23.0,2012,2012
230,1644.0,ORISSA,25.0,35.0,7.7,8.1,251.0,911.8,0.8,1.1,4.1,6.933,2.0,2.0,2.0,4.0,2012,2012
231,1645.0,ORISSA,24.0,31.0,6.5,8.2,332.4,605.0,0.4,2.1,2.79,7.739,2.0,2.0,2.0,2.0,2012,2012
232,1646.0,ORISSA,22.0,34.0,7.8,8.1,106.0,134.0,0.8,1.3,0.33,0.477,2.0,2.0,2.0,2.0,2012,2012
233,1647.0,ORISSA,24.0,31.0,6.9,7.7,236.0,322.2,0.9,1.4,0.06,0.905,2.0,2.0,2.0,2.0,2012,2012
234,1648.0,ORISSA,25.0,32.0,7.8,8.3,228.1,396.0,0.8,2.1,0.33,11.39,2.0,2.0,2.0,4.0,2012,2012
235,1649.0,ORISSA,26.0,32.0,5.4,6.1,262.0,314.7,0.6,2.2,2.52,9.289,2.0,2.0,2.0,2.0,2012,2012
236,1650.0,ORISSA,25.0,32.0,6.0,6.5,271.0,272.0,0.4,1.2,1.06,4.327,2.0,2.0,2.0,2.0,2012,2012
237,1651.0,ORISSA,25.0,37.0,6.9,7.3,196.0,321.0,0.8,1.2,0.13,1.865,2.0,5.0,2.0,8.0,2012,2012
238,1652.0,ORISSA,27.0,30.0,5.3,6.9,319.0,427.0,0.5,1.6,0.66,2.494,2.0,2.0,2.0,4.0,2012,2012
239,1654.0,ORISSA,24.0,32.0,5.7,7.4,162.0,204.0,0.8,2.7,1.2,9.607,2.0,2.0,2.0,4.0,2012,2012
240,1655.0,ORISSA,27.0,29.0,7.4,7.8,690.0,1802.0,1.1,1.3,1.97,11.53,2.0,4.0,2.0,8.0,2012,2012
241,1656.0,ORISSA,27.0,27.0,7.7,7.7,1396.0,1396.0,0.9,0.9,11.8,11.84,17.0,17.0,33.0,33.0,2012,2012
242,1657.0,ORISSA,27.0,32.0,7.4,7.5,911.0,1086.0,1.0,1.7,9.59,11.03,2.0,2.0,2.0,6.0,2012,2012
243,1658.0,ORISSA,30.0,30.0,7.8,7.8,573.2,573.2,0.9,0.9,0.85,0.846,2.0,2.0,2.0,2.0,2012,2012
244,1415.0,RAJASTHAN,28.0,28.0,7.65,8.37,2800.0,10400.0,0.9,1.47,1.14,4.2,4.0,7.0,20.0,460.0,2012,2012
245,1416.0,RAJASTHAN,24.0,24.0,8.59,8.64,8400.0,15800.0,18.8,24.12,0.8,2.2,4.0,7.0,28.0,75.0,2012,2012
246,1706.0,RAJASTHAN,30.0,30.0,7.62,7.65,1350.0,1410.0,0.7,1.25,0.16,0.3,3.0,3.0,3.0,7.0,2012,2012
247,4564.0,LAKSHADWEEP,30.3,30.3,,,3195.0,3280.0,,,,,,,,,2019,2019
248,1707.0,RAJASTHAN,32.0,32.0,7.78,7.78,1460.0,1460.0,0.65,0.65,0.38,0.38,3.0,3.0,4.0,4.0,2012,2012
249,1708.0,RAJASTHAN,29.0,29.0,7.51,7.73,1490.0,3100.0,0.15,1.6,0.16,0.98,3.0,4.0,3.0,14.0,2012,2012
250,1709.0,RAJASTHAN,30.0,31.0,7.21,8.06,2500.0,3300.0,0.05,0.35,0.32,4.5,3.0,4.0,3.0,9.0,2012,2012
251,1710.0,RAJASTHAN,29.0,29.0,7.78,8.6,1740.0,2400.0,0.55,1.03,0.38,5.5,3.0,3.0,3.0,7.0,2012,2012
252,1711.0,RAJASTHAN,28.0,28.0,7.61,8.25,1640.0,4300.0,0.4,0.6,0.3,0.48,3.0,3.0,3.0,7.0,2012,2012
253,1712.0,RAJASTHAN,30.0,31.0,7.82,8.57,1520.0,1900.0,0.32,1.05,0.3,0.8,3.0,3.0,3.0,9.0,2012,2012
254,1713.0,RAJASTHAN,29.0,30.0,7.27,8.2,1470.0,1520.0,1.2,5.24,0.08,18.96,3.0,4.0,3.0,20.0,2012,2012
255,1715.0,RAJASTHAN,25.0,27.5,8.38,8.59,1510.0,1860.0,0.45,1.28,2.74,6.0,3.0,3.0,4.0,4.0,2012,2012
256,1720.0,RAJASTHAN,28.0,28.0,7.95,8.08,1050.0,1470.0,0.25,0.34,0.62,1.5,3.0,4.0,7.0,7.0,2012,2012
257,1721.0,RAJASTHAN,30.0,31.0,7.92,8.03,510.0,870.0,0.47,0.7,0.48,1.6,3.0,4.0,7.0,9.0,2012,2012
258,1722.0,RAJASTHAN,28.0,30.0,7.29,7.43,1380.0,1510.0,0.29,0.85,0.08,0.42,3.0,3.0,3.0,4.0,2012,2012
259,1723.0,RAJASTHAN,29.0,31.0,7.44,7.87,3000.0,3100.0,1.0,1.2,0.16,6.0,3.0,4.0,7.0,20.0,2012,2012
260,1724.0,RAJASTHAN,30.0,31.0,7.98,8.21,1250.0,1530.0,0.27,0.55,0.14,1.34,3.0,4.0,4.0,7.0,2012,2012
261,1725.0,RAJASTHAN,28.0,31.0,7.37,7.5,660.0,1800.0,0.33,0.75,0.02,0.38,3.0,4.0,3.0,9.0,2012,2012
262,2015.0,RAJASTHAN,22.0,25.0,7.65,7.7,2900.0,3000.0,2.75,4.53,0.21,0.4,3.0,4.0,7.0,14.0,2012,2012
263,2016.0,RAJASTHAN,23.0,24.0,7.42,7.5,2000.0,2200.0,1.4,14.98,0.08,19.6,3.0,7.0,4.0,14.0,2012,2012
264,2017.0,RAJASTHAN,23.0,23.0,7.4,7.6,2400.0,2600.0,0.95,1.75,0.42,0.74,4.0,7.0,9.0,1100.0,2012,2012
265,2018.0,RAJASTHAN,23.0,25.0,7.5,7.99,4300.0,4700.0,1.25,1.3,1.2,1.6,4.0,4.0,9.0,210.0,2012,2012
266,2019.0,RAJASTHAN,22.0,24.0,7.2,7.88,1710.0,2000.0,0.24,7.2,0.16,1.82,3.0,4.0,4.0,28.0,2012,2012
267,2020.0,RAJASTHAN,22.0,24.0,7.1,8.41,2200.0,2400.0,0.09,10.6,0.92,1.66,3.0,3.0,7.0,7.0,2012,2012
268,2021.0,RAJASTHAN,20.0,24.0,7.37,7.84,1610.0,3100.0,0.7,12.2,1.14,6.24,3.0,4.0,4.0,20.0,2012,2012
269,2022.0,RAJASTHAN,22.0,24.0,7.21,7.64,2300.0,2400.0,1.52,2.1,0.58,11.2,3.0,7.0,7.0,460.0,2012,2012
270,2023.0,RAJASTHAN,21.0,23.0,7.38,7.57,1900.0,2200.0,0.33,0.8,0.72,6.0,3.0,3.0,7.0,7.0,2012,2012
271,2024.0,RAJASTHAN,28.0,30.0,7.18,7.41,1200.0,1400.0,0.65,1.01,0.32,5.48,3.0,4.0,7.0,9.0,2012,2012
272,2025.0,RAJASTHAN,28.0,29.0,7.05,7.58,2400.0,2500.0,0.24,0.55,0.08,0.38,3.0,4.0,4.0,7.0,2012,2012
273,2026.0,RAJASTHAN,28.0,29.0,7.33,7.78,790.0,1020.0,0.85,1.21,0.22,5.48,3.0,3.0,7.0,9.0,2012,2012
274,2027.0,RAJASTHAN,27.0,29.0,7.37,8.13,870.0,970.0,0.26,0.85,0.02,1.14,3.0,3.0,3.0,4.0,2012,2012
275,2028.0,RAJASTHAN,27.0,29.0,7.57,7.9,1190.0,1220.0,0.31,0.4,0.14,0.42,3.0,3.0,3.0,4.0,2012,2012
276,2029.0,RAJASTHAN,22.0,22.0,7.54,8.11,660.0,710.0,0.3,0.8,0.08,0.22,3.0,4.0,7.0,9.0,2012,2012
277,2030.0,RAJASTHAN,22.0,24.0,7.19,7.37,3600.0,4300.0,2.8,6.72,0.48,2.0,4.0,4.0,14.0,14.0,2012,2012
278,3514.0,DELHI,,,6.8,6.8,4410.0,9690.0,,,0.01,229.04,2.0,33.0,2.0,7.0,2019,2019
279,2031.0,RAJASTHAN,23.0,23.0,7.5,7.55,1180.0,1270.0,0.35,2.56,0.14,2.1,4.0,4.0,14.0,39.0,2012,2012
280,2032.0,RAJASTHAN,23.0,23.0,7.28,8.0,4900.0,5300.0,5.0,5.52,0.14,1.76,3.0,4.0,14.0,14.0,2012,2012
281,2033.0,RAJASTHAN,22.0,24.0,7.5,7.7,1200.0,1220.0,0.45,0.8,0.3,2.46,4.0,7.0,9.0,150.0,2012,2012
282,2928.0,PUNJAB,,,7.5,7.5,849.0,849.0,,,2.2,2.2,,,,,2019,2019
283,2957.0,RAJASTHAN,24.0,30.0,8.12,8.32,790.0,1010.0,0.95,2.38,0.64,1.2,3.0,3.0,7.0,7.0,2012,2012
284,2958.0,RAJASTHAN,26.0,34.0,7.3,7.3,4200.0,4200.0,0.65,1.5,0.32,3.0,4.0,14.0,20.0,150.0,2012,2012
285,2959.0,RAJASTHAN,27.3,34.0,7.36,7.41,4300.0,4400.0,0.9,1.05,0.16,1.82,7.0,7.0,28.0,28.0,2012,2012
286,2960.0,RAJASTHAN,26.8,34.0,7.37,7.45,3600.0,4100.0,0.8,1.45,0.14,0.42,4.0,4.0,14.0,14.0,2012,2012
287,2961.0,RAJASTHAN,28.0,33.0,8.24,8.56,770.0,1800.0,0.95,4.01,0.22,5.24,3.0,4.0,3.0,14.0,2012,2012
288,2962.0,RAJASTHAN,28.0,34.0,8.11,8.15,730.0,740.0,1.0,1.4,0.02,2.0,3.0,3.0,7.0,7.0,2012,2012
289,2963.0,RAJASTHAN,29.0,32.0,7.9,8.24,530.0,640.0,0.8,3.01,0.02,2.74,3.0,4.0,3.0,9.0,2012,2012
290,2964.0,RAJASTHAN,28.0,32.0,7.85,8.1,500.0,950.0,0.5,0.8,0.14,1.14,3.0,4.0,4.0,7.0,2012,2012
291,2965.0,RAJASTHAN,22.0,26.0,7.67,8.26,10500.0,12800.0,0.5,1.71,0.16,1.66,4.0,7.0,9.0,2400.0,2012,2012
292,2966.0,RAJASTHAN,26.0,27.0,8.1,8.47,640.0,5000.0,1.0,2.95,0.32,1.2,4.0,4.0,7.0,14.0,2012,2012
293,2967.0,RAJASTHAN,24.0,28.0,7.99,8.24,5800.0,11900.0,0.76,5.4,0.16,0.74,4.0,11.0,14.0,28.0,2012,2012
294,2968.0,RAJASTHAN,26.0,28.0,8.07,8.47,6400.0,9400.0,0.76,5.2,0.32,0.84,4.0,7.0,9.0,210.0,2012,2012
295,2969.0,RAJASTHAN,32.0,32.0,7.24,7.24,880.0,880.0,1.4,1.4,0.72,0.84,4.0,4.0,14.0,14.0,2012,2012
296,2970.0,RAJASTHAN,30.0,32.0,7.18,8.2,950.0,2100.0,1.25,3.4,0.22,0.22,3.0,4.0,3.0,7.0,2012,2012
297,2971.0,RAJASTHAN,31.0,32.0,7.27,7.42,1760.0,1780.0,0.15,0.25,0.14,0.38,3.0,3.0,3.0,7.0,2012,2012
298,2972.0,RAJASTHAN,30.0,30.0,7.44,8.66,2400.0,2400.0,0.25,0.45,0.22,0.38,3.0,3.0,3.0,4.0,2012,2012
299,2973.0,RAJASTHAN,29.0,31.0,7.17,7.38,1560.0,5000.0,0.59,1.7,0.16,0.32,3.0,3.0,4.0,9.0,2012,2012
300,2974.0,RAJASTHAN,29.0,29.0,7.41,7.82,410.0,1310.0,0.2,0.6,0.16,0.48,3.0,4.0,3.0,7.0,2012,2012
301,2975.0,RAJASTHAN,28.0,29.0,7.23,7.35,1560.0,3500.0,0.6,1.8,0.14,0.16,3.0,4.0,3.0,7.0,2012,2012
302,2976.0,RAJASTHAN,26.0,26.0,7.74,7.74,5400.0,5400.0,20.0,20.0,0.3,0.62,4.0,4.0,14.0,14.0,2012,2012
303,2977.0,RAJASTHAN,23.2,25.0,7.53,7.8,18000.0,18600.0,0.7,0.95,0.38,0.38,4.0,4.0,7.0,14.0,2012,2012
304,2982.0,RAJASTHAN,20.0,23.2,7.5,7.96,5500.0,8900.0,3.15,4.05,0.08,0.62,3.0,4.0,9.0,14.0,2012,2012
305,1939.0,WEST BENGAL,28.0,28.0,7.5,7.8,365.0,387.0,0.3,0.4,0.15,0.19,,,,,2012,2012
306,2985.0,RAJASTHAN,20.4,23.4,7.15,7.4,14200.0,14200.0,1.1,1.25,0.14,0.3,3.0,4.0,7.0,14.0,2012,2012
307,2986.0,RAJASTHAN,24.0,33.0,7.63,7.7,8100.0,12100.0,0.1,1.2,0.02,0.42,3.0,4.0,9.0,20.0,2012,2012
308,2987.0,RAJASTHAN,24.0,33.0,7.25,7.54,7600.0,8700.0,0.06,1.2,0.22,0.3,4.0,4.0,7.0,150.0,2012,2012
309,2988.0,RAJASTHAN,24.0,31.0,6.4,7.05,8400.0,10800.0,0.79,1.8,0.14,0.3,4.0,7.0,14.0,210.0,2012,2012
310,2989.0,RAJASTHAN,24.0,33.0,7.4,7.88,9400.0,17000.0,1.24,2.15,0.08,0.08,3.0,3.0,4.0,7.0,2012,2012
311,2990.0,RAJASTHAN,24.0,33.0,7.12,7.75,8400.0,10500.0,0.87,5.29,0.16,0.16,4.0,4.0,14.0,28.0,2012,2012
312,2991.0,RAJASTHAN,24.0,32.0,7.53,7.78,9700.0,13600.0,0.07,0.81,0.16,0.22,4.0,7.0,14.0,20.0,2012,2012
313,2993.0,RAJASTHAN,24.0,30.0,7.31,7.57,19000.0,24000.0,1.27,1.35,0.08,0.08,4.0,4.0,9.0,20.0,2012,2012
314,2997.0,RAJASTHAN,25.0,31.0,7.22,7.5,2000.0,2600.0,1.35,3.4,0.02,0.14,3.0,4.0,9.0,11.0,2012,2012
315,3000.0,RAJASTHAN,29.0,29.0,8.22,8.22,3200.0,3200.0,0.38,0.38,0.08,0.22,3.0,3.0,4.0,4.0,2012,2012
316,3001.0,RAJASTHAN,28.0,29.0,7.28,8.16,1800.0,1820.0,0.45,1.46,0.14,0.14,3.0,4.0,3.0,14.0,2012,2012
317,3002.0,RAJASTHAN,28.0,29.0,7.84,8.49,910.0,950.0,0.92,1.05,0.38,9.0,3.0,3.0,3.0,4.0,2012,2012
318,3003.0,RAJASTHAN,28.0,31.0,7.21,8.4,3300.0,3500.0,0.15,0.81,0.58,2.28,3.0,4.0,4.0,7.0,2012,2012
319,3004.0,RAJASTHAN,30.0,30.0,8.26,8.68,1000.0,1030.0,0.81,1.2,0.3,1.76,3.0,3.0,4.0,7.0,2012,2012
320,3006.0,RAJASTHAN,27.0,28.0,8.41,8.42,1500.0,1510.0,0.22,0.6,0.32,0.74,3.0,3.0,3.0,4.0,2012,2012
321,32.0,TAMILNADU,26.0,29.0,7.43,7.7,1373.0,1418.0,,,0.042,0.343,,,,,2012,2012
322,1397.0,PONDICHERRY,30.0,31.0,6.59,6.65,1914.0,4920.0,,,0.138,0.14,,,,,2012,2012
323,1398.0,PONDICHERRY,33.0,33.0,6.33,6.53,1094.0,1144.0,,,0.055,0.68,,,,,2012,2012
324,1453.0,PONDICHERRY,31.0,32.0,6.49,6.52,558.0,627.0,,,2.2,5.566,,,,,2012,2012
325,1454.0,PONDICHERRY,30.0,31.0,6.02,6.27,184.8,192.1,,,0.4,0.975,,,,,2012,2012
326,1687.0,PONDICHERRY,30.0,30.0,7.18,7.37,1015.0,1101.0,,,1.6,4.38,,,,,2012,2012
327,1688.0,PONDICHERRY,30.0,30.0,6.94,7.16,539.0,643.0,,,0.124,0.4,,,,,2012,2012
328,1689.0,PONDICHERRY,28.0,30.0,7.9,8.9,675.0,718.0,,,0.05,0.05,,,,,2012,2012
329,2009.0,PONDICHERRY,32.0,33.0,6.32,6.38,368.0,484.0,,,3.38,15.39,,,,,2012,2012
330,2010.0,PONDICHERRY,28.0,32.0,5.86,6.05,515.0,734.0,,,3.4,4.193,,,,,2012,2012
331,2011.0,PONDICHERRY,32.0,33.0,6.97,7.18,2.5,2120.0,,,5.7,6.313,,,,,2012,2012
332,2012.0,PONDICHERRY,31.0,31.0,5.95,5.95,280.9,280.9,,,,0.008,,,,,2012,2012
333,2013.0,PONDICHERRY,25.5,29.5,8.1,8.91,1628.0,1740.0,,,0.318,0.318,,,,,2012,2012
334,2014.0,PONDICHERRY,26.0,30.0,8.12,8.52,1348.0,1430.0,,,0.178,0.22,,,,,2012,2012
335,2446.0,PONDICHERRY,28.0,28.0,6.78,6.78,280.0,280.0,,,0.3,0.8,,,,,2012,2012
336,2447.0,PONDICHERRY,28.0,28.0,7.03,7.03,142.7,142.7,,,4.508,4.508,,,,,2012,2012
337,2477.0,UTTAR PRADESH,16.1,25.0,7.42,8.64,1106.0,1570.0,0.5,0.9,0.36,0.42,,,,,2012,2012
338,1736.0,UTTAR PRADESH,25.0,26.0,6.89,6.91,984.0,1164.0,5.0,5.6,,,40.0,60.0,100.0,180.0,2012,2012
339,1737.0,UTTAR PRADESH,24.0,25.0,6.92,6.92,876.0,908.0,3.8,3.9,3.34,4.36,20.0,30.0,60.0,60.0,2012,2012
340,1738.0,UTTAR PRADESH,,,7.25,7.68,633.7,1345.0,1.0,1.0,3.64,3.9,1.8,1.8,1.8,1.8,2012,2012
341,1739.0,UTTAR PRADESH,,,7.04,7.06,3093.0,3233.0,0.6,0.6,5.5,5.5,1.8,1.8,1.8,5400.0,2012,2012
342,1740.0,UTTAR PRADESH,,,7.18,7.29,2570.0,2639.0,0.4,1.0,,20.6,1.8,1.8,1.8,3500.0,2012,2012
343,1741.0,UTTAR PRADESH,,,7.25,7.59,661.2,1375.0,1.0,1.0,,25.2,1.8,1.8,1.8,1.8,2012,2012
344,1742.0,UTTAR PRADESH,,,7.54,8.08,501.1,1055.0,1.0,1.0,,9.2,1.8,1.8,1.8,1.8,2012,2012
345,1744.0,UTTAR PRADESH,27.0,27.0,7.8,7.8,796.4,796.4,2.4,2.4,2.5,3.2,,,20.0,20.0,2012,2012
346,1745.0,UTTAR PRADESH,27.0,27.0,6.94,6.94,548.2,548.2,0.8,0.8,34.5,34.5,,,,,2012,2012
347,1746.0,UTTAR PRADESH,22.0,23.0,7.79,7.81,819.0,901.0,,,8.66,8.66,,,,,2012,2012
348,1747.0,UTTAR PRADESH,22.0,24.0,7.82,7.89,811.0,998.0,,,0.22,0.24,,,10.0,10.0,2012,2012
349,1940.0,WEST BENGAL,29.0,30.0,6.73,7.49,596.0,624.0,0.25,0.7,,0.03,,,,,2012,2012
350,1751.0,UTTAR PRADESH,26.8,27.0,7.4,7.5,240.0,248.0,1.6,1.8,,,,,310.0,340.0,2012,2012
351,1752.0,UTTAR PRADESH,20.0,22.0,7.0,7.5,1363.0,1930.0,1.8,1.8,,,,,4.0,4.0,2012,2012
352,1753.0,UTTAR PRADESH,20.0,22.0,6.8,7.0,1137.0,1152.0,2.2,2.2,2.7,2.83,,,,,2012,2012
353,1754.0,UTTAR PRADESH,20.8,22.0,7.2,7.5,544.0,544.0,2.4,2.4,1.25,1.33,,,,,2012,2012
354,1755.0,UTTAR PRADESH,20.0,22.0,7.3,7.5,810.0,884.0,3.0,3.0,0.07,0.08,,,,,2012,2012
355,1756.0,UTTAR PRADESH,27.2,27.2,7.2,7.2,304.0,304.0,1.8,1.8,1.71,1.77,,,,,2012,2012
356,1757.0,UTTAR PRADESH,26.0,27.2,6.57,6.62,984.0,1273.0,0.7,0.8,,,,,,,2012,2012
357,1758.0,UTTAR PRADESH,27.0,27.0,7.0,7.0,308.0,308.0,1.7,1.7,4.62,7.13,,,,,2012,2012
358,1759.0,UTTAR PRADESH,26.5,27.5,6.64,7.14,800.0,995.0,0.7,0.8,,,,,,,2012,2012
359,1760.0,UTTAR PRADESH,25.8,27.4,6.28,6.52,1028.0,1057.0,1.0,1.2,2.59,4.96,,,,,2012,2012
360,1761.0,UTTAR PRADESH,26.0,27.2,6.98,7.0,880.0,996.0,1.0,1.1,20.3,26.67,,,,,2012,2012
361,2467.0,UTTAR PRADESH,27.8,27.8,7.2,7.2,288.0,288.0,1.6,1.6,0.1,0.6,,,,,2012,2012
362,2468.0,UTTAR PRADESH,27.5,27.5,7.1,7.1,312.0,312.0,1.4,1.4,,,,,,,2012,2012
363,2469.0,UTTAR PRADESH,26.0,27.5,6.62,7.06,991.0,1422.0,0.8,0.8,,,,,,,2012,2012
364,2470.0,UTTAR PRADESH,26.5,27.5,7.13,7.3,1299.0,1360.0,1.0,1.1,5.48,7.17,,,,,2012,2012
365,2471.0,UTTAR PRADESH,24.0,25.0,7.94,7.96,426.0,450.0,1.8,2.2,1.25,5.22,40.0,40.0,80.0,100.0,2012,2012
366,2474.0,UTTAR PRADESH,22.0,24.0,7.77,7.88,788.0,977.0,,,0.28,0.28,,,,,2012,2012
367,2475.0,UTTAR PRADESH,22.0,24.0,8.01,8.11,761.0,799.0,,,0.36,0.38,,,,,2012,2012
368,2478.0,UTTAR PRADESH,,,7.66,7.66,452.1,452.1,2.8,2.8,,,1.8,1.8,1.8,1.8,2012,2012
369,2479.0,UTTAR PRADESH,24.0,26.5,7.2,7.6,224.0,226.0,1.0,1.2,5.8,5.8,,,300.0,340.0,2012,2012
370,1748.0,UTTAR PRADESH,22.0,24.0,7.21,7.29,360.0,390.0,2.0,2.4,0.22,0.26,,,,,2012,2012
371,1766.0,WEST BENGAL,29.0,30.5,7.8,7.94,723.0,737.0,0.9,2.09,9.05,11.29,13.0,13.0,23.0,23.0,2012,2012
372,1767.0,WEST BENGAL,29.5,33.0,7.0,8.04,898.0,1015.0,0.96,2.03,0.29,0.301,,,,,2012,2012
373,1768.0,WEST BENGAL,29.0,34.0,6.6,6.6,783.0,1590.0,1.25,2.84,0.34,0.485,,,,,2012,2012
374,1769.0,WEST BENGAL,32.0,32.0,7.88,7.97,1395.0,1513.0,0.45,0.492,2.93,3.25,,,,,2012,2012
375,1770.0,WEST BENGAL,30.0,32.0,7.78,7.95,2050.0,2130.0,0.3,2.8,0.11,0.19,,,,,2012,2012
376,1771.0,WEST BENGAL,28.0,28.0,7.1,7.6,531.0,740.0,0.2,0.3,0.18,0.18,,,,,2012,2012
377,1772.0,WEST BENGAL,28.0,28.0,7.0,7.4,922.0,1061.0,0.4,0.4,0.14,0.14,,,,,2012,2012
378,1773.0,WEST BENGAL,31.0,32.0,7.57,7.7,1637.0,2070.0,0.1,1.5,0.07,0.1,2.0,2.0,4.0,4.0,2012,2012
379,1774.0,WEST BENGAL,27.0,32.0,7.72,7.81,1676.0,1994.0,0.55,0.8,,0.19,4.0,4.0,7.0,7.0,2012,2012
380,1775.0,WEST BENGAL,28.0,29.0,7.42,8.39,1693.0,1730.0,0.85,2.0,,0.08,8.0,8.0,14.0,27.0,2012,2012
381,1776.0,WEST BENGAL,30.0,32.0,7.9,8.48,1147.0,1200.0,0.3,0.8,,0.07,4.0,4.0,9.0,9.0,2012,2012
382,1777.0,WEST BENGAL,26.0,29.0,7.49,8.17,867.0,877.0,0.7,1.2,0.09,0.1,,,,,2012,2012
383,1778.0,WEST BENGAL,25.0,27.0,7.44,7.51,1091.0,1092.0,0.7,1.65,0.1,0.11,2.0,4.0,4.0,8.0,2012,2012
384,1779.0,WEST BENGAL,28.0,29.0,6.67,7.37,937.0,948.0,0.3,1.6,0.04,0.06,,,,,2012,2012
385,1813.0,WEST BENGAL,27.5,30.0,6.55,7.02,893.0,913.0,1.3,1.5,25.0,26.0,,,,,2012,2012
386,1931.0,WEST BENGAL,27.0,28.0,7.12,7.36,2220.0,2360.0,0.2,0.3,,,80.0,80.0,110.0,110.0,2012,2012
387,1932.0,WEST BENGAL,27.0,28.0,7.19,8.35,908.0,1053.0,0.5,1.2,,0.08,2.0,2.0,4.0,4.0,2012,2012
388,1933.0,WEST BENGAL,26.0,27.0,7.18,7.69,1327.0,1432.0,0.15,0.2,0.06,0.16,,,,,2012,2012
389,1934.0,WEST BENGAL,25.0,26.0,7.16,8.35,2260.0,2370.0,0.6,0.65,0.06,0.13,2.0,2.0,13.0,17.0,2012,2012
390,1935.0,WEST BENGAL,25.0,28.0,7.49,8.15,1410.0,1470.0,0.6,1.05,0.06,0.16,2.0,14.0,13.0,27.0,2012,2012
391,1936.0,WEST BENGAL,27.0,30.0,8.1,8.52,729.0,1589.0,1.0,2.6,,0.08,,,,,2012,2012
392,1937.0,WEST BENGAL,26.0,31.0,7.06,7.95,1870.0,1878.0,0.2,0.4,,0.07,,,,,2012,2012
393,1938.0,WEST BENGAL,28.0,31.0,8.1,8.3,2090.0,2190.0,0.5,0.6,,0.07,,,,2.0,2012,2012
394,1941.0,WEST BENGAL,27.0,28.0,6.74,7.36,379.0,397.0,0.5,0.6,,0.135,,,,,2012,2012
395,1942.0,WEST BENGAL,31.0,32.0,7.41,7.97,7370.0,9830.0,0.9,1.4,,0.148,,,,,2012,2012
396,1943.0,WEST BENGAL,28.5,30.0,7.48,7.74,627.0,635.0,0.3,0.5,0.1,0.16,,,,,2012,2012
397,1944.0,WEST BENGAL,28.0,30.0,6.06,7.15,123.3,123.3,0.75,0.9,0.12,0.13,,,,,2012,2012
398,1945.0,WEST BENGAL,26.0,26.0,7.1,7.4,602.0,645.0,0.2,0.4,0.7,2.22,,,,,2012,2012
399,2510.0,WEST BENGAL,28.0,28.0,8.02,8.53,1008.0,1012.0,0.45,0.6,,,,,,,2012,2012
400,2515.0,WEST BENGAL,26.0,30.0,7.1,7.5,608.0,625.0,0.3,0.5,,0.13,,,,,2012,2012
401,2516.0,WEST BENGAL,26.0,28.0,7.2,7.8,628.0,784.0,0.4,0.5,,0.12,,,2.0,2.0,2012,2012
402,2526.0,WEST BENGAL,22.0,27.0,6.51,6.51,170.0,170.0,1.0,3.3,0.06,0.26,80.0,1200.0,220.0,1700.0,2012,2012
403,2528.0,WEST BENGAL,27.0,27.5,6.5,6.67,343.0,702.0,1.14,2.03,0.45,1.33,,,8.0,8.0,2012,2012
404,2529.0,WEST BENGAL,28.0,28.0,6.58,6.6,458.0,459.0,1.15,1.25,0.35,0.56,,,,,2012,2012
405,2530.0,WEST BENGAL,64.5,65.5,9.3,9.34,564.0,577.0,3.53,4.18,0.65,0.709,,,,,2012,2012
406,2533.0,WEST BENGAL,23.0,27.0,6.8,6.84,745.0,764.0,1.78,2.78,0.07,0.098,,,23.0,23.0,2012,2012
407,2535.0,WEST BENGAL,31.5,33.5,6.6,7.4,453.0,484.0,1.53,1.72,0.71,0.891,,,,,2012,2012
408,2536.0,WEST BENGAL,26.5,28.5,6.5,7.21,1064.0,1089.0,0.71,1.58,0.15,0.182,,,,,2012,2012
409,2537.0,WEST BENGAL,23.5,31.5,5.8,6.0,311.0,323.0,1.34,3.03,3.13,9.438,,,,,2012,2012
410,2538.0,WEST BENGAL,24.5,28.5,6.7,6.79,273.0,293.0,0.53,1.19,1.64,3.41,,,,,2012,2012
411,2540.0,WEST BENGAL,23.0,29.5,7.1,7.94,657.0,1902.0,2.74,3.25,0.55,0.998,,,,,2012,2012
412,2542.0,WEST BENGAL,26.5,28.0,6.8,6.94,513.0,726.0,1.31,1.59,0.15,0.189,,,,,2012,2012
413,2543.0,WEST BENGAL,28.5,29.0,6.2,6.64,126.0,220.0,1.03,2.4,0.09,0.112,,,,,2012,2012
414,2545.0,WEST BENGAL,26.5,29.5,6.72,7.2,1087.0,1410.0,0.78,1.58,1.82,3.429,8.0,8.0,23.0,23.0,2012,2012
415,2546.0,WEST BENGAL,25.0,28.0,7.47,7.49,940.0,1021.0,0.6,0.9,3.29,8.503,4.0,4.0,22.0,22.0,2012,2012
416,2547.0,WEST BENGAL,25.0,27.0,7.86,8.08,249.0,10040.0,0.9,1.1,0.07,0.18,7.0,7.0,33.0,33.0,2012,2012
417,2548.0,WEST BENGAL,27.5,30.0,7.76,8.11,1377.0,1385.0,0.8,0.95,0.11,0.45,,,,,2012,2012
418,1515.0,ANDHRA PRADESH,22.0,24.0,6.95,7.2,1788.0,2160.0,0.5,0.6,1.88,4.28,2.0,2.0,600.0,800.0,2012,2012
419,1516.0,ANDHRA PRADESH,29.0,29.0,7.46,8.04,696.0,1082.0,0.5,0.5,0.48,0.87,2.0,2.0,800.0,800.0,2012,2012
420,1517.0,ANDHRA PRADESH,26.0,27.0,7.39,8.0,1240.0,1662.0,1.4,2.4,2.0,2.6,3.0,12.0,16.0,28.0,2012,2012
421,1518.0,ANDHRA PRADESH,26.0,28.0,7.17,8.2,1650.0,2850.0,1.2,1.6,2.8,8.4,4.0,12.0,12.0,26.0,2012,2012
422,1519.0,ANDHRA PRADESH,18.0,28.0,7.05,7.8,1460.0,2130.0,1.2,1.8,16.1,22.0,2.0,10.0,9.0,16.0,2012,2012
423,1520.0,ANDHRA PRADESH,20.0,26.0,7.36,8.4,829.0,1428.0,1.4,3.0,0.4,14.0,4.0,140.0,6.0,1200.0,2012,2012
424,1521.0,ANDHRA PRADESH,25.0,27.4,7.5,7.54,3120.0,4111.0,1.0,1.0,8.08,13.9,3.0,3.0,4.0,7.0,2012,2012
425,1522.0,ANDHRA PRADESH,25.0,36.0,7.08,7.8,671.0,1580.0,1.0,1.5,1.34,24.1,3.0,3.0,23.0,210.0,2012,2012
426,1523.0,ANDHRA PRADESH,24.2,25.0,7.6,7.71,234.0,370.0,0.8,1.0,0.32,1.68,3.0,3.0,3.0,15.0,2012,2012
427,1524.0,ANDHRA PRADESH,25.0,26.0,7.2,7.38,875.0,1345.0,1.0,1.4,0.76,10.06,3.0,3.0,11.0,23.0,2012,2012
428,1525.0,ANDHRA PRADESH,26.0,26.0,6.9,6.9,1925.0,1925.0,2.5,2.5,6.0,6.0,,,12.0,12.0,2012,2012
429,1791.0,ANDHRA PRADESH,28.0,29.0,6.76,7.43,2610.0,4525.0,0.7,0.7,0.01,0.019,350.0,350.0,1600.0,1600.0,2012,2012
430,1792.0,ANDHRA PRADESH,26.0,28.0,6.87,7.38,2377.0,3120.0,0.3,1.2,40.1,87.0,32.0,32.0,240.0,240.0,2012,2012
431,1793.0,ANDHRA PRADESH,25.0,28.0,7.35,7.93,1664.0,1975.0,1.5,2.3,22.0,25.4,22.0,22.0,1600.0,1600.0,2012,2012
432,1794.0,ANDHRA PRADESH,24.0,29.0,7.66,7.75,910.0,944.0,0.4,1.0,5.6,14.0,21.0,21.0,1600.0,1600.0,2012,2012
433,1795.0,ANDHRA PRADESH,26.0,27.0,7.0,7.2,6870.0,7120.0,12.0,13.0,5.4,16.0,,,120.0,265.0,2012,2012
434,1810.0,ANDHRA PRADESH,28.0,28.0,7.18,7.6,1014.0,2044.0,2.5,3.8,38.0,41.0,,,46.0,62.0,2012,2012
435,1811.0,ANDHRA PRADESH,26.0,27.0,8.2,8.3,1050.0,1100.0,3.2,3.4,0.6,1.2,,15.0,10.0,20.0,2012,2012
436,1534.0,ASSAM,32.0,35.0,4.7,5.8,714.0,847.0,1.9,3.2,0.1,0.14,,,1.0,1.0,2012,2012
437,1535.0,ASSAM,20.0,27.0,6.2,6.7,243.0,365.0,1.2,2.5,0.1,0.25,,,1.0,1.0,2012,2012
438,1536.0,ASSAM,19.0,24.0,6.0,7.1,140.0,175.0,0.9,2.2,0.1,0.17,,,1.0,1.0,2012,2012
439,1537.0,ASSAM,22.0,30.0,6.1,7.0,115.0,430.0,1.4,3.1,0.12,0.28,,,1.0,1.0,2012,2012
440,2576.0,BIHAR,23.0,23.0,7.4,7.42,532.0,564.0,,,,,4.0,7.0,11.0,11.0,2012,2012
441,1538.0,ASSAM,12.0,15.0,6.5,7.1,711.0,913.0,3.9,6.5,0.17,0.31,,,1.0,1.0,2012,2012
442,1539.0,ASSAM,24.0,26.0,6.5,7.5,111.0,562.0,0.4,1.6,0.1,0.19,,,1.0,1.0,2012,2012
443,1540.0,ASSAM,23.0,25.0,6.6,6.9,264.0,630.0,0.8,1.2,0.16,0.4,,,1.0,1.0,2012,2012
444,1541.0,ASSAM,25.0,25.0,6.4,6.9,387.0,476.0,1.0,1.5,0.12,0.26,,,910.0,910.0,2012,2012
445,1542.0,ASSAM,25.0,29.0,7.1,8.1,412.0,561.0,1.9,3.4,0.1,0.1,,,300.0,300.0,2012,2012
446,2243.0,ASSAM,24.0,25.0,5.1,6.1,324.0,532.0,0.5,2.1,3.61,10.54,,,1.0,1.0,2012,2012
447,2244.0,ASSAM,20.0,25.0,6.4,6.8,283.0,286.0,2.7,3.4,0.1,0.2,,,1.0,5.0,2012,2012
448,2245.0,ASSAM,27.0,32.0,5.1,6.3,66.0,104.0,1.3,2.3,0.1,0.22,,,1.0,1.0,2012,2012
449,2246.0,ASSAM,20.0,24.0,6.4,6.8,139.0,468.0,1.7,3.1,0.1,0.2,,,1.0,1.0,2012,2012
450,2247.0,ASSAM,20.0,24.0,6.3,6.3,255.0,292.0,2.5,3.5,0.1,0.21,,,1.0,1.0,2012,2012
451,2248.0,ASSAM,21.0,24.0,5.6,6.3,70.0,483.0,1.5,3.0,0.1,0.13,,,1.0,1.0,2012,2012
452,2249.0,ASSAM,20.0,24.0,6.6,6.8,127.0,142.0,0.4,1.4,0.1,0.17,,,1.0,1.0,2012,2012
453,2250.0,ASSAM,28.0,29.0,6.4,6.8,519.0,839.0,0.8,0.8,0.1,0.15,,,1.0,1.0,2012,2012
454,2251.0,ASSAM,27.0,28.0,6.9,7.2,305.0,313.0,1.7,2.9,0.12,0.19,,,1.0,1.0,2012,2012
455,2252.0,ASSAM,25.0,28.0,6.6,7.4,262.0,266.0,2.0,2.4,0.1,0.14,,,1.0,1.0,2012,2012
456,3003.0,Rajasthan,26.0,27.0,7.6,8.1,2700.0,3000.0,1.6,2.7,3.07,3.0,4.0,4.0,4.0,9.0,2013,2013
457,3004.0,Rajasthan,26.0,28.0,7.7,8.4,1000.0,1700.0,0.7,1.1,0.62,1.0,4.0,4.0,4.0,9.0,2013,2013
458,3150.0,Bihar,22.0,29.0,7.5,7.6,567.0,781.0,,,,,2.0,4.0,4.0,8.0,2013,2013
459,3006.0,Rajasthan,20.0,26.0,8.0,8.4,2000.0,2100.0,0.9,1.8,0.32,2.0,3.0,4.0,4.0,9.0,2013,2013
460,1405.0,TRIPURA,26.0,27.0,7.0,7.7,172.0,188.0,,,0.78,1.0,,,,,2013,2013
461,1406.0,TRIPURA,26.0,27.0,7.4,7.8,342.0,364.0,,,,,,,,,2013,2013
462,1730.0,TRIPURA,26.0,27.0,7.6,7.9,190.0,196.0,,,0.62,1.0,,,,,2013,2013
463,1731.0,TRIPURA,27.0,28.0,7.2,7.8,80.0,105.0,,,0.1,,,,,,2013,2013
464,1732.0,TRIPURA,26.0,27.0,7.5,7.8,110.0,120.0,,,,,,,,,2013,2013
465,1733.0,TRIPURA,27.0,28.0,7.4,7.8,132.0,142.0,,,,,,,,,2013,2013
466,1737.0,Uttar Pradesh,24.0,25.0,7.0,7.0,804.0,844.0,3.6,3.7,3.0,3.42,20.0,60.0,60.0,140.0,2013,2013
467,1738.0,Uttar Pradesh,28.0,28.0,7.4,7.4,835.0,835.0,0.6,0.6,3.0,3.2,,,,,2013,2013
468,1739.0,Uttar Pradesh,28.0,28.0,6.8,6.8,4810.0,4810.0,0.7,0.7,25.0,25.2,,,,,2013,2013
469,1740.0,Uttar Pradesh,28.0,28.0,6.9,6.9,2545.0,2545.0,0.8,0.8,25.0,25.4,,,,,2013,2013
470,1741.0,Uttar Pradesh,28.0,28.0,7.3,7.3,1074.0,1074.0,0.5,0.5,25.0,25.2,,,,,2013,2013
471,1742.0,Uttar Pradesh,21.0,29.0,7.1,7.3,618.0,634.0,0.1,0.1,,0.3,,,,,2013,2013
472,1743.0,Uttar Pradesh,29.0,29.0,6.8,7.0,1206.0,1406.0,0.1,0.2,4.0,25.3,,,,,2013,2013
473,1746.0,Uttar Pradesh,20.0,23.0,7.5,7.8,,,,,,,,,,,2013,2013
474,1747.0,Uttar Pradesh,21.0,22.0,7.8,7.8,689.0,871.0,,,,0.28,,,,,2013,2013
475,1749.0,Uttar Pradesh,24.0,24.0,3.6,7.5,604.0,841.0,,,,0.22,,,,,2013,2013
476,1750.0,Uttar Pradesh,23.0,25.0,7.3,7.8,500.0,660.0,,,1.0,1.15,,,,,2013,2013
477,1751.0,Uttar Pradesh,24.0,24.0,7.2,7.4,800.0,890.0,0.7,1.0,,0.4,,,,,2013,2013
478,1752.0,Uttar Pradesh,21.0,23.0,7.1,7.4,246.0,250.0,1.8,2.1,,0.5,,,,,2013,2013
479,1753.0,Uttar Pradesh,21.0,23.0,7.2,7.3,1190.0,3380.0,2.8,2.9,3.0,3.0,,,,,2013,2013
480,1754.0,Uttar Pradesh,20.0,22.0,7.2,7.5,1700.0,1730.0,2.1,2.4,2.0,2.0,,,,,2013,2013
481,1755.0,Uttar Pradesh,20.0,23.0,7.5,7.5,980.0,1090.0,2.5,2.6,2.0,2.81,,,,,2013,2013
482,1757.0,Uttar Pradesh,23.0,26.0,7.5,7.6,1210.0,1320.0,0.2,0.2,,0.35,,,2.0,2.0,2013,2013
483,1759.0,Uttar Pradesh,24.0,26.0,6.9,7.0,1292.0,1298.0,0.4,0.4,4.0,7.12,,,2.0,2.0,2013,2013
484,1760.0,Uttar Pradesh,23.0,27.0,6.5,6.8,1150.0,1285.0,0.4,2.0,1.0,2.38,,,4.0,4.0,2013,2013
485,1761.0,Uttar Pradesh,24.0,26.0,7.5,7.6,1216.0,1236.0,0.2,0.5,13.0,22.0,,,4.0,4.0,2013,2013
486,2469.0,Uttar Pradesh,24.0,27.0,7.4,7.7,1195.0,1198.0,0.3,0.4,1.0,1.98,,,2.0,2.0,2013,2013
487,2470.0,Uttar Pradesh,23.0,26.0,7.2,7.5,1385.0,1386.0,0.4,0.5,2.0,3.96,,,7.0,7.0,2013,2013
488,2471.0,Uttar Pradesh,23.0,24.0,7.7,7.9,424.0,476.0,2.1,2.5,,0.3,60.0,80.0,140.0,180.0,2013,2013
489,2472.0,Uttar Pradesh,22.0,26.0,7.4,7.5,530.0,1100.0,20.0,20.0,,2.0,,,,,2013,2013
490,2477.0,Uttar Pradesh,21.0,38.0,7.0,8.2,950.0,1200.0,394.0,394.0,,,,,,,2013,2013
491,2478.0,Uttar Pradesh,21.0,29.0,7.1,7.1,569.0,585.0,0.3,0.3,,0.4,,,,,2013,2013
492,2479.0,Uttar Pradesh,25.0,25.0,7.2,7.5,236.0,240.0,0.9,1.0,,8.6,,,200.0,400.0,2013,2013
493,2480.0,Uttar Pradesh,21.0,22.0,7.5,7.5,385.0,388.0,,,,,,,,,2013,2013
494,1748.0,Uttarakhand,20.0,20.0,7.8,7.8,380.0,380.0,2.0,2.0,,,,,,,2013,2013
495,1766.0,WEST BENGAL,30.0,31.0,8.1,8.3,787.0,801.0,0.8,0.8,0.66,1.0,14.0,14.0,21.0,170.0,2013,2013
496,1767.0,WEST BENGAL,27.0,28.0,7.5,8.1,233.0,813.0,0.3,0.8,0.464,1.0,2.0,2.0,4.0,4.0,2013,2013
497,1768.0,WEST BENGAL,27.0,28.0,6.9,7.8,711.0,1260.0,0.6,0.8,3.0,4.164,3.0,3.0,4.0,4.0,2013,2013
498,1769.0,WEST BENGAL,29.0,33.0,7.3,7.5,233.0,3260.0,0.6,1.0,0.04,0.15,,,,,2013,2013
499,1770.0,WEST BENGAL,34.0,34.0,7.4,7.4,2130.0,2130.0,1.4,1.4,,,,,,,2013,2013
500,1771.0,WEST BENGAL,28.0,29.0,7.0,7.2,689.0,729.0,0.6,0.7,0.15,0.4,,,,,2013,2013
501,1772.0,WEST BENGAL,27.0,28.0,6.8,7.4,832.0,1077.0,0.9,1.8,0.37,1.0,8.0,8.0,,,2013,2013
502,1773.0,WEST BENGAL,27.0,32.0,7.4,7.8,1771.0,1830.0,0.5,1.5,0.08,0.34,,,11.0,11.0,2013,2013
503,1774.0,WEST BENGAL,28.0,34.0,7.3,7.7,1647.0,1786.0,0.5,1.7,,,23.0,23.0,30.0,80.0,2013,2013
504,1775.0,WEST BENGAL,27.0,34.0,7.3,7.3,1779.0,1850.0,0.6,1.5,0.05,1.0,,,4.0,4.0,2013,2013
505,1776.0,WEST BENGAL,26.0,31.0,7.3,7.6,1090.0,1136.0,0.4,1.3,,,,,8.0,8.0,2013,2013
506,1777.0,WEST BENGAL,28.0,29.0,7.5,7.5,895.0,928.0,0.5,1.2,,,2.0,2.0,,,2013,2013
507,1778.0,WEST BENGAL,27.0,29.0,7.5,7.5,713.0,714.0,0.3,2.1,,,,,,,2013,2013
508,1779.0,WEST BENGAL,27.0,29.0,7.4,7.5,925.0,932.0,0.5,1.1,,,,,,,2013,2013
509,1813.0,WEST BENGAL,27.0,30.0,7.3,7.4,723.0,739.0,0.6,1.6,,,,,,,2013,2013
510,1931.0,WEST BENGAL,28.0,30.0,7.2,7.2,2180.0,2400.0,0.3,0.5,0.02,0.82,14.0,22.0,50.0,300.0,2013,2013
511,1932.0,WEST BENGAL,27.0,33.0,7.3,7.6,897.0,1228.0,0.3,1.2,0.04,1.0,,,,,2013,2013
512,1933.0,WEST BENGAL,27.0,28.0,7.3,7.4,1290.0,1792.0,0.4,1.0,,,,,,,2013,2013
513,1934.0,WEST BENGAL,27.0,29.0,7.4,7.7,287.0,2380.0,0.5,0.5,,,1.0,220.0,1600.0,1600.0,2013,2013
514,1935.0,WEST BENGAL,28.0,34.0,7.3,7.3,1478.0,1479.0,0.3,1.2,0.03,0.9,,,,,2013,2013
515,1936.0,WEST BENGAL,25.0,32.0,7.7,7.7,842.0,865.0,0.5,0.6,,,,,22.0,22.0,2013,2013
516,1937.0,WEST BENGAL,27.0,34.0,7.0,7.9,1472.0,1973.0,0.5,0.7,0.2,1.0,,,2.0,2.0,2013,2013
517,1938.0,WEST BENGAL,27.0,29.0,7.3,7.9,2120.0,2250.0,0.7,2.5,0.27,1.0,2.0,13.0,3.0,4.0,2013,2013
518,1939.0,WEST BENGAL,28.0,29.0,7.2,7.4,368.0,374.0,0.4,0.8,0.21,1.0,17.0,17.0,,,2013,2013
519,1941.0,WEST BENGAL,27.0,28.0,7.5,7.7,396.0,404.0,0.6,2.2,,,,,,,2013,2013
520,1940.0,WEST BENGAL,27.0,29.0,7.6,7.9,192.0,512.0,0.5,1.2,,,,,,,2013,2013
521,1942.0,WEST BENGAL,31.0,32.0,6.6,7.8,1027.0,1989.0,0.6,1.1,,,,,,,2013,2013
522,1943.0,WEST BENGAL,31.0,34.0,6.9,7.8,545.0,571.0,1.1,1.3,,,,,,,2013,2013
523,1944.0,WEST BENGAL,30.0,30.0,6.6,6.7,105.0,119.0,1.1,1.3,1.45,2.56,,,,,2013,2013
524,1945.0,WEST BENGAL,23.0,28.0,6.6,7.4,530.0,620.0,0.3,1.0,0.21,1.0,,,,,2013,2013
525,2510.0,WEST BENGAL,29.0,30.0,7.3,8.4,986.0,986.0,0.3,0.8,,,,,,,2013,2013
526,2515.0,WEST BENGAL,28.0,30.0,7.4,7.9,485.0,533.0,0.1,0.8,0.3,1.0,,,,,2013,2013
527,2516.0,WEST BENGAL,27.0,27.0,6.9,7.2,561.0,643.0,0.5,0.8,0.22,1.02,,,,,2013,2013
528,2526.0,WEST BENGAL,18.0,22.0,6.8,7.7,147.0,163.0,1.7,1.8,1.41,2.0,1.0,50.0,70.0,130.0,2013,2013
529,2548.0,WEST BENGAL,28.0,34.0,7.0,8.0,1478.0,1693.0,0.5,0.6,0.49,0.88,,4.0,4.0,11.0,2013,2013
530,2635.0,HIMACHAL PRADESH,,,8.4,8.4,100.0,100.0,,,0.578,1.0,,,,,2013,2013
531,2540.0,WEST BENGAL,27.0,28.0,7.1,7.8,1635.0,2240.0,0.7,1.3,0.188,1.0,2.0,2.0,2.0,23.0,2013,2013
532,2538.0,WEST BENGAL,28.0,29.0,7.0,7.7,283.0,313.0,0.5,1.5,0.978,1.0,,,,,2013,2013
533,2537.0,WEST BENGAL,28.0,28.0,6.2,7.4,480.0,607.0,0.8,0.9,3.124,4.0,3.0,3.0,2.0,2.0,2013,2013
534,2536.0,WEST BENGAL,27.0,29.0,6.8,7.6,1017.0,1027.0,0.3,0.9,6.68,8.0,,,,,2013,2013
535,2535.0,WEST BENGAL,28.0,29.0,6.9,7.9,499.0,530.0,0.2,0.4,0.224,,,,,,2013,2013
536,2533.0,WEST BENGAL,28.0,30.0,7.5,8.2,963.0,970.0,0.5,1.2,0.712,1.0,,,,,2013,2013
537,2530.0,WEST BENGAL,67.0,67.0,9.0,9.3,582.0,592.0,0.8,7.8,0.336,,,,,,2013,2013
538,2547.0,WEST BENGAL,28.0,32.0,6.9,7.5,1052.0,10080.0,0.3,1.5,0.01,0.7,2.0,7.0,300.0,300.0,2013,2013
539,2546.0,WEST BENGAL,27.0,31.0,7.5,7.7,1030.0,1046.0,0.3,0.5,0.02,0.02,8.0,8.0,2.0,11.0,2013,2013
540,2529.0,WEST BENGAL,28.0,30.0,7.0,7.2,557.0,627.0,0.3,0.4,0.832,1.0,,,,,2013,2013
541,2545.0,WEST BENGAL,27.0,29.0,7.2,7.8,1239.0,1461.0,0.5,0.6,5.664,6.0,8.0,8.0,13.0,13.0,2013,2013
542,1513.0,ANDHRA PRADESH,20.0,20.0,7.7,7.7,1534.0,1534.0,0.6,0.6,3.6,4.0,1.0,20.0,3.0,120.0,2013,2013
543,1514.0,ANDHRA PRADESH,21.0,21.0,7.8,7.8,1536.0,1536.0,0.6,0.6,1.2,1.0,,,400.0,400.0,2013,2013
544,1515.0,ANDHRA PRADESH,22.0,22.0,6.8,6.8,1830.0,1830.0,0.6,0.6,2.1,2.0,,,600.0,600.0,2013,2013
545,1516.0,ANDHRA PRADESH,22.0,22.0,8.5,8.5,771.0,771.0,0.6,0.6,0.68,1.0,,,600.0,600.0,2013,2013
546,1517.0,ANDHRA PRADESH,26.0,29.0,7.4,8.6,1200.0,1200.0,2.0,2.4,2.6,3.0,,,700.0,700.0,2013,2013
547,1518.0,ANDHRA PRADESH,25.0,27.0,7.5,8.0,900.0,1200.0,2.5,2.7,0.05,,40.0,40.0,100.0,100.0,2013,2013
548,1519.0,ANDHRA PRADESH,27.0,30.0,7.6,8.0,1000.0,1200.0,2.0,2.4,0.5,,50.0,80.0,20.0,210.0,2013,2013
549,1520.0,ANDHRA PRADESH,27.0,37.5,7.8,8.0,1000.0,1200.0,0.2,2.9,1.9,2.0,26.0,50.0,100.0,386.0,2013,2013
550,1521.0,ANDHRA PRADESH,26.0,26.0,7.2,7.2,1459.0,1459.0,1.2,1.2,9.633,10.0,30.0,60.0,120.0,950.0,2013,2013
551,1522.0,ANDHRA PRADESH,25.0,28.0,7.1,7.7,568.0,1067.0,,,2.08,2.0,,,15.0,15.0,2013,2013
552,1523.0,ANDHRA PRADESH,26.0,26.0,7.0,7.0,248.0,248.0,,,0.19,,,,4.0,11.0,2013,2013
553,1524.0,ANDHRA PRADESH,25.0,25.0,6.9,6.9,1841.0,1841.0,1.2,1.2,2.34,2.0,,,28.0,28.0,2013,2013
554,1525.0,ANDHRA PRADESH,29.0,29.0,7.8,7.8,1772.0,1772.0,0.8,0.8,5.0,5.0,,,4.0,4.0,2013,2013
555,1795.0,ANDHRA PRADESH,29.0,29.0,7.8,7.8,2950.0,2950.0,5.6,5.6,15.0,15.0,4.0,4.0,10.0,10.0,2013,2013
556,1744.0,UTTAR PRADESH,30.0,30.0,7.5,7.5,848.0,848.0,0.0,0.0,,,2.0,2.0,2.0,2.0,2019,2019
557,1810.0,ANDHRA PRADESH,29.0,29.0,8.0,8.0,2265.0,2265.0,1.4,1.4,8.0,8.0,10.0,10.0,65.0,65.0,2013,2013
558,1811.0,ANDHRA PRADESH,29.0,29.0,7.8,7.8,2076.0,2076.0,,,1.0,1.0,,,25.0,25.0,2013,2013
559,3087.0,ANDHRA PRADESH,20.0,20.0,8.0,8.0,1990.0,1990.0,0.8,0.8,4.68,5.0,,,600.0,600.0,2013,2013
560,3088.0,ANDHRA PRADESH,22.0,22.0,6.8,6.8,1548.0,1548.0,0.4,0.4,0.62,1.0,2.0,2.0,400.0,400.0,2013,2013
561,2543.0,WEST BENGAL,28.0,29.0,5.9,6.6,119.0,123.0,0.3,0.9,3.652,4.0,,,,,2013,2013
562,3089.0,ANDHRA PRADESH,26.0,26.0,6.8,6.8,3380.0,3380.0,1.2,1.2,10.29,10.0,,,7.0,7.0,2013,2013
563,3090.0,ANDHRA PRADESH,27.0,27.0,7.2,7.2,2972.0,2972.0,1.0,1.0,16.61,17.0,240.0,240.0,2400.0,2400.0,2013,2013
564,3091.0,ANDHRA PRADESH,26.0,26.0,6.8,6.8,2882.0,2882.0,1.0,1.0,16.51,17.0,,,11.0,11.0,2013,2013
565,3092.0,ANDHRA PRADESH,26.0,26.0,7.5,7.5,1009.0,1009.0,1.0,1.0,8.7,9.0,,,150.0,150.0,2013,2013
566,3093.0,ANDHRA PRADESH,26.0,26.0,6.9,6.9,2040.0,2040.0,1.0,1.0,9.71,10.0,,,7.0,7.0,2013,2013
567,1533.0,Assam,21.0,24.0,6.2,6.7,203.0,748.0,0.9,1.5,0.57,1.0,,,,,2013,2013
568,1534.0,Assam,24.0,24.0,5.8,5.8,347.0,347.0,1.7,1.7,0.63,1.0,,,,,2013,2013
569,1535.0,Assam,24.0,24.0,6.5,7.2,396.0,612.0,0.9,2.6,0.62,1.0,,,,,2013,2013
570,1536.0,Assam,24.0,30.0,6.0,6.7,118.0,262.0,2.1,3.9,0.53,1.0,,,,,2013,2013
571,1537.0,Assam,24.0,25.0,6.3,7.0,412.0,517.0,1.4,4.3,0.89,1.0,,,,,2013,2013
572,1538.0,Assam,18.0,19.0,6.2,7.2,106.0,520.0,1.2,3.6,2.2,,,,,,2013,2013
573,1539.0,Assam,26.0,27.0,6.8,7.4,591.0,1065.0,1.5,2.1,0.7,1.0,,,,,2013,2013
574,1540.0,Assam,24.0,29.0,6.0,6.1,184.0,314.0,1.7,1.9,4.0,6.0,,,,,2013,2013
575,1541.0,Assam,24.0,26.0,6.6,7.5,206.0,450.0,0.4,1.1,0.12,1.0,,,,,2013,2013
576,1542.0,Assam,22.0,23.0,6.0,6.7,340.0,740.0,0.8,1.8,5.7,6.0,910.0,910.0,730.0,2100.0,2013,2013
577,2243.0,Assam,21.0,22.0,5.3,6.0,417.0,506.0,0.6,0.6,1.3,1.3,,,,,2013,2013
578,2244.0,Assam,22.0,25.0,6.3,7.0,288.0,418.0,2.9,3.0,3.4,3.4,,,,,2013,2013
579,2245.0,Assam,24.0,30.0,5.4,6.1,100.0,361.0,1.7,2.7,0.79,1.0,,,360.0,360.0,2013,2013
580,2246.0,Assam,21.0,23.0,6.2,6.6,162.0,270.0,1.6,1.9,0.63,1.0,,,,,2013,2013
581,2247.0,Assam,20.0,23.0,6.6,6.8,274.0,752.0,0.4,1.8,0.5,1.0,,,,,2013,2013
582,2248.0,Assam,20.0,27.0,6.1,6.6,73.0,212.0,1.1,2.8,1.01,1.0,,,,,2013,2013
583,2249.0,Assam,22.0,25.0,6.1,6.9,159.0,264.0,0.9,2.1,1.67,2.0,,,360.0,360.0,2013,2013
584,2250.0,Assam,29.0,29.0,7.1,7.1,910.0,910.0,2.3,2.3,1.3,1.3,,,,,2013,2013
585,2251.0,Assam,28.0,30.0,6.8,7.2,309.0,331.0,0.9,0.9,0.42,,,,,,2013,2013
586,2252.0,Assam,24.0,25.0,6.6,6.7,257.0,260.0,1.6,5.0,0.53,,,,,,2013,2013
587,2253.0,Assam,26.0,30.0,6.6,7.0,270.0,293.0,0.8,1.5,1.44,1.44,,,,,2013,2013
588,2254.0,Assam,25.0,28.0,7.3,7.5,649.0,1370.0,0.9,1.8,2.57,3.05,,,,,2013,2013
589,2255.0,Assam,24.0,29.0,5.9,6.7,160.0,472.0,1.4,2.8,5.0,5.0,,,360.0,360.0,2013,2013
590,2256.0,Assam,27.0,29.0,5.8,6.1,110.0,166.0,1.2,3.9,0.43,0.43,,,,,2013,2013
591,2257.0,Assam,28.0,28.0,6.4,7.5,434.0,702.0,1.9,2.5,0.9,1.0,,,,,2013,2013
592,2258.0,Assam,23.0,23.0,6.1,6.1,253.0,253.0,3.2,3.2,3.43,3.43,,,,,2013,2013
593,2259.0,Assam,26.0,26.0,7.0,7.0,1307.0,1307.0,2.0,2.0,0.87,1.0,,,,,2013,2013
594,2261.0,Assam,17.0,18.0,7.1,7.1,92.0,196.0,0.5,0.8,0.7,1.0,,,,,2013,2013
595,2262.0,Assam,16.0,16.0,6.7,6.7,181.0,181.0,1.2,1.2,4.41,5.0,,,,,2013,2013
596,2263.0,Assam,18.0,18.0,5.9,7.1,95.0,113.0,0.7,1.3,0.23,0.23,,,,,2013,2013
597,2264.0,Assam,15.0,18.0,5.9,7.2,206.0,472.0,0.8,1.3,1.25,1.25,,,,,2013,2013
598,1825.0,Bihar,30.0,30.0,7.6,7.6,1130.0,1130.0,,,,,,,,,2013,2013
599,1826.0,Bihar,29.0,29.0,7.5,7.5,25.0,25.0,,,,,,,,,2013,2013
600,1827.0,Bihar,28.0,28.0,7.2,7.2,532.0,532.0,,,,,,,,,2013,2013
601,1828.0,Bihar,28.0,28.0,7.4,7.4,662.0,662.0,,,,,,,,,2013,2013
602,1829.0,Bihar,28.0,28.0,8.2,8.2,580.0,580.0,,,,,,,,,2013,2013
603,1830.0,Bihar,30.0,30.0,7.5,7.5,771.0,771.0,,,,,,,,,2013,2013
604,1831.0,Bihar,31.0,31.0,7.6,7.6,1271.0,1271.0,,,,,,,,,2013,2013
605,1832.0,Bihar,25.0,26.0,7.4,7.6,,,,,,,8.0,13.0,13.0,22.0,2013,2013
606,1833.0,Bihar,25.0,26.0,7.3,7.6,,,,,,,2.0,11.0,4.0,21.0,2013,2013
607,1834.0,Bihar,26.0,26.0,7.5,7.5,,,,,,,11.0,11.0,21.0,26.0,2013,2013
608,1835.0,Bihar,26.0,26.0,7.4,7.5,,,,,,,8.0,9.0,17.0,22.0,2013,2013
609,1836.0,Bihar,25.0,28.0,7.4,7.8,,,,,,,4.0,7.0,11.0,13.0,2013,2013
610,1837.0,Bihar,28.0,28.0,7.4,7.8,,,,,,,2.0,9.0,4.0,22.0,2013,2013
611,1838.0,Bihar,26.0,28.0,7.2,7.6,,,,,,,4.0,4.0,8.0,8.0,2013,2013
612,1839.0,Bihar,26.0,28.0,7.4,7.6,,,,,,,8.0,8.0,17.0,17.0,2013,2013
613,1840.0,Bihar,36.0,36.0,7.6,7.6,339.0,339.0,,,,,7.0,7.0,14.0,14.0,2013,2013
614,1841.0,Bihar,31.0,31.0,8.2,8.2,735.0,735.0,,,,,9.0,9.0,23.0,23.0,2013,2013
615,1842.0,Bihar,28.0,28.0,8.2,8.2,425.0,425.0,,,,,,,,,2013,2013
616,1843.0,Bihar,30.0,30.0,8.0,8.0,534.0,534.0,,,,,23.0,23.0,75.0,75.0,2013,2013
617,1844.0,Bihar,23.0,23.0,7.7,7.7,,,,,,,,,,,2013,2013
618,2576.0,Bihar,26.0,31.0,7.4,8.2,672.0,672.0,,,,,2.0,20.0,4.0,75.0,2013,2013
619,2577.0,Bihar,24.0,29.0,7.1,7.5,,,,,,,2.0,8.0,4.0,21.0,2013,2013
620,2578.0,Bihar,21.0,30.0,7.4,7.7,676.0,1140.0,,,,,8.0,8.0,17.0,23.0,2013,2013
621,2579.0,Bihar,23.0,29.0,7.4,7.4,515.0,691.0,,,,,2.0,2.0,4.0,4.0,2013,2013
622,2580.0,Bihar,28.0,30.0,7.5,7.6,782.0,1210.0,,,,,4.0,4.0,7.0,7.0,2013,2013
623,2581.0,Bihar,28.0,30.0,7.8,7.8,576.0,793.0,,,,,7.0,23.0,14.0,50.0,2013,2013
624,2582.0,Bihar,24.0,24.0,7.8,7.8,469.0,598.0,,,,,2.0,4.0,4.0,11.0,2013,2013
625,2583.0,Bihar,23.0,23.0,7.8,7.8,612.0,612.0,,,,,7.0,7.0,14.0,14.0,2013,2013
626,2584.0,Bihar,30.0,30.0,8.0,8.0,562.0,562.0,,,,,4.0,4.0,11.0,11.0,2013,2013
627,2585.0,Bihar,25.0,26.0,7.4,7.8,516.0,516.0,,,,,14.0,14.0,39.0,39.0,2013,2013
628,2586.0,Bihar,25.0,26.0,7.5,7.6,,,,,,,4.0,7.0,11.0,17.0,2013,2013
629,2587.0,Bihar,24.0,26.0,7.4,7.6,,,,,,,4.0,9.0,9.0,27.0,2013,2013
630,2588.0,Bihar,24.0,28.0,7.6,7.6,,,,,,,4.0,4.0,8.0,11.0,2013,2013
631,2589.0,Bihar,26.0,30.0,7.7,7.7,,,,,,,2.0,7.0,4.0,14.0,2013,2013
632,2590.0,Bihar,32.0,32.0,8.0,8.0,568.0,592.0,,,,,4.0,17.0,8.0,30.0,2013,2013
633,2591.0,Bihar,30.0,30.0,8.6,8.6,640.0,640.0,,,,,2.0,2.0,4.0,4.0,2013,2013
634,2592.0,Bihar,30.0,30.0,8.2,8.2,530.0,530.0,,,,,23.0,23.0,93.0,93.0,2013,2013
635,2593.0,Bihar,25.0,28.0,7.4,7.5,548.0,548.0,,,,,20.0,20.0,75.0,75.0,2013,2013
636,1687.0,PONDICHERRY,30.0,32.0,7.1,7.4,1223.0,1303.0,,,0.78,1.0,,,,,2013,2013
637,2594.0,Bihar,28.0,31.0,7.6,7.7,,,,,,,4.0,13.0,8.0,22.0,2013,2013
638,2595.0,Bihar,28.0,28.0,7.7,7.7,524.0,1125.0,,,,,4.0,13.0,7.0,22.0,2013,2013
639,2596.0,Bihar,23.0,23.0,7.7,7.7,565.0,565.0,,,,,,,,,2013,2013
640,2597.0,Bihar,32.0,32.0,7.8,7.8,525.0,525.0,,,,,7.0,7.0,14.0,14.0,2013,2013
641,2598.0,Bihar,30.0,30.0,7.4,7.4,716.0,716.0,,,,,,,,,2013,2013
642,2599.0,Bihar,28.0,28.0,7.5,7.5,538.0,538.0,,,,,4.0,4.0,9.0,9.0,2013,2013
643,2600.0,Bihar,23.0,23.0,7.5,7.5,984.0,984.0,,,,,,,,,2013,2013
644,3138.0,Bihar,24.0,30.0,7.5,7.6,576.0,649.0,,,,,,,,,2013,2013
645,3139.0,Bihar,26.0,28.0,7.6,7.6,,,,,,,7.0,8.0,14.0,14.0,2013,2013
646,3140.0,Bihar,30.0,30.0,7.2,7.2,1200.0,1200.0,,,,,4.0,4.0,11.0,11.0,2013,2013
647,3141.0,Bihar,28.0,28.0,8.0,8.0,568.0,568.0,,,,,23.0,23.0,43.0,43.0,2013,2013
648,3142.0,Bihar,33.0,33.0,8.2,8.2,623.0,623.0,,,,,,,,,2013,2013
649,3143.0,Bihar,28.0,28.0,6.8,6.8,1980.0,1980.0,,,,,13.0,13.0,23.0,23.0,2013,2013
650,3144.0,Bihar,25.0,29.0,7.4,7.6,,,,,,,2.0,2.0,4.0,4.0,2013,2013
651,3145.0,Bihar,29.0,29.0,8.4,8.4,557.0,557.0,,,,,15.0,15.0,43.0,43.0,2013,2013
652,3146.0,Bihar,22.0,30.0,7.9,7.9,456.0,677.0,,,,,8.0,8.0,17.0,17.0,2013,2013
653,3147.0,Bihar,24.0,31.0,8.2,8.2,996.0,996.0,,,,,4.0,11.0,7.0,33.0,2013,2013
654,3148.0,Bihar,26.0,28.0,7.4,7.7,,,,,,,7.0,8.0,13.0,14.0,2013,2013
655,3149.0,Bihar,32.0,32.0,8.2,8.2,568.0,568.0,,,,,,,,,2013,2013
656,3151.0,Bihar,22.0,30.0,6.9,7.1,809.0,1110.0,,,,,2.0,2.0,8.0,8.0,2013,2013
657,3152.0,Bihar,28.0,28.0,7.5,7.5,342.0,342.0,,,,,9.0,9.0,13.0,13.0,2013,2013
658,3153.0,Bihar,34.0,34.0,8.0,8.0,682.0,682.0,,,,,,,,,2013,2013
659,3154.0,Bihar,30.0,30.0,8.4,8.4,648.0,648.0,,,,,15.0,15.0,43.0,43.0,2013,2013
660,3155.0,Bihar,27.0,28.0,7.4,7.6,,,,,,,2.0,8.0,4.0,17.0,2013,2013
661,3156.0,Bihar,28.0,31.0,7.3,7.3,590.0,1200.0,,,,,,,,,2013,2013
662,3157.0,Bihar,25.0,26.0,7.2,7.6,,,,,,,2.0,2.0,4.0,4.0,2013,2013
663,3158.0,Bihar,32.0,32.0,8.4,8.4,715.0,715.0,,,,,23.0,23.0,93.0,93.0,2013,2013
664,3159.0,Bihar,23.0,30.0,7.3,7.6,612.0,880.0,,,,,7.0,11.0,14.0,30.0,2013,2013
665,3161.0,Bihar,25.0,26.0,7.4,7.5,,,,,,,4.0,4.0,8.0,9.0,2013,2013
666,2542.0,WEST BENGAL,28.0,31.0,6.4,6.7,140.0,891.0,0.4,4.5,0.088,1.04,,,,,2013,2013
667,3162.0,Bihar,29.0,29.0,7.5,7.5,918.0,918.0,,,,,,,,,2013,2013
668,2528.0,WEST BENGAL,28.0,29.0,7.1,7.4,741.0,757.0,0.6,0.9,0.382,1.0,,,,,2013,2013
669,1620.0,Chhattisgarh,22.0,34.0,7.4,8.0,468.0,696.0,0.2,0.6,1.0,3.0,,,2.0,4.0,2013,2013
670,1621.0,Chhattisgarh,24.0,34.0,7.1,7.8,460.0,585.0,0.4,1.0,1.1,2.0,,,4.0,11.0,2013,2013
671,1622.0,Chhattisgarh,29.0,30.0,7.5,7.8,572.0,670.0,,,1.2,2.0,,,6.0,8.0,2013,2013
672,1623.0,Chhattisgarh,29.0,29.0,8.0,8.5,1494.0,2038.0,,,3.807,4.0,,,8.0,10.0,2013,2013
673,3448.0,UTTARAKHAND,25.0,30.0,7.3,7.4,296.0,490.0,1.2,8.0,,,,,,,2019,2019
674,3171.0,Chhattisgarh,26.0,30.0,7.4,7.5,,,0.9,1.1,0.29,0.55,,,9.0,120.0,2013,2013
675,3172.0,Chhattisgarh,26.0,28.0,6.8,7.0,,,0.2,0.2,0.4,1.0,,,,,2013,2013
676,3173.0,Chhattisgarh,26.0,29.0,7.1,7.2,,,0.4,0.6,0.8,1.0,,,120.0,120.0,2013,2013
677,3174.0,Chhattisgarh,26.0,28.0,7.1,7.2,,,0.4,0.4,0.6,1.0,,,2.0,2.0,2013,2013
678,1440.0,Daman & Diu,29.0,32.0,6.9,7.3,899.0,1568.0,,,4.1,4.0,,,,,2013,2013
679,2448.0,"Daman, Diu, Dadra Nagar Haveli",29.0,31.0,6.8,6.8,765.0,885.0,6.0,6.0,7.9,10.0,,,,,2013,2013
680,2450.0,"Daman, Diu, Dadra Nagar Haveli",30.0,30.0,7.0,7.0,624.0,624.0,,,2.5,3.0,,,,,2013,2013
681,2451.0,"Daman, Diu, Dadra Nagar Haveli",31.0,31.0,7.0,7.0,1639.0,1639.0,12.0,12.0,5.4,5.0,,,,,2013,2013
682,2452.0,"Daman, Diu, Dadra Nagar Haveli",31.0,31.0,7.2,7.2,1383.0,1383.0,8.0,8.0,15.4,15.0,,,,,2013,2013
683,2453.0,"Daman, Diu, Dadra Nagar Haveli",32.0,32.0,6.7,6.7,485.0,485.0,,,0.9,1.0,,,,,2013,2013
684,2455.0,"Daman, Diu, Dadra Nagar Haveli",31.0,31.0,6.7,6.7,2942.0,2942.0,,,1.1,1.0,,,,,2013,2013
685,2458.0,"Daman, Diu, Dadra Nagar Haveli",31.0,31.0,7.2,7.2,2656.0,2656.0,,,0.5,1.0,,,,,2013,2013
686,2277.0,Goa,32.0,33.0,6.7,7.2,222.0,440.0,1.0,2.2,0.04,1.04,11.0,11.0,14.0,14.0,2013,2013
687,2278.0,Goa,29.0,33.0,6.4,6.8,109.0,248.0,0.5,1.0,0.01,1.55,17.0,17.0,21.0,21.0,2013,2013
688,2279.0,Goa,32.0,33.0,6.6,6.8,257.0,268.0,0.8,0.9,0.141,1.26,,,,,2013,2013
689,2280.0,Goa,30.0,32.0,5.1,5.9,206.0,239.0,0.4,0.6,0.21,1.54,,,,,2013,2013
690,2281.0,Goa,30.0,32.0,5.4,5.7,40.0,93.0,0.4,1.5,0.998,1.99,,,560.0,560.0,2013,2013
691,2282.0,Goa,33.0,33.0,6.2,6.9,173.0,266.0,0.7,0.7,0.491,3.26,,,,,2013,2013
692,3193.0,Goa,31.0,36.0,6.2,6.8,288.0,570.0,0.5,0.5,0.035,0.25,2.0,2.0,13.0,13.0,2013,2013
693,3194.0,Goa,,,,,159.0,973.0,,,0.327,1.05,450.0,450.0,180.0,680.0,2013,2013
694,3195.0,Goa,31.0,32.0,5.2,6.0,60.0,135.0,0.4,1.4,0.828,1.0,,,,,2013,2013
695,6.0,Gujarat,,,,,250.0,250.0,,,,,,,,,2013,2013
696,1948.0,Gujarat,28.0,28.0,7.3,7.3,72683.0,72683.0,,,1.812,2.0,221000.0,221000.0,750.0,750.0,2013,2013
697,1949.0,Gujarat,28.0,28.0,7.7,7.7,57523.0,57523.0,24.0,24.0,0.173,,30.0,30.0,930.0,930.0,2013,2013
698,1950.0,Gujarat,29.0,30.0,7.5,7.6,41040.0,87790.0,1.0,2.0,0.11,,11.0,30.0,16000.0,170000.0,2013,2013
699,1951.0,Gujarat,27.0,27.0,8.0,8.0,48000.0,48000.0,1.0,1.0,400.0,400.0,,,1600.0,1600.0,2013,2013
700,1952.0,Gujarat,28.0,28.0,8.4,8.4,309.0,309.0,3.0,3.0,510.1,510.0,,,3300.0,3300.0,2013,2013
701,1953.0,Gujarat,30.0,30.0,8.0,8.0,377.0,377.0,1.0,1.0,400.0,400.0,,,1600.0,1600.0,2013,2013
702,1954.0,Gujarat,26.0,29.0,7.6,7.7,286.0,312.0,1.0,1.0,380.0,370.0,9.0,9.0,1400.0,4900.0,2013,2013
703,1955.0,Gujarat,32.0,32.0,7.6,7.6,1230.0,1230.0,1.0,1.0,330.0,330.0,,,1700.0,1700.0,2013,2013
704,1956.0,Gujarat,26.0,32.0,7.5,8.5,295.0,977.0,1.0,2.0,440.0,1.0,4.0,280.0,4.0,221000.0,2013,2013
705,1957.0,Gujarat,30.0,30.0,7.7,7.7,394.0,394.0,5.0,5.0,2.999,3.0,200.0,200.0,64.0,64.0,2013,2013
706,1958.0,Gujarat,26.0,26.0,7.8,7.8,424.0,424.0,1.0,1.0,2.81,3.0,200.0,200.0,4.0,4.0,2013,2013
707,1959.0,Gujarat,27.0,27.0,8.1,8.1,387.0,387.0,2.0,2.0,2.7,3.0,70.0,70.0,210.0,210.0,2013,2013
708,1960.0,Gujarat,30.0,30.0,7.8,7.8,444.0,444.0,1.0,1.0,3.74,4.0,210.0,210.0,93.0,93.0,2013,2013
709,1961.0,Gujarat,27.0,27.0,8.1,8.1,343.0,343.0,1.0,1.0,2.968,3.0,60.0,60.0,28.0,28.0,2013,2013
710,1962.0,Gujarat,27.0,31.0,7.2,8.2,239.0,239.0,0.4,0.7,3.195,3.0,11.0,11.0,1500.0,2400.0,2013,2013
711,1963.0,Gujarat,28.0,29.0,7.5,8.1,270.0,305.0,0.8,18.0,3.144,3.0,23.0,460.0,210.0,430.0,2013,2013
712,1964.0,Gujarat,28.0,28.0,7.0,7.0,282.0,282.0,2.0,2.0,3.734,4.0,17.0,17.0,930.0,930.0,2013,2013
713,1734.0,TRIPURA,27.0,28.0,7.4,7.6,186.0,210.0,,,,,,,,,2013,2013
714,1965.0,Gujarat,26.0,26.0,7.5,7.5,482.0,482.0,2.0,2.0,3.874,4.0,140.0,140.0,2400.0,2400.0,2013,2013
715,1966.0,Gujarat,,,,,303.0,303.0,,,3.871,4.0,70.0,70.0,1500.0,1500.0,2013,2013
716,1967.0,Gujarat,,,,,363.0,363.0,,,6.02,6.0,4.0,4.0,1500.0,1500.0,2013,2013
717,1968.0,Gujarat,,,,,295.0,295.0,,,5.116,5.0,,,750.0,750.0,2013,2013
718,1969.0,Gujarat,,,,,304.0,330.0,,,0.245,,9.0,15.0,140.0,630.0,2013,2013
719,1970.0,Gujarat,,,,,244.0,576.0,,,5.81,1.0,7.0,9.0,22.0,110.0,2013,2013
720,2083.0,Gujarat,,,,,,,,,,,,,2.0,4.0,2013,2013
721,1555.0,HIMACHAL PRADESH,16.0,26.0,6.8,7.8,319.0,379.0,0.6,0.8,0.1,3.0,1.0,2.0,2.0,5.0,2013,2013
722,1556.0,HIMACHAL PRADESH,16.0,25.0,7.1,7.4,362.0,402.0,0.6,0.8,0.12,1.22,1.0,3.0,3.0,6.0,2013,2013
723,1557.0,HIMACHAL PRADESH,21.0,21.0,7.5,7.5,316.0,316.0,0.6,0.6,,,2.0,2.0,2.0,2.0,2013,2013
724,1558.0,HIMACHAL PRADESH,,,7.3,7.3,311.0,311.0,0.1,0.1,3.18,3.99,2.0,2.0,2.0,2.0,2013,2013
725,1559.0,HIMACHAL PRADESH,,,7.1,8.0,214.0,368.0,0.2,1.0,2.62,8.0,,,12.0,12.0,2013,2013
726,1560.0,HIMACHAL PRADESH,,,7.5,8.5,260.0,847.0,0.1,1.0,1.86,3.0,2.0,2.0,2.0,2.0,2013,2013
727,1561.0,HIMACHAL PRADESH,19.0,21.0,7.2,7.7,695.0,724.0,0.4,0.5,2.48,4.0,,,,,2013,2013
728,1562.0,HIMACHAL PRADESH,18.0,19.0,7.9,8.0,591.0,698.0,0.4,0.5,2.64,3.56,,,,,2013,2013
729,1588.0,HIMACHAL PRADESH,28.0,29.0,5.6,8.3,220.0,263.0,0.8,2.1,,2.0,20.0,50.0,170.0,180.0,2013,2013
730,1872.0,HIMACHAL PRADESH,4.0,17.0,6.9,8.1,142.0,782.0,0.2,54.0,8.48,12.44,12.0,1344.0,42.0,3360.0,2013,2013
731,1873.0,HIMACHAL PRADESH,16.0,19.0,5.6,7.1,272.0,298.0,0.6,0.8,4.43,5.0,,,,,2013,2013
732,1874.0,HIMACHAL PRADESH,16.0,22.0,7.2,8.3,150.0,738.0,0.1,2.0,9.66,10.0,2.0,152.0,10.0,264.0,2013,2013
733,1875.0,HIMACHAL PRADESH,19.0,24.0,7.5,7.9,283.0,615.0,3.2,20.0,2.0,3.0,49.0,130.0,170.0,920.0,2013,2013
734,1876.0,HIMACHAL PRADESH,22.0,22.0,7.2,7.2,283.0,283.0,0.1,0.1,0.1,,2.0,2.0,2.0,2.0,2013,2013
735,2634.0,HIMACHAL PRADESH,13.0,13.0,7.1,7.1,166.0,166.0,12.0,12.0,4.97,5.0,2.0,2.0,8.0,8.0,2013,2013
736,1877.0,HIMACHAL PRADESH,,,7.0,8.2,235.0,339.0,0.2,1.0,5.56,2.0,2.0,2.0,2.0,2.0,2013,2013
737,1878.0,HIMACHAL PRADESH,,,7.1,8.1,241.0,367.0,0.1,0.8,,,2.0,2.0,4.0,4.0,2013,2013
738,1879.0,HIMACHAL PRADESH,,,7.1,8.7,392.0,712.0,0.1,2.0,7.89,3.0,2.0,2.0,2.0,2.0,2013,2013
739,1880.0,HIMACHAL PRADESH,16.0,28.0,6.7,7.2,327.0,438.0,0.8,0.8,0.16,,1.0,2.0,3.0,4.0,2013,2013
740,1881.0,HIMACHAL PRADESH,16.0,25.0,6.4,7.8,301.0,352.0,0.8,0.8,0.18,,1.0,2.0,3.0,4.0,2013,2013
741,1882.0,HIMACHAL PRADESH,18.0,18.0,7.7,7.9,790.0,817.0,0.4,0.7,4.89,4.0,,,,,2013,2013
742,1883.0,HIMACHAL PRADESH,18.0,18.0,7.8,7.8,583.0,711.0,0.3,0.8,1.25,1.0,,,,,2013,2013
743,2628.0,HIMACHAL PRADESH,15.0,17.0,6.8,7.8,210.0,711.0,1.6,2.8,1.98,,2.0,2.0,2.0,2.0,2013,2013
744,2629.0,HIMACHAL PRADESH,18.0,20.0,7.5,8.6,372.0,511.0,2.8,3.2,0.762,,2.0,2.0,2.0,2.0,2013,2013
745,2630.0,HIMACHAL PRADESH,17.0,18.0,7.1,7.5,769.0,1030.0,1.0,12.0,5.2,2.0,,,,,2013,2013
746,2631.0,HIMACHAL PRADESH,17.0,18.0,6.4,6.9,687.0,755.0,0.4,12.0,5.1,4.0,,,,,2013,2013
747,2632.0,HIMACHAL PRADESH,18.0,20.0,7.6,8.6,430.0,809.0,2.8,3.2,6.59,2.0,2.0,2.0,2.0,2.0,2013,2013
748,2633.0,HIMACHAL PRADESH,17.0,17.0,7.6,7.9,281.0,401.0,1.6,2.0,0.252,,2.0,2.0,2.0,2.0,2013,2013
749,2473.0,Uttar Pradesh,24.0,26.0,7.3,7.6,900.0,1100.0,,,,0.4,,,,,2013,2013
750,2636.0,HIMACHAL PRADESH,18.0,18.0,6.9,7.1,660.0,683.0,0.5,6.0,2.4,,,,,,2013,2013
751,2637.0,HIMACHAL PRADESH,15.0,18.0,6.8,7.6,1460.0,1660.0,0.2,9.0,5.38,5.0,,,,,2013,2013
752,2638.0,HIMACHAL PRADESH,17.0,19.0,7.4,8.3,596.0,957.0,0.4,6.0,4.2,1.0,,,,,2013,2013
753,2639.0,HIMACHAL PRADESH,16.0,18.0,6.0,8.0,79.0,181.0,0.3,2.0,1.46,1.0,,,,,2013,2013
754,2640.0,HIMACHAL PRADESH,22.0,24.0,7.3,8.0,351.0,353.0,0.2,0.3,1.5,2.0,,,,,2013,2013
755,2641.0,HIMACHAL PRADESH,15.0,15.0,6.8,7.6,715.0,729.0,0.4,0.8,,,,,,,2013,2013
756,2642.0,HIMACHAL PRADESH,17.0,17.0,6.6,8.8,108.0,191.0,0.4,1.8,,,,,,,2013,2013
757,2644.0,HIMACHAL PRADESH,22.0,23.0,7.3,7.6,120.0,586.0,0.2,1.0,0.218,,2.0,2.0,2.0,8.0,2013,2013
758,2645.0,HIMACHAL PRADESH,16.0,24.0,7.0,7.5,366.0,441.0,0.8,0.8,0.19,,2.0,2.0,2.0,9.0,2013,2013
759,2646.0,HIMACHAL PRADESH,15.0,24.0,6.7,7.9,268.0,1194.0,0.6,0.8,0.17,,1.0,2.0,3.0,6.0,2013,2013
760,2647.0,HIMACHAL PRADESH,17.0,18.0,7.4,7.5,633.0,713.0,0.9,4.5,0.08,,,,,,2013,2013
761,2759.0,Jammu & Kashmir,14.0,27.0,6.4,6.8,460.0,487.0,,,0.424,1.03,,,,,2013,2013
762,2760.0,Jammu & Kashmir,13.0,28.0,6.2,6.8,312.0,320.0,,,0.65,1.0,,,,,2013,2013
763,2761.0,Jammu & Kashmir,12.0,28.0,6.2,6.2,92.0,92.0,,,0.914,1.0,,,,,2013,2013
764,2762.0,Jammu & Kashmir,11.0,26.0,8.1,8.5,1800.0,2000.0,,,2.4,2.66,,,,,2013,2013
765,19.0,Kerala,27.0,29.0,6.2,6.7,52.0,194.0,0.6,0.9,0.29,4.0,2.0,200.0,500.0,700.0,2013,2013
766,22.0,Kerala,27.0,28.0,6.5,6.8,128.0,133.0,0.6,0.8,0.7,2.0,60.0,110.0,170.0,220.0,2013,2013
767,35.0,Kerala,23.0,24.0,5.6,5.8,214.0,280.0,0.5,0.6,8.1,8.0,11.0,11.0,40.0,50.0,2013,2013
768,1581.0,Kerala,29.0,29.0,5.4,6.0,310.0,370.0,1.0,1.1,,1.0,50.0,110.0,90.0,300.0,2013,2013
769,1582.0,Kerala,29.0,30.0,6.6,7.2,153.0,180.0,0.8,0.8,,1.0,20.0,70.0,70.0,210.0,2013,2013
770,1583.0,Kerala,23.0,23.0,4.7,4.8,76.0,92.0,0.5,0.5,4.3,4.0,10.0,11.0,110.0,140.0,2013,2013
771,1584.0,Kerala,28.0,28.0,7.5,7.6,145.0,268.0,1.9,3.2,0.04,,170.0,280.0,270.0,500.0,2013,2013
772,1585.0,Kerala,29.0,29.0,7.6,7.7,149.0,740.0,1.3,1.6,6.79,7.0,2.0,500.0,480.0,2600.0,2013,2013
773,1586.0,Kerala,27.0,28.0,5.6,6.0,105.0,140.0,0.5,0.7,0.77,2.0,2.0,170.0,4.0,1100.0,2013,2013
774,1587.0,Kerala,27.0,28.0,6.1,6.1,210.0,308.0,0.3,0.7,6.96,8.0,2.0,240.0,40.0,900.0,2013,2013
775,1589.0,Kerala,28.0,29.0,6.5,7.0,182.0,260.0,1.1,1.1,0.28,6.0,20.0,40.0,110.0,400.0,2013,2013
776,1590.0,Kerala,24.0,26.0,6.6,6.7,83.0,108.0,0.5,0.6,1.6,2.0,2.0,340.0,8.0,600.0,2013,2013
777,1591.0,Kerala,28.0,28.0,4.7,6.6,108.0,153.0,0.4,0.6,1.6,3.0,40.0,120.0,210.0,300.0,2013,2013
778,1592.0,Kerala,27.0,30.0,5.8,6.1,176.0,200.0,0.2,3.4,2.7,3.0,11.0,80.0,90.0,110.0,2013,2013
779,2308.0,Kerala,27.0,29.0,6.9,7.0,138.0,357.0,0.3,0.8,1.94,2.0,200.0,210.0,400.0,600.0,2013,2013
780,2309.0,Kerala,28.0,29.0,6.1,6.7,102.0,169.0,0.4,0.5,2.71,5.0,300.0,310.0,500.0,600.0,2013,2013
781,2310.0,Kerala,27.0,28.0,6.6,6.9,128.0,177.0,0.4,0.7,2.75,5.0,200.0,400.0,400.0,1100.0,2013,2013
782,2311.0,Kerala,28.0,29.0,6.1,7.1,100.0,146.0,0.6,1.0,1.93,2.0,70.0,200.0,210.0,400.0,2013,2013
783,2313.0,Kerala,28.0,28.0,7.8,7.9,225.0,225.0,0.3,0.8,,,400.0,540.0,600.0,800.0,2013,2013
784,2314.0,Kerala,23.0,24.0,5.5,6.0,172.0,220.0,1.2,1.5,5.2,8.0,21.0,27.0,110.0,120.0,2013,2013
785,2315.0,Kerala,24.0,25.0,8.2,8.4,450.0,520.0,2.0,2.4,3.3,3.0,11.0,11.0,50.0,80.0,2013,2013
786,2316.0,Kerala,27.0,28.0,4.8,6.7,40.0,49.0,0.3,0.9,1.3,1.0,2.0,90.0,4.0,210.0,2013,2013
787,2317.0,Kerala,27.0,30.0,5.4,5.9,139.0,302.0,0.7,0.7,3.5,6.0,11.0,7.4,260.0,800.0,2013,2013
788,2320.0,Kerala,28.0,29.0,6.5,6.7,144.0,190.0,0.4,0.6,2.6,5.0,140.0,500.0,270.0,700.0,2013,2013
789,2321.0,Kerala,28.0,30.0,4.3,7.3,300.0,348.0,0.3,2.4,4.7,9.0,20.0,170.0,130.0,1300.0,2013,2013
790,2322.0,Kerala,29.0,30.0,4.1,6.8,240.0,319.0,1.1,1.4,1.4,2.0,20.0,40.0,110.0,180.0,2013,2013
791,2323.0,Kerala,28.0,28.0,6.1,6.3,279.0,370.0,0.8,1.6,1.11,1.0,110.0,300.0,600.0,1300.0,2013,2013
792,2324.0,Kerala,27.0,28.0,5.8,6.8,50.0,1670.0,0.6,0.8,0.66,1.0,2.0,300.0,4.0,1400.0,2013,2013
793,2327.0,Kerala,29.0,30.0,8.4,8.7,650.0,699.0,0.4,0.6,0.05,3.0,60.0,1100.0,80.0,1600.0,2013,2013
794,3463.0,Kerala,27.0,28.0,6.5,6.7,85.0,118.0,1.0,1.2,1.0,5.0,280.0,1200.0,430.0,3400.0,2013,2013
795,3472.0,Kerala,27.0,29.0,6.8,7.0,430.0,1094.0,0.9,1.0,2.0,2.0,90.0,400.0,210.0,500.0,2013,2013
796,3474.0,Kerala,26.0,30.0,4.9,6.9,174.0,240.0,0.6,3.4,3.1,3.0,110.0,800.0,540.0,1600.0,2013,2013
797,3475.0,Kerala,27.0,28.0,4.5,5.4,54.0,110.0,0.1,0.3,1.5,2.0,,80.0,31.0,240.0,2013,2013
798,1593.0,Lakshadweep,27.0,31.0,7.1,8.2,829.0,1139.0,,,,,4500.0,4500.0,1000.0,260000.0,2013,2013
799,1594.0,Lakshadweep,28.0,31.0,7.0,8.0,1183.0,1611.0,,,,,2000.0,9000.0,5000.0,329000.0,2013,2013
800,1595.0,Lakshadweep,28.0,31.0,7.2,8.0,652.0,932.0,,,,,500.0,92000.0,13000.0,120000.0,2013,2013
801,1596.0,Lakshadweep,27.0,31.0,7.3,8.2,463.0,686.0,,,,,6000.0,87500.0,4833.0,175000.0,2013,2013
802,1598.0,Lakshadweep,27.0,31.0,7.5,8.1,610.0,679.0,,,,,3000.0,3000.0,8000.0,79183.0,2013,2013
803,1599.0,Lakshadweep,27.0,31.0,7.2,8.2,604.0,856.0,,,,,,,9000.0,68000.0,2013,2013
804,1600.0,Lakshadweep,27.0,30.0,6.9,7.9,850.0,1024.0,,,,,1000.0,18000.0,1000.0,118000.0,2013,2013
805,1601.0,Lakshadweep,27.0,31.0,7.0,7.8,1021.0,2950.0,,,,,,,4000.0,192000.0,2013,2013
806,1602.0,Lakshadweep,27.0,32.0,7.1,8.0,1237.0,1810.0,,,,,400.0,1500.0,5000.0,43000.0,2013,2013
807,1603.0,Lakshadweep,28.0,39.0,7.0,8.2,1018.0,3140.0,,,,,500.0,500.0,12000.0,244000.0,2013,2013
808,1605.0,Lakshadweep,28.0,31.0,7.2,8.0,946.0,1253.0,,,,,500.0,1000.0,1680.0,119000.0,2013,2013
809,1606.0,Lakshadweep,29.0,31.0,7.2,8.0,716.0,1159.0,,,,,1000.0,164500.0,37000.0,1520000.0,2013,2013
810,1616.0,Madhya Pradesh,24.0,24.0,7.9,7.9,1730.0,1730.0,6.2,6.2,0.1,,,,,,2013,2013
811,1617.0,Madhya Pradesh,27.0,27.0,6.8,6.8,277.0,277.0,1.7,1.7,12.05,12.0,,,22.0,22.0,2013,2013
812,1618.0,Madhya Pradesh,29.0,34.0,7.4,7.4,910.0,950.0,1.2,1.4,0.64,1.0,,,,,2013,2013
813,1619.0,Madhya Pradesh,29.0,29.0,7.3,7.3,850.0,850.0,1.3,1.3,0.43,,,,,,2013,2013
814,2143.0,Madhya Pradesh,21.0,21.0,7.3,7.5,410.0,447.0,1.9,5.0,0.46,,,,,,2013,2013
815,2144.0,Madhya Pradesh,19.0,19.0,7.5,7.5,392.0,392.0,0.9,0.9,0.46,,,,,,2013,2013
816,2145.0,Madhya Pradesh,,,7.5,7.5,2220.0,2220.0,2.0,2.0,4.28,5.08,,,,,2013,2013
817,2146.0,Madhya Pradesh,7.8,7.8,7.8,7.8,5630.0,5630.0,1.2,1.2,6.0,6.32,,,,,2013,2013
818,2148.0,Madhya Pradesh,29.0,29.0,8.1,8.1,2220.0,2220.0,1.8,1.8,2.0,2.15,,,,,2013,2013
819,2149.0,Madhya Pradesh,30.0,30.0,7.6,7.6,1068.0,1068.0,1.4,1.4,2.64,3.0,,,,,2013,2013
820,2153.0,Madhya Pradesh,25.0,25.0,8.1,8.1,1710.0,1710.0,6.4,6.4,,,,,,,2013,2013
821,3327.0,Madhya Pradesh,23.0,23.0,7.4,7.4,340.0,340.0,1.0,1.0,,0.22,,,,,2013,2013
822,3335.0,Madhya Pradesh,18.0,22.0,7.1,7.8,478.0,486.0,1.4,1.4,,0.15,,,75.0,75.0,2013,2013
823,3336.0,Madhya Pradesh,21.0,21.0,7.2,7.2,471.0,471.0,1.0,1.0,0.43,0.97,,,,,2013,2013
824,3338.0,Madhya Pradesh,29.0,29.0,7.4,7.4,280.0,280.0,0.9,0.9,0.5,1.0,,,,,2013,2013
825,2004.0,Maharashtra,,,7.4,7.4,2066.0,2066.0,2.2,2.2,1.62,2.0,,,70.0,70.0,2013,2013
826,2005.0,Maharashtra,,,7.6,7.6,1498.0,1498.0,2.4,2.4,1.38,1.0,,,90.0,90.0,2013,2013
827,2006.0,Maharashtra,,,7.1,7.1,191.0,191.0,2.8,2.8,1.18,1.0,,,70.0,70.0,2013,2013
828,2007.0,Maharashtra,25.0,25.0,7.2,7.2,2183.0,2183.0,2.2,2.2,1.9,2.0,2.0,2.0,90.0,90.0,2013,2013
829,2008.0,Maharashtra,25.0,25.0,7.5,7.5,1275.0,1275.0,2.4,2.4,3.16,3.0,2.0,2.0,110.0,110.0,2013,2013
830,2202.0,Maharashtra,27.0,27.0,6.9,6.9,173.0,173.0,2.4,2.4,0.84,1.0,,,80.0,80.0,2013,2013
831,2829.0,Maharashtra,,,7.9,7.9,967.0,967.0,2.0,2.0,2.04,2.0,,,90.0,90.0,2013,2013
832,2830.0,Maharashtra,,,7.5,7.5,397.0,397.0,2.4,2.4,1.68,2.0,,,80.0,80.0,2013,2013
833,2831.0,Maharashtra,25.0,25.0,8.0,8.0,455.0,455.0,2.4,2.4,0.88,1.0,2.0,2.0,80.0,80.0,2013,2013
834,2832.0,Maharashtra,28.0,28.0,7.1,7.1,86.0,86.0,2.8,2.8,0.56,1.0,,,90.0,90.0,2013,2013
835,2833.0,Maharashtra,28.0,28.0,7.8,7.8,307.0,307.0,2.0,2.0,0.74,1.0,,,70.0,70.0,2013,2013
836,2834.0,Maharashtra,28.0,28.0,7.2,7.2,187.0,187.0,2.2,2.2,1.36,1.0,,,60.0,60.0,2013,2013
837,2835.0,Maharashtra,28.0,28.0,7.2,7.2,89.0,89.0,2.8,2.8,1.58,2.0,,,90.0,90.0,2013,2013
838,1993.0,Maharashtra,28.0,28.0,7.6,7.6,673.0,673.0,4.0,4.0,0.057,,3.0,3.0,70.0,70.0,2013,2013
839,2200.0,Maharashtra,30.0,30.0,7.0,7.0,2968.0,2968.0,3.0,3.0,0.126,,2.0,2.0,90.0,90.0,2013,2013
840,2201.0,Maharashtra,28.0,28.0,7.5,7.5,2032.0,2032.0,5.0,5.0,0.186,,3.0,3.0,80.0,80.0,2013,2013
841,2474.0,Maharashtra,20.0,22.0,7.7,7.9,611.0,801.0,,,0.28,,,,,,2013,2013
842,2475.0,Maharashtra,21.0,22.0,8.0,8.1,661.0,751.0,,,0.46,,,,,,2013,2013
843,2825.0,Maharashtra,28.0,28.0,7.9,7.9,1954.0,1954.0,4.0,4.0,0.135,,3.0,3.0,80.0,80.0,2013,2013
844,1986.0,Maharashtra,27.0,27.0,8.5,8.5,880.0,880.0,4.0,4.0,0.1,,13.0,13.0,20.0,20.0,2013,2013
845,1987.0,Maharashtra,22.0,22.0,7.3,7.3,878.0,878.0,4.0,4.0,0.9,1.0,11.0,11.0,20.0,20.0,2013,2013
846,1988.0,Maharashtra,27.0,27.0,8.3,8.3,1154.0,1154.0,4.2,4.2,0.4,,9.0,9.0,17.0,17.0,2013,2013
847,1990.0,Maharashtra,25.0,25.0,7.7,7.7,1218.0,1218.0,3.2,3.2,4.91,5.0,,,,,2013,2013
848,1991.0,Maharashtra,26.0,26.0,7.7,7.7,981.0,981.0,2.8,2.8,4.97,5.0,34.0,34.0,110.0,110.0,2013,2013
849,1997.0,Maharashtra,30.0,30.0,8.3,8.3,1360.0,1360.0,4.6,4.6,2.98,3.0,11.0,11.0,21.0,21.0,2013,2013
850,1999.0,Maharashtra,28.0,28.0,7.8,7.8,1006.0,1006.0,7.0,7.0,2.24,2.0,17.0,17.0,22.0,22.0,2013,2013
851,2002.0,Maharashtra,27.0,27.0,8.3,8.3,540.0,540.0,6.0,6.0,2.24,2.0,11.0,11.0,26.0,26.0,2013,2013
852,2827.0,Maharashtra,22.0,22.0,7.8,7.8,892.0,892.0,6.8,6.8,2.37,2.0,170.0,170.0,280.0,280.0,2013,2013
853,1985.0,Maharashtra,22.0,22.0,7.9,7.9,1517.0,1517.0,4.2,4.2,1.0,1.0,17.0,17.0,30.0,30.0,2013,2013
854,1994.0,Maharashtra,22.0,22.0,8.1,8.1,810.0,810.0,5.0,5.0,1.399,1.0,23.0,23.0,30.0,30.0,2013,2013
855,1995.0,Maharashtra,22.0,22.0,8.2,8.2,810.0,810.0,5.8,5.8,4.43,4.0,14.0,14.0,26.0,26.0,2013,2013
856,1996.0,Maharashtra,27.0,27.0,7.9,7.9,1094.0,1094.0,6.8,6.8,7.8,8.0,13.0,13.0,22.0,22.0,2013,2013
857,1998.0,Maharashtra,22.0,22.0,7.7,7.7,1502.0,1502.0,8.0,8.0,4.43,4.0,11.0,11.0,27.0,27.0,2013,2013
858,2000.0,Maharashtra,27.0,27.0,7.6,7.6,1016.0,1016.0,7.0,7.0,8.26,8.0,26.0,26.0,33.0,33.0,2013,2013
859,2003.0,Maharashtra,20.0,20.0,8.8,8.8,1310.0,1310.0,5.8,5.8,10.3,10.0,13.0,13.0,21.0,21.0,2013,2013
860,2204.0,Maharashtra,26.0,26.0,8.1,8.1,614.0,614.0,2.8,2.8,3.25,3.0,,,,,2013,2013
861,2819.0,Maharashtra,28.0,28.0,8.2,8.2,2515.0,2515.0,4.6,4.6,6.6,7.0,30.0,30.0,425.0,425.0,2013,2013
862,2826.0,Maharashtra,22.0,22.0,8.2,8.2,898.0,898.0,5.2,5.2,10.1,10.0,11.0,11.0,30.0,30.0,2013,2013
863,2828.0,Maharashtra,22.0,22.0,8.2,8.2,498.0,498.0,5.0,5.0,3.22,3.0,9.0,9.0,14.0,14.0,2013,2013
864,2203.0,Maharashtra,23.0,23.0,8.2,8.2,692.0,692.0,5.6,5.6,1.55,2.0,11.0,11.0,70.0,70.0,2013,2013
865,1989.0,Maharashtra,28.0,28.0,8.4,8.4,233.0,233.0,3.8,3.8,0.1,,25.0,25.0,45.0,45.0,2013,2013
866,2820.0,Maharashtra,22.0,24.0,8.7,8.9,615.0,1022.0,3.4,4.0,0.43,10.2,14.0,30.0,275.0,350.0,2013,2013
867,1634.0,Meghalaya,17.0,18.0,6.6,6.9,195.0,220.0,2.6,3.0,8.0,8.0,21.0,23.0,39.0,43.0,2013,2013
868,1635.0,Meghalaya,18.0,20.0,5.1,5.7,220.0,250.0,1.2,4.2,15.1,15.0,28.0,31.0,52.0,58.0,2013,2013
869,1637.0,Meghalaya,17.0,19.0,6.5,6.6,75.0,87.0,0.5,0.6,6.0,6.0,9.0,12.0,17.0,26.0,2013,2013
870,1638.0,Meghalaya,15.0,20.0,6.0,6.6,120.0,131.0,0.5,0.6,7.2,7.0,8.0,11.0,13.0,17.0,2013,2013
871,3385.0,Meghalaya,16.0,18.0,6.8,7.0,30.0,34.0,1.0,1.2,2.8,2.8,4.0,9.0,21.0,29.0,2013,2013
872,3386.0,Meghalaya,46.0,50.0,9.5,9.7,330.0,342.0,1.0,1.0,0.8,0.8,2.0,8.0,9.0,10.0,2013,2013
873,2054.0,Mizoram,16.0,22.0,5.3,8.3,11.0,435.0,1.0,2.8,0.079,0.079,,,,,2013,2013
874,2055.0,Mizoram,15.0,22.0,6.7,8.8,11.0,533.0,0.2,1.2,0.082,0.082,,,,,2013,2013
875,1644.0,ORISSA,29.0,32.0,6.1,8.2,280.0,610.0,0.4,0.6,2.983,10.0,2.0,23.0,8.0,23.0,2013,2013
876,1645.0,ORISSA,29.0,31.0,6.8,8.5,435.0,642.0,0.3,0.5,2.269,5.0,2.0,2.0,2.0,2.0,2013,2013
877,1646.0,ORISSA,28.0,31.0,7.3,8.1,143.0,159.0,0.3,0.5,0.856,1.0,2.0,2.0,2.0,2.0,2013,2013
878,1647.0,ORISSA,28.0,32.0,7.1,8.4,254.0,284.0,0.2,0.4,1.114,1.0,2.0,2.0,2.0,2.0,2013,2013
879,1648.0,ORISSA,29.0,31.0,7.3,8.4,241.0,261.0,0.2,0.4,0.797,1.0,2.0,4.0,2.0,13.0,2013,2013
880,1649.0,ORISSA,30.0,31.0,5.3,6.9,260.0,377.0,0.3,0.3,8.585,9.0,2.0,2.0,2.0,2.0,2013,2013
881,1650.0,ORISSA,28.0,29.0,6.5,7.4,228.0,289.0,0.9,1.2,2.64,3.0,2.0,2.0,2.0,2.0,2013,2013
882,1651.0,ORISSA,30.0,31.0,6.5,7.5,489.0,819.0,0.4,0.8,9.169,9.0,33.0,33.0,2.0,2.0,2013,2013
883,1652.0,ORISSA,28.0,31.0,7.1,7.3,227.0,232.0,0.1,0.2,5.508,6.0,2.0,2.0,2.0,2.0,2013,2013
884,1653.0,ORISSA,27.0,31.0,6.5,7.8,115.0,255.0,0.4,1.1,1.907,5.0,2.0,2.0,2.0,2.0,2013,2013
885,1654.0,ORISSA,28.0,28.0,6.5,7.5,98.0,179.0,0.6,0.9,4.652,5.0,23.0,23.0,2.0,2.0,2013,2013
886,1655.0,ORISSA,26.0,26.0,7.1,7.6,390.0,1056.0,0.3,1.2,1.45,11.0,2.0,240.0,8.0,14.0,2013,2013
887,1656.0,ORISSA,25.0,27.0,7.0,8.4,1160.0,1450.0,0.6,1.5,0.509,13.0,8.0,49.0,8.0,23.0,2013,2013
888,1657.0,ORISSA,25.0,30.0,7.1,8.2,734.0,855.0,0.3,2.2,9.556,10.0,2.0,5.0,2.0,13.0,2013,2013
889,1658.0,ORISSA,26.0,26.0,7.1,7.9,390.0,850.0,0.6,1.2,1.45,11.0,2.0,540.0,8.0,27.0,2013,2013
890,1397.0,PONDICHERRY,30.0,32.0,6.4,6.9,4630.0,4850.0,,,0.283,1.0,,,,,2013,2013
891,1398.0,PONDICHERRY,30.0,33.0,6.5,6.6,1067.0,1108.0,,,0.07,1.0,,,,,2013,2013
892,1453.0,PONDICHERRY,30.0,31.0,6.3,6.6,575.0,625.0,,,3.096,5.0,,,,,2013,2013
893,1454.0,PONDICHERRY,28.0,31.0,6.1,6.2,182.0,212.0,,,0.796,1.0,,,,,2013,2013
894,1688.0,PONDICHERRY,30.0,30.0,7.1,7.2,668.0,1183.0,,,,,,,,,2013,2013
895,1689.0,PONDICHERRY,24.0,24.0,7.7,7.7,,,,,,,,,,,2013,2013
896,2009.0,PONDICHERRY,30.0,30.0,6.3,6.5,528.0,553.0,,,5.094,7.0,,,,,2013,2013
897,2010.0,PONDICHERRY,30.0,33.0,6.6,6.8,1081.0,1150.0,,,0.793,1.0,,,,,2013,2013
898,2011.0,PONDICHERRY,30.0,32.0,7.3,7.5,2390.0,2850.0,,,,,,,,,2013,2013
899,2012.0,PONDICHERRY,34.0,34.0,6.8,6.8,1148.0,1148.0,,,,,,,,,2013,2013
900,2013.0,PONDICHERRY,25.0,26.0,8.3,8.7,1268.0,1521.0,,,0.58,1.0,,,,,2013,2013
901,2014.0,PONDICHERRY,22.0,27.0,8.7,8.8,118.0,1241.0,,,0.487,1.0,,,,,2013,2013
902,2446.0,PONDICHERRY,27.0,27.0,6.4,6.4,326.0,326.0,,,4.469,6.0,,,,,2013,2013
903,2447.0,PONDICHERRY,28.0,28.0,5.8,5.8,103.0,103.0,,,2.196,3.0,,,,,2013,2013
904,1898.0,PUNJAB,,,7.0,7.0,,,,,0.7,1.0,,,,,2013,2013
905,1899.0,PUNJAB,,,7.0,7.0,,,,,0.8,1.0,,,,,2013,2013
906,1900.0,PUNJAB,,,7.0,7.0,,,,,1.1,1.22,,,,,2013,2013
907,1901.0,PUNJAB,,,7.0,7.0,,,,,0.9,1.0,,,,,2013,2013
908,1902.0,PUNJAB,,,7.0,7.0,,,,,0.5,1.05,,,,,2013,2013
909,1903.0,PUNJAB,,,7.0,7.0,,,,,0.3,1.33,,,,,2013,2013
910,1415.0,Rajasthan,25.0,25.0,7.7,8.9,4800.0,6800.0,1.4,9.7,3.1,3.9,4.0,4.0,4.0,7.0,2013,2013
911,1416.0,Rajasthan,26.0,26.0,8.4,9.1,7700.0,15400.0,1.6,13.0,4.0,6.0,4.0,4.0,4.0,7.0,2013,2013
912,1706.0,Rajasthan,27.0,29.0,8.0,8.4,910.0,1140.0,0.6,2.5,0.98,1.02,4.0,4.0,7.0,7.0,2013,2013
913,1708.0,Rajasthan,26.0,29.0,7.7,8.0,1300.0,2300.0,1.0,3.7,0.74,1.0,4.0,4.0,4.0,9.0,2013,2013
914,1736.0,Uttar Pradesh,24.0,24.0,6.9,7.0,964.0,1164.0,4.7,5.6,3.0,4.36,60.0,60.0,140.0,180.0,2013,2013
915,1709.0,Rajasthan,27.0,28.0,7.4,8.1,3000.0,3200.0,1.1,3.3,1.02,1.0,4.0,4.0,7.0,9.0,2013,2013
916,1710.0,Rajasthan,26.0,27.0,7.6,8.2,1640.0,2600.0,0.7,1.6,3.16,3.0,,,4.0,4.0,2013,2013
917,1711.0,Rajasthan,24.0,27.0,7.4,8.1,3500.0,3900.0,0.6,3.1,5.44,6.0,4.0,4.0,4.0,9.0,2013,2013
918,1712.0,Rajasthan,26.0,28.0,7.8,7.8,1850.0,2400.0,0.9,1.9,1.02,1.0,4.0,4.0,4.0,7.0,2013,2013
919,1713.0,Rajasthan,27.0,28.0,7.8,7.9,1390.0,1470.0,0.7,1.3,0.92,1.0,4.0,4.0,4.0,7.0,2013,2013
920,1715.0,Rajasthan,29.0,30.0,7.6,8.2,1330.0,1360.0,0.7,2.4,1.54,2.0,4.0,4.0,9.0,9.0,2013,2013
921,1720.0,Rajasthan,22.0,27.0,7.9,8.3,1220.0,1370.0,0.5,2.9,0.92,1.0,7.0,7.0,4.0,21.0,2013,2013
922,1721.0,Rajasthan,28.0,28.0,8.0,8.2,410.0,560.0,0.6,2.0,2.8,3.0,4.0,4.0,4.0,9.0,2013,2013
923,1723.0,Rajasthan,25.0,27.0,8.0,8.0,3200.0,3400.0,0.9,8.0,1.14,2.0,,,4.0,4.0,2013,2013
924,1724.0,Rajasthan,26.0,26.0,8.2,8.3,1310.0,1420.0,0.8,2.3,0.48,1.0,4.0,4.0,4.0,9.0,2013,2013
925,1725.0,Rajasthan,26.0,26.0,6.9,7.5,890.0,1640.0,1.1,1.4,0.22,1.0,4.0,4.0,4.0,7.0,2013,2013
926,2015.0,Rajasthan,24.0,24.0,7.8,8.3,3400.0,3700.0,1.0,1.5,11.8,12.0,4.0,4.0,4.0,7.0,2013,2013
927,2016.0,Rajasthan,22.0,24.0,7.3,7.6,2400.0,2500.0,1.4,2.6,9.2,9.0,,,4.0,9.0,2013,2013
928,2017.0,Rajasthan,23.0,23.0,7.8,7.8,2300.0,2400.0,1.0,1.5,10.0,10.0,4.0,4.0,4.0,7.0,2013,2013
929,2018.0,Rajasthan,24.0,26.0,7.4,7.9,3900.0,4000.0,1.3,1.8,6.7,7.0,4.0,4.0,9.0,9.0,2013,2013
930,2019.0,Rajasthan,24.0,24.0,7.2,7.2,700.0,810.0,1.0,1.1,0.72,1.0,,,4.0,4.0,2013,2013
931,2020.0,Rajasthan,24.0,24.0,7.1,8.8,1950.0,2200.0,1.0,1.0,1.24,1.0,,,4.0,4.0,2013,2013
932,2021.0,Rajasthan,24.0,24.0,7.0,7.1,1650.0,2000.0,1.1,1.2,1.02,1.0,,,4.0,4.0,2013,2013
933,2022.0,Rajasthan,23.0,24.0,7.0,7.0,1800.0,1910.0,1.1,1.4,1.4,1.0,,,4.0,4.0,2013,2013
934,2023.0,Rajasthan,24.0,24.0,6.9,7.0,1880.0,2100.0,0.8,1.1,2.8,3.0,4.0,4.0,4.0,9.0,2013,2013
935,2024.0,Rajasthan,25.0,28.0,7.2,7.6,1270.0,1730.0,0.5,2.2,0.48,1.0,,,4.0,4.0,2013,2013
936,2025.0,Rajasthan,25.0,27.0,7.2,7.6,2200.0,2300.0,0.7,3.0,0.62,2.0,4.0,4.0,7.0,9.0,2013,2013
937,2026.0,Rajasthan,25.0,27.0,7.1,7.6,1010.0,1020.0,0.6,1.7,0.22,1.0,4.0,4.0,4.0,14.0,2013,2013
938,2027.0,Rajasthan,26.0,26.0,7.8,8.2,1200.0,1220.0,0.8,1.6,0.48,1.0,,,4.0,4.0,2013,2013
939,2028.0,Rajasthan,26.0,26.0,7.4,7.6,1270.0,1350.0,0.6,2.5,0.62,1.0,4.0,4.0,4.0,7.0,2013,2013
940,2029.0,Rajasthan,17.0,23.0,8.2,8.2,870.0,880.0,0.6,1.3,0.58,1.0,,,4.0,7.0,2013,2013
941,2030.0,Rajasthan,17.0,21.0,7.6,8.0,4000.0,4100.0,0.9,1.5,9.2,9.0,4.0,4.0,4.0,4.0,2013,2013
942,2031.0,Rajasthan,16.0,23.0,8.2,8.4,1210.0,1400.0,1.4,2.0,1.14,1.0,,,4.0,35.0,2013,2013
943,2032.0,Rajasthan,16.0,21.0,8.0,8.1,4600.0,5000.0,1.0,2.4,10.0,10.0,,,4.0,4.0,2013,2013
944,2033.0,Rajasthan,17.0,22.0,7.8,8.3,2000.0,2100.0,1.4,2.5,1.96,2.0,,,4.0,4.0,2013,2013
945,2957.0,Rajasthan,29.0,36.0,7.5,8.1,750.0,920.0,0.9,1.1,0.74,1.0,,,4.0,4.0,2013,2013
946,2958.0,Rajasthan,26.0,30.0,7.7,8.0,4100.0,4200.0,1.5,9.3,1.1,2.0,,,4.0,4.0,2013,2013
947,2959.0,Rajasthan,26.0,31.0,7.7,7.9,4200.0,4200.0,1.0,3.3,1.34,2.0,4.0,4.0,9.0,9.0,2013,2013
948,2960.0,Rajasthan,27.0,31.0,7.6,7.6,3100.0,3800.0,0.7,2.8,1.76,2.0,4.0,4.0,9.0,14.0,2013,2013
949,2961.0,Rajasthan,23.0,26.0,7.9,8.5,600.0,720.0,0.9,1.0,0.3,1.0,4.0,4.0,4.0,4.0,2013,2013
950,2962.0,Rajasthan,23.0,26.0,7.7,8.4,69.0,690.0,1.0,1.5,0.58,1.0,,,4.0,4.0,2013,2013
951,1636.0,Meghalaya,20.0,22.0,6.5,6.5,200.0,240.0,1.0,1.4,6.8,6.8,17.0,22.0,34.0,41.0,2013,2013
952,2963.0,Rajasthan,25.0,25.0,7.8,8.2,550.0,580.0,0.6,0.8,0.38,1.0,4.0,4.0,4.0,9.0,2013,2013
953,2964.0,Rajasthan,20.0,27.0,7.5,8.5,970.0,1060.0,0.8,1.8,0.42,,,,4.0,4.0,2013,2013
954,2965.0,Rajasthan,24.0,26.0,7.8,8.2,195.0,7100.0,3.1,8.6,10.5,11.0,,,4.0,4.0,2013,2013
955,2966.0,Rajasthan,24.0,25.0,8.3,8.7,2100.0,10900.0,1.3,3.1,8.3,8.0,4.0,4.0,4.0,7.0,2013,2013
956,2967.0,Rajasthan,24.0,24.0,7.8,8.7,2000.0,10400.0,1.2,2.6,4.6,5.0,4.0,4.0,4.0,9.0,2013,2013
957,2968.0,Rajasthan,23.0,24.0,8.1,8.6,10900.0,13700.0,1.8,3.6,4.9,5.0,4.0,4.0,4.0,9.0,2013,2013
958,2969.0,Rajasthan,28.0,28.0,7.0,7.5,870.0,1330.0,1.4,2.7,2.36,2.0,4.0,4.0,4.0,7.0,2013,2013
959,2970.0,Rajasthan,27.0,28.0,7.5,8.2,1450.0,1900.0,0.8,2.4,3.07,3.0,,,4.0,4.0,2013,2013
960,2971.0,Rajasthan,28.0,28.0,7.6,8.0,1900.0,2000.0,0.6,3.0,1.2,1.0,,,4.0,4.0,2013,2013
961,2972.0,Rajasthan,26.0,28.0,7.6,8.4,2000.0,2500.0,0.3,2.0,1.24,1.0,4.0,4.0,4.0,7.0,2013,2013
962,2973.0,Rajasthan,27.0,27.0,7.8,8.3,1630.0,1700.0,0.7,2.2,1.76,2.0,4.0,4.0,4.0,7.0,2013,2013
963,2974.0,Rajasthan,25.0,28.0,7.7,8.2,1460.0,3700.0,0.6,0.7,1.82,2.0,4.0,4.0,4.0,7.0,2013,2013
964,2975.0,Rajasthan,27.0,28.0,7.4,8.2,1500.0,3900.0,0.7,2.0,2.9,3.0,4.0,4.0,4.0,14.0,2013,2013
965,2976.0,Rajasthan,24.0,28.0,7.4,8.1,6500.0,6800.0,2.5,6.2,1.02,2.0,14.0,14.0,93.0,93.0,2013,2013
966,2977.0,Rajasthan,22.0,24.0,7.7,8.0,20000.0,23000.0,5.5,7.9,7.4,7.0,4.0,4.0,4.0,7.0,2013,2013
967,2982.0,Rajasthan,22.0,22.0,7.5,8.0,1210.0,1360.0,1.5,2.0,0.48,,4.0,4.0,9.0,9.0,2013,2013
968,2985.0,Rajasthan,22.0,23.0,7.1,7.6,13300.0,14800.0,2.1,9.3,7.2,7.0,4.0,4.0,4.0,14.0,2013,2013
969,2986.0,Rajasthan,24.0,26.0,7.3,8.3,7600.0,13400.0,2.2,3.7,3.1,3.0,,,4.0,4.0,2013,2013
970,2987.0,Rajasthan,24.0,24.0,7.4,8.0,7900.0,11600.0,1.8,2.8,14.5,15.0,,,4.0,4.0,2013,2013
971,2988.0,Rajasthan,24.0,26.0,7.3,8.0,7800.0,11000.0,1.7,2.8,5.1,5.0,,,4.0,9.0,2013,2013
972,1844.0,Bihar,26.0,26.0,7.7,7.7,516.0,516.0,,,,,,,,,2014,2014
973,2989.0,Rajasthan,26.0,27.0,7.2,8.2,19000.0,22000.0,2.3,4.5,14.5,15.0,4.0,4.0,4.0,9.0,2013,2013
974,2990.0,Rajasthan,26.0,26.0,7.3,7.9,9500.0,20000.0,1.4,3.5,3.6,5.0,4.0,4.0,4.0,4.0,2013,2013
975,2991.0,Rajasthan,26.0,26.0,7.5,8.0,10200.0,10200.0,2.2,3.0,5.1,5.0,4.0,4.0,4.0,7.0,2013,2013
976,2993.0,Rajasthan,24.0,24.0,7.3,7.8,8100.0,22000.0,1.8,8.6,12.0,12.0,,,4.0,4.0,2013,2013
977,2999.0,Rajasthan,25.0,26.0,7.9,7.9,1210.0,1660.0,0.8,4.9,1.4,1.0,4.0,4.0,4.0,9.0,2013,2013
978,3000.0,Rajasthan,25.0,27.0,7.3,7.9,3400.0,3600.0,1.1,4.2,1.2,1.0,4.0,4.0,4.0,9.0,2013,2013
979,3001.0,Rajasthan,27.0,27.0,7.6,8.0,1780.0,1800.0,0.9,1.2,2.68,3.0,4.0,4.0,4.0,9.0,2013,2013
980,3002.0,Rajasthan,25.0,26.0,7.9,8.3,850.0,860.0,0.6,2.2,3.04,3.0,4.0,4.0,4.0,7.0,2013,2013
981,1723.0,Rajasthan,25.0,25.0,7.5,7.5,4200.0,4200.0,1.1,1.1,1.6,1.6,,,4.0,4.0,2014,2014
982,1557.0,HIMACHAL PRADESH,19.6,19.6,6.8,7.0,477.0,702.0,0.1,0.1,,0.3,,,,,2014,2014
983,2926.0,PUNJAB,,,7.2,7.2,669.0,669.0,,,2.2,2.2,,,,,2014,2014
984,2927.0,PUNJAB,,,6.8,6.8,1158.0,1158.0,,,4.2,4.2,,,,,2014,2014
985,2928.0,PUNJAB,,,7.1,7.1,623.0,647.0,,,2.4,2.5,,,,,2014,2014
986,1902.0,PUNJAB,,,6.7,6.7,1273.0,1273.0,,,1.6,4.2,,,,,2014,2014
987,2930.0,PUNJAB,,,7.0,7.0,1673.0,1673.0,,,2.5,2.5,,,,,2014,2014
988,1561.0,HIMACHAL PRADESH,20.0,20.0,7.6,8.2,739.0,772.0,0.5,0.5,2.0,4.3,,,,,2014,2014
989,2925.0,PUNJAB,,,7.1,7.1,2390.0,2390.0,,,4.4,4.4,,,,,2014,2014
990,1513.0,ANDHRA PRADESH,23.0,23.0,7.0,7.0,2050.0,2050.0,,,2.5,2.5,,,400.0,400.0,2014,2014
991,1514.0,ANDHRA PRADESH,23.0,23.0,7.3,7.3,1639.0,1639.0,,,1.2,1.2,,,400.0,400.0,2014,2014
992,1515.0,ANDHRA PRADESH,19.0,19.0,7.4,7.4,1569.0,1569.0,0.6,0.6,2.8,2.8,,,400.0,400.0,2014,2014
993,1516.0,ANDHRA PRADESH,29.0,29.0,7.4,7.4,1119.0,1119.0,,,0.5,0.5,,,400.0,400.0,2014,2014
994,1517.0,ANDHRA PRADESH,27.0,30.6,7.2,8.1,1520.0,1950.0,0.8,1.0,3.1,8.0,,,20.0,40.0,2014,2014
995,1518.0,ANDHRA PRADESH,27.0,35.0,7.8,8.2,2150.0,5000.0,1.0,1.6,4.0,14.0,,,20.0,50.0,2014,2014
996,1519.0,ANDHRA PRADESH,27.0,37.0,7.8,8.1,730.0,1510.0,1.1,1.8,,3.1,,,30.0,30.0,2014,2014
997,1520.0,ANDHRA PRADESH,27.0,39.5,7.6,8.3,723.0,1100.0,1.1,1.5,2.1,11.5,,,20.0,40.0,2014,2014
998,1521.0,ANDHRA PRADESH,25.0,25.0,7.7,7.7,1790.0,1790.0,1.0,1.0,5.4,5.4,9.0,9.0,120.0,120.0,2014,2014
999,1522.0,ANDHRA PRADESH,25.0,29.0,7.2,7.7,771.0,1343.0,1.0,1.2,1.1,1.8,4.0,23.0,4.0,150.0,2014,2014
1000,1523.0,ANDHRA PRADESH,27.0,27.0,7.9,7.9,347.0,347.0,1.0,1.0,0.2,0.2,3.0,3.0,14.0,14.0,2014,2014
1001,1524.0,ANDHRA PRADESH,26.0,26.0,7.4,7.4,1904.0,1904.0,1.2,1.2,1.5,1.5,4.0,4.0,4.0,4.0,2014,2014
1002,1795.0,ANDHRA PRADESH,32.0,32.0,7.7,7.7,3180.0,3180.0,6.8,6.8,8.0,8.0,10.0,10.0,86.0,86.0,2014,2014
1003,1810.0,ANDHRA PRADESH,28.0,28.0,7.5,7.5,1462.0,1462.0,1.0,1.0,5.0,5.0,10.0,10.0,64.0,64.0,2014,2014
1004,1811.0,ANDHRA PRADESH,29.0,29.0,6.9,6.9,4010.0,4010.0,1.8,1.8,2.0,2.0,10.0,10.0,32.0,32.0,2014,2014
1005,3087.0,ANDHRA PRADESH,23.0,23.0,7.1,7.1,1976.0,1976.0,,,5.2,5.2,,,400.0,400.0,2014,2014
1006,3088.0,ANDHRA PRADESH,20.0,20.0,7.2,7.2,1700.0,1700.0,,,0.7,0.7,,,400.0,400.0,2014,2014
1007,3089.0,ANDHRA PRADESH,25.0,25.0,7.7,7.7,2951.0,2951.0,1.2,1.2,4.7,4.7,4.0,4.0,9.0,9.0,2014,2014
1008,3090.0,ANDHRA PRADESH,26.0,26.0,7.2,7.2,2311.0,2311.0,1.0,1.0,8.6,8.6,120.0,120.0,2400.0,2400.0,2014,2014
1009,3091.0,ANDHRA PRADESH,25.0,25.0,7.8,7.8,2608.0,2608.0,1.0,1.0,8.8,8.8,4.0,4.0,28.0,28.0,2014,2014
1010,3092.0,ANDHRA PRADESH,25.0,25.0,7.6,7.6,911.0,911.0,1.0,1.0,3.5,3.5,9.0,9.0,120.0,120.0,2014,2014
1011,3515.0,DELHI,,,6.5,6.5,1261.0,1261.0,,,,,270.0,270.0,18.0,18.0,2019,2019
1012,3093.0,ANDHRA PRADESH,25.0,25.0,7.9,7.9,2096.0,2096.0,1.0,1.0,6.3,6.3,4.0,4.0,11.0,11.0,2014,2014
1013,3094.0,ANDHRA PRADESH,0.0,0.0,7.6,7.6,896.0,896.0,16.0,16.0,,,,,,,2014,2014
1014,1791.0,ANDHRA PRADESH,0.0,0.0,7.9,7.9,1184.0,1184.0,34.0,34.0,,,,,,,2014,2014
1015,1792.0,ANDHRA PRADESH,0.0,0.0,8.1,8.1,1312.0,1312.0,56.0,56.0,,,,,,,2014,2014
1016,1793.0,ANDHRA PRADESH,0.0,0.0,8.1,8.1,1784.0,1784.0,21.0,21.0,,,,,,,2014,2014
1017,1794.0,ANDHRA PRADESH,0.0,0.0,8.0,8.0,1099.0,1099.0,24.0,24.0,,,,,,,2014,2014
1018,16.0,ANDHRA PRADESH,0.0,0.0,7.6,7.6,1577.0,1577.0,12.0,12.0,,,,,,,2014,2014
1019,26.0,ANDHRA PRADESH,22.0,22.0,7.3,7.3,1738.0,1738.0,,,0.95,0.95,,,400.0,400.0,2014,2014
1020,27.0,ANDHRA PRADESH,30.0,30.0,7.9,7.9,497.0,497.0,1.0,1.0,3.0,3.0,10.0,10.0,24.0,24.0,2014,2014
1021,1533.0,Assam,23.0,24.0,6.4,6.6,734.0,762.0,0.7,2.0,5.4,8.6,,36.0,,24000.0,2014,2014
1022,1534.0,Assam,23.0,24.0,6.2,6.5,205.0,470.0,0.7,1.5,0.2,1.2,,150.0,,11000.0,2014,2014
1023,1535.0,Assam,24.0,25.0,6.4,7.5,302.0,364.0,0.9,1.8,0.3,0.7,,,91.0,91.0,2014,2014
1024,1536.0,Assam,20.0,25.0,5.5,5.8,696.0,885.0,1.3,2.4,0.1,0.4,,,,91.0,2014,2014
1025,1537.0,Assam,24.0,25.0,6.6,7.4,440.0,579.0,1.1,3.3,2.4,3.8,36.0,72.0,2100.0,4600.0,2014,2014
1026,1538.0,Assam,20.0,24.0,4.7,5.4,100.0,149.0,0.3,1.0,2.5,4.8,,36.0,,4600.0,2014,2014
1027,1539.0,Assam,24.0,31.0,6.2,7.4,154.0,1043.0,1.0,2.9,0.5,2.5,,,,,2014,2014
1028,1540.0,Assam,23.0,32.0,5.3,6.4,146.0,746.0,0.9,1.3,0.1,0.4,,,,,2014,2014
1029,1541.0,Assam,22.0,24.0,6.3,6.4,734.0,1362.0,1.0,3.8,7.4,12.2,,240.0,230.0,24000.0,2014,2014
1030,1542.0,Assam,24.0,26.0,6.5,7.3,440.0,991.0,0.6,2.4,0.6,1.1,,36.0,,91.0,2014,2014
1031,2243.0,Assam,23.0,23.0,5.7,5.7,436.0,745.0,0.7,0.9,6.7,9.8,,,,,2014,2014
1032,2244.0,Assam,21.0,25.0,6.3,6.9,520.0,604.0,0.8,1.4,3.3,3.8,,9300.0,36.0,9301.0,2014,2014
1033,2245.0,Assam,25.0,28.0,5.4,5.9,95.0,400.0,0.9,1.1,1.0,4.0,30.0,430.0,431.0,1500.0,2014,2014
1034,2246.0,Assam,20.0,22.0,6.2,6.9,470.0,617.0,0.7,0.9,,0.2,,,,,2014,2014
1035,2247.0,Assam,20.0,22.0,6.1,6.2,591.0,706.0,0.2,0.7,0.3,6.3,,,,36.0,2014,2014
1036,2248.0,Assam,26.0,26.0,6.0,7.1,810.0,823.0,1.2,3.2,1.4,9.8,,,30.0,360.0,2014,2014
1037,2249.0,Assam,26.0,28.0,5.8,6.4,142.0,247.0,1.0,1.1,0.8,1.7,,,,36.0,2014,2014
1038,2250.0,Assam,28.0,29.0,6.5,6.6,371.0,578.0,0.4,0.7,1.0,2.1,,,,,2014,2014
1039,2251.0,Assam,25.0,29.0,5.7,7.2,995.0,1648.0,0.5,4.2,5.9,8.6,,73.0,,11000.0,2014,2014
1040,2252.0,Assam,24.0,24.0,6.4,6.4,417.0,417.0,1.3,1.3,0.1,0.1,,,,,2014,2014
1041,2253.0,Assam,25.0,26.0,6.6,7.1,456.0,745.0,1.1,1.1,4.4,6.5,,,,,2014,2014
1042,2254.0,Assam,25.1,32.0,6.8,7.0,870.0,1205.0,0.1,0.5,0.2,0.2,,930.0,,110000.0,2014,2014
1043,2255.0,Assam,26.5,32.0,6.4,7.4,600.0,893.0,0.6,1.0,4.9,7.3,,,,4600.0,2014,2014
1044,2256.0,Assam,25.0,32.0,6.4,6.5,136.0,893.0,0.6,0.6,3.0,4.9,,91.0,360.0,930.0,2014,2014
1045,2257.0,Assam,24.2,34.0,7.2,7.2,729.0,1036.0,0.5,1.2,0.1,0.5,,2300.0,91.0,2301.0,2014,2014
1046,2258.0,Assam,27.0,33.0,6.5,6.6,465.0,613.0,0.4,1.1,2.8,3.1,,,230.0,2300.0,2014,2014
1047,2259.0,Assam,28.0,29.0,7.2,7.5,1126.0,1904.0,0.7,2.8,1.2,1.9,,,,,2014,2014
1048,2261.0,Assam,12.0,20.0,7.1,7.1,464.0,668.0,0.4,3.9,0.2,0.2,,,,150.0,2014,2014
1049,2262.0,Assam,12.0,12.0,6.5,6.5,330.0,330.0,0.9,0.9,4.7,4.7,,,430.0,430.0,2014,2014
1050,2263.0,Assam,13.0,20.0,6.2,6.9,309.0,417.0,0.4,0.5,0.5,1.6,,,,,2014,2014
1051,2264.0,Assam,14.0,21.0,6.4,6.5,134.0,1190.0,3.1,4.1,0.6,4.0,,910.0,280.0,29000.0,2014,2014
1052,1825.0,Bihar,22.0,22.0,7.1,7.1,1140.0,1140.0,,,,,11.0,11.0,22.0,22.0,2014,2014
1053,1826.0,Bihar,25.0,25.0,7.7,7.7,609.0,609.0,,,,,7.0,7.0,17.0,17.0,2014,2014
1054,1827.0,Bihar,21.0,21.0,7.5,7.5,651.0,651.0,,,,,,,,,2014,2014
1055,1828.0,Bihar,21.0,21.0,7.4,7.4,635.0,635.0,,,,,,,,,2014,2014
1056,1829.0,Bihar,21.0,21.0,7.5,7.5,637.0,637.0,,,,,,,,,2014,2014
1057,1830.0,Bihar,22.0,22.0,7.1,7.1,1190.0,1190.0,,,,,,,,,2014,2014
1058,1831.0,Bihar,22.0,22.0,7.3,7.3,845.0,845.0,,,,,,,,,2014,2014
1059,1832.0,Bihar,24.0,24.0,7.4,7.4,,,,,,,6.0,6.0,14.0,14.0,2014,2014
1060,1833.0,Bihar,24.0,24.0,7.5,7.5,,,,,,,4.0,4.0,7.0,7.0,2014,2014
1061,1834.0,Bihar,26.0,26.0,7.4,7.4,,,,,,,4.0,4.0,8.0,8.0,2014,2014
1062,1835.0,Bihar,24.0,24.0,7.4,7.4,,,,,,,6.0,6.0,12.0,12.0,2014,2014
1063,1836.0,Bihar,26.0,26.0,7.4,7.4,,,,,,,6.0,6.0,20.0,20.0,2014,2014
1064,1837.0,Bihar,26.0,26.0,7.3,7.3,,,,,,,7.0,7.0,21.0,21.0,2014,2014
1065,1838.0,Bihar,26.0,26.0,7.3,7.3,,,,,,,2.0,2.0,4.0,4.0,2014,2014
1066,1839.0,Bihar,25.0,25.0,7.4,7.4,,,,,,,4.0,4.0,9.0,9.0,2014,2014
1067,1840.0,Bihar,27.0,27.0,7.5,7.5,768.0,768.0,,,,,11.0,11.0,27.0,27.0,2014,2014
1068,2578.0,Bihar,25.0,25.0,7.7,7.7,546.0,546.0,,,,,8.0,8.0,13.0,13.0,2014,2014
1069,2579.0,Bihar,26.0,26.0,7.7,7.7,542.0,542.0,,,,,8.0,8.0,17.0,17.0,2014,2014
1070,2581.0,Bihar,27.0,27.0,7.2,7.2,896.0,896.0,,,,,6.0,6.0,14.0,14.0,2014,2014
1071,2582.0,Bihar,22.0,22.0,7.8,7.8,886.0,886.0,,,,,6.0,6.0,17.0,17.0,2014,2014
1072,2583.0,Bihar,24.0,24.0,7.6,7.6,610.0,610.0,,,,,4.0,4.0,11.0,11.0,2014,2014
1073,2584.0,Bihar,25.0,25.0,7.6,7.6,612.0,612.0,,,,,6.0,6.0,9.0,9.0,2014,2014
1074,2587.0,Bihar,26.0,26.0,7.5,7.5,,,,,,,7.0,7.0,21.0,21.0,2014,2014
1075,2589.0,Bihar,24.0,24.0,7.3,7.3,,,,,,,4.0,4.0,11.0,11.0,2014,2014
1076,2594.0,Bihar,22.0,22.0,7.4,7.4,,,,,,,7.0,7.0,14.0,14.0,2014,2014
1077,2595.0,Bihar,23.0,23.0,7.3,7.3,,,,,,,2.0,2.0,4.0,4.0,2014,2014
1078,2596.0,Bihar,28.0,28.0,8.0,8.0,411.0,411.0,,,,,7.0,7.0,17.0,17.0,2014,2014
1079,2597.0,Bihar,25.0,25.0,7.7,7.7,522.0,522.0,,,,,,,,,2014,2014
1080,2600.0,Bihar,24.0,24.0,7.5,7.5,486.0,486.0,,,,,4.0,4.0,7.0,7.0,2014,2014
1081,3138.0,Bihar,26.0,26.0,7.8,7.8,585.0,585.0,,,,,,,,,2014,2014
1082,3140.0,Bihar,25.0,25.0,7.3,7.3,630.0,630.0,,,,,2.0,2.0,4.0,4.0,2014,2014
1083,3146.0,Bihar,27.0,27.0,7.8,7.8,496.0,496.0,,,,,,,,,2014,2014
1084,3148.0,Bihar,24.0,24.0,7.4,7.4,,,,,,,7.0,7.0,16.0,16.0,2014,2014
1085,3150.0,Bihar,24.0,24.0,7.8,7.8,432.0,432.0,,,,,9.0,9.0,14.0,14.0,2014,2014
1086,3152.0,Bihar,24.0,24.0,7.5,7.5,392.0,392.0,,,,,8.0,8.0,23.0,23.0,2014,2014
1087,3156.0,Bihar,23.0,23.0,7.2,7.2,1810.0,1810.0,,,,,2.0,2.0,6.0,6.0,2014,2014
1088,3159.0,Bihar,26.0,26.0,7.6,7.6,576.0,576.0,,,,,7.0,7.0,14.0,14.0,2014,2014
1089,3160.0,Bihar,27.0,27.0,7.2,7.2,806.0,806.0,,,,,18.0,18.0,17.0,17.0,2014,2014
1090,3161.0,Bihar,26.0,26.0,7.3,7.3,,,,,,,9.0,9.0,27.0,27.0,2014,2014
1091,3162.0,Bihar,26.0,26.0,7.5,7.5,516.0,516.0,,,,,4.0,4.0,9.0,9.0,2014,2014
1092,1620.0,Chhattisgarh,23.4,28.4,7.4,7.9,496.0,692.0,0.2,0.6,,,,,2.0,2.0,2014,2014
1093,1621.0,Chhattisgarh,23.7,29.0,7.3,7.7,518.0,584.0,0.4,0.8,,,,,4.0,8.0,2014,2014
1094,1622.0,Chhattisgarh,30.0,30.0,7.5,7.5,604.0,604.0,,,0.3,0.3,,,10.0,10.0,2014,2014
1095,1623.0,Chhattisgarh,30.0,30.0,7.5,7.5,1599.0,1599.0,,,0.8,0.8,,,12.0,12.0,2014,2014
1096,3169.0,CHHATTISGARH,25.3,27.1,7.1,7.2,66.0,66.0,1.0,2.6,0.7,1.1,,,30.0,60.0,2014,2014
1097,3170.0,CHHATTISGARH,25.4,27.2,7.2,7.3,68.0,68.0,0.4,1.0,0.4,0.9,,,10.0,27.0,2014,2014
1098,3171.0,Chhattisgarh,,,7.4,7.4,,,1.2,1.8,0.2,0.4,,,9.0,9.0,2014,2014
1099,3172.0,Chhattisgarh,26.4,26.8,6.8,6.9,,,0.4,0.6,0.6,0.8,,,2.0,2.0,2014,2014
1100,3173.0,Chhattisgarh,26.6,26.9,7.1,7.2,,,0.4,4.0,0.4,0.6,,,,,2014,2014
1101,3174.0,Chhattisgarh,26.3,26.9,7.2,7.2,,,0.6,2.0,0.4,1.1,,,2.0,70.0,2014,2014
1102,2453.0,DADRA & NAGAR HAVELI,31.0,31.0,6.7,6.7,621.0,621.0,,,0.3,0.3,,,,,2014,2014
1103,2454.0,DADRA & NAGAR HAVELI,32.0,32.0,6.9,6.9,660.0,660.0,,,0.3,0.3,,,,,2014,2014
1104,2455.0,DADRA & NAGAR HAVELI,31.0,31.0,7.0,7.0,1594.0,1594.0,,,1.7,1.7,,,,,2014,2014
1105,2456.0,DADRA & NAGAR HAVELI,32.0,32.0,6.9,6.9,1600.0,1600.0,,,4.5,4.5,,,,,2014,2014
1106,2457.0,DADRA & NAGAR HAVELI,31.0,31.0,7.0,7.0,1060.0,1060.0,,,2.2,2.2,,,10.0,10.0,2014,2014
1107,2458.0,DADRA & NAGAR HAVELI,31.0,31.0,7.2,7.2,3000.0,3000.0,11.0,11.0,0.3,0.3,,,,,2014,2014
1108,1440.0,DAMAN & DIU,29.0,32.0,6.9,7.4,830.0,1475.0,,,0.1,6.4,2.0,2.0,16.0,16.0,2014,2014
1109,2448.0,DAMAN & DIU,31.0,32.0,6.6,7.1,828.0,13000.0,,,0.4,7.4,1.0,1.0,6.0,6.0,2014,2014
1110,2449.0,DAMAN & DIU,31.0,31.0,6.9,6.9,2358.0,2358.0,8.0,8.0,6.8,6.8,5.0,5.0,26.0,26.0,2014,2014
1111,2450.0,DAMAN & DIU,31.0,31.0,6.8,6.8,680.0,680.0,,,2.1,2.1,,,20.0,20.0,2014,2014
1112,2451.0,DAMAN & DIU,32.0,32.0,6.6,6.6,1438.0,1438.0,,,2.6,2.6,5.0,5.0,18.0,18.0,2014,2014
1113,2452.0,DAMAN & DIU,32.0,32.0,7.0,7.0,1580.0,1580.0,7.0,7.0,9.4,9.4,10.0,10.0,34.0,34.0,2014,2014
1114,2277.0,Goa,31.8,32.0,6.9,7.0,250.0,1486.0,0.6,0.8,,1.3,5.0,5.0,11.0,11.0,2014,2014
1115,2278.0,Goa,29.0,31.6,6.2,7.3,94.0,1439.0,0.6,0.7,0.1,1.1,17.0,17.0,33.0,33.0,2014,2014
1116,2279.0,Goa,30.0,30.0,6.8,6.8,1542.0,1542.0,1.5,1.5,0.1,0.1,,,,,2014,2014
1117,2280.0,Goa,29.7,31.0,6.1,6.6,208.0,1479.0,0.1,1.6,1.1,3.5,,,,,2014,2014
1118,2281.0,Goa,28.5,30.0,5.4,6.1,45.0,1420.0,0.2,1.1,0.1,0.3,23.0,49.0,79.0,170.0,2014,2014
1119,2282.0,Goa,31.0,31.6,5.9,7.0,155.0,1497.0,0.2,0.3,0.3,1.2,23.0,23.0,79.0,79.0,2014,2014
1120,3193.0,Goa,29.2,32.2,7.0,7.0,14.0,328.0,0.1,3.0,,0.2,2.0,13.0,13.0,33.0,2014,2014
1121,3194.0,Goa,30.0,31.0,5.5,6.9,83.0,1429.0,0.7,1.6,0.9,1.4,8.0,8.0,17.0,17.0,2014,2014
1122,3195.0,Goa,31.5,31.6,6.7,7.9,253.0,1404.0,0.9,1.5,0.1,1.5,240.0,240.0,540.0,540.0,2014,2014
1123,1555.0,HIMACHAL PRADESH,24.0,25.0,6.7,8.3,462.0,501.0,0.8,0.8,0.5,0.5,1.0,4.0,4.0,7.0,2014,2014
1124,1556.0,HIMACHAL PRADESH,22.0,23.0,6.9,8.0,436.0,564.0,0.4,0.8,0.6,0.7,1.0,5.0,4.0,8.0,2014,2014
1125,1558.0,HIMACHAL PRADESH,,,6.8,7.3,320.0,798.0,0.1,0.1,0.4,1.9,,,,,2014,2014
1126,1559.0,HIMACHAL PRADESH,,,6.9,7.0,311.0,405.0,0.1,0.1,2.5,2.9,,,,,2014,2014
1127,1560.0,HIMACHAL PRADESH,,,6.9,7.4,476.0,881.0,0.1,0.1,1.0,2.4,,,,,2014,2014
1128,1562.0,HIMACHAL PRADESH,12.0,22.0,7.6,7.6,673.0,698.0,0.4,0.8,2.2,3.1,,,,,2014,2014
1129,1872.0,HIMACHAL PRADESH,7.0,20.0,5.9,7.9,268.0,632.0,0.8,35.0,,10.1,8.0,40.0,28.0,168.0,2014,2014
1130,1873.0,HIMACHAL PRADESH,16.0,16.0,6.5,7.7,324.0,410.0,0.2,0.3,3.0,4.6,,,,,2014,2014
1131,1874.0,HIMACHAL PRADESH,14.5,22.0,6.9,7.9,215.0,572.0,0.1,2.4,,10.6,6.0,40.0,8.0,84.0,2014,2014
1132,1875.0,HIMACHAL PRADESH,13.0,18.0,8.1,8.5,244.0,592.0,0.5,16.0,0.1,0.9,26.0,94.0,180.0,280.0,2014,2014
1133,1877.0,HIMACHAL PRADESH,,,6.8,7.0,317.0,808.0,0.1,0.2,2.3,4.2,,,,,2014,2014
1134,1878.0,HIMACHAL PRADESH,,,7.3,7.4,309.0,400.0,0.1,0.1,3.3,3.3,,,,,2014,2014
1135,1879.0,HIMACHAL PRADESH,,,6.6,6.8,479.0,885.0,0.1,2.0,1.9,1.9,,,,,2014,2014
1136,1880.0,HIMACHAL PRADESH,24.0,25.0,7.2,8.2,574.0,606.0,0.7,8.0,0.6,0.6,1.0,3.0,5.0,5.0,2014,2014
1137,1881.0,HIMACHAL PRADESH,23.0,24.0,6.9,7.9,365.0,537.0,0.7,0.8,0.8,0.8,1.0,1.0,2.0,5.0,2014,2014
1138,1882.0,HIMACHAL PRADESH,13.0,22.0,7.6,7.7,828.0,899.0,0.1,0.4,3.6,5.1,,,,,2014,2014
1139,1883.0,HIMACHAL PRADESH,13.0,23.0,7.6,8.0,719.0,735.0,0.1,0.1,1.3,2.2,,,,,2014,2014
1140,2628.0,HIMACHAL PRADESH,13.5,19.0,7.7,8.6,132.0,740.0,0.1,0.1,,1.2,,,,,2014,2014
1141,2629.0,HIMACHAL PRADESH,18.0,20.0,7.7,8.9,484.0,549.0,0.1,0.1,,0.2,,,,,2014,2014
1142,2630.0,HIMACHAL PRADESH,13.0,21.0,7.4,7.9,867.0,1130.0,0.1,1.0,0.5,5.1,,,,,2014,2014
1143,2631.0,HIMACHAL PRADESH,14.0,20.0,7.2,7.7,754.0,794.0,0.4,0.8,0.2,3.5,,,,,2014,2014
1144,2632.0,HIMACHAL PRADESH,15.0,20.0,6.9,8.4,729.0,869.0,0.1,0.1,,8.8,,,,,2014,2014
1145,2633.0,HIMACHAL PRADESH,,,6.7,8.2,121.0,1010.0,0.1,0.1,,0.3,,,,,2014,2014
1146,2634.0,HIMACHAL PRADESH,7.0,8.0,7.6,7.9,200.0,334.0,0.1,0.1,0.1,1.1,,,,,2014,2014
1147,2635.0,HIMACHAL PRADESH,,,8.2,8.9,221.0,455.0,0.1,0.1,0.1,0.5,,,,,2014,2014
1148,2636.0,HIMACHAL PRADESH,17.0,19.0,7.4,7.5,368.0,586.0,0.2,1.0,0.2,1.1,,,,,2014,2014
1149,2637.0,HIMACHAL PRADESH,15.0,20.0,7.4,7.5,1070.0,1590.0,0.6,2.8,0.2,5.8,,,,,2014,2014
1150,2638.0,HIMACHAL PRADESH,20.0,22.0,7.5,8.0,640.0,689.0,0.2,0.3,1.2,2.9,,,,,2014,2014
1151,2639.0,HIMACHAL PRADESH,15.0,20.0,7.8,8.3,96.0,437.0,0.2,0.3,1.3,2.0,,,,,2014,2014
1152,2640.0,HIMACHAL PRADESH,20.0,21.0,7.6,7.7,361.0,388.0,0.2,0.6,1.1,1.6,,,,,2014,2014
1153,2641.0,HIMACHAL PRADESH,18.0,22.0,7.2,7.9,674.0,761.0,0.3,0.6,0.2,0.7,,,,,2014,2014
1154,2642.0,HIMACHAL PRADESH,19.0,23.0,7.4,8.0,161.0,237.0,0.6,1.6,0.2,1.9,,,,,2014,2014
1155,2643.0,HIMACHAL PRADESH,20.0,20.0,7.1,7.4,266.0,392.0,0.1,0.2,,0.3,,,2.0,2.0,2014,2014
1156,2644.0,HIMACHAL PRADESH,,,8.7,8.7,1105.0,1105.0,0.1,0.1,0.1,0.1,,,,,2014,2014
1157,2645.0,HIMACHAL PRADESH,21.0,24.5,6.7,7.9,600.0,648.0,0.8,0.9,0.8,0.8,1.0,3.0,5.0,8.0,2014,2014
1158,2646.0,HIMACHAL PRADESH,21.0,24.0,6.9,8.3,436.0,1250.0,0.7,0.8,0.6,0.8,1.0,2.0,5.0,5.0,2014,2014
1159,2647.0,HIMACHAL PRADESH,13.0,24.0,7.4,8.2,440.0,686.0,0.3,0.6,0.5,1.2,,,,,2014,2014
1160,2648.0,HIMACHAL PRADESH,14.5,14.5,8.1,8.1,281.0,281.0,,,,,,,,,2014,2014
1161,19.0,Kerala,27.4,27.5,5.2,7.2,137.0,180.0,0.8,1.2,1.96,3.31,79.0,220.0,110.0,630.0,2014,2014
1162,22.0,Kerala,24.0,26.0,5.7,7.7,103.0,125.0,0.2,0.6,0.42,1.3,17.0,350.0,22.0,430.0,2014,2014
1163,35.0,Kerala,24.0,24.0,4.8,7.2,170.0,220.0,0.6,0.6,0.81,0.84,43.0,280.0,110.0,430.0,2014,2014
1164,1581.0,Kerala,25.0,26.5,6.0,6.8,296.0,412.0,1.0,1.6,,2.3,79.0,110.0,220.0,350.0,2014,2014
1165,1582.0,Kerala,25.0,26.5,7.0,7.4,150.0,170.0,1.0,7.0,1.2,4.2,43.0,94.0,180.0,240.0,2014,2014
1166,1583.0,Kerala,23.0,23.0,4.6,4.8,150.0,168.0,0.5,0.5,0.3,1.2,,2.0,17.0,49.0,2014,2014
1167,1584.0,Kerala,28.0,28.5,7.6,7.7,143.0,211.0,0.3,1.2,,0.1,110.0,210.0,210.0,280.0,2014,2014
1168,1585.0,Kerala,28.2,29.0,7.7,7.7,230.0,580.0,1.2,4.9,0.7,9.7,11.0,140.0,210.0,700.0,2014,2014
1169,1586.0,Kerala,27.0,28.5,4.5,6.8,130.0,526.0,0.8,1.2,1.5,9.9,2.0,11.0,7.0,21.0,2014,2014
1170,1587.0,Kerala,28.0,28.0,6.6,7.2,245.0,250.0,0.8,1.0,7.8,8.5,11.0,220.0,21.0,700.0,2014,2014
1171,1588.0,KERALA,28.0,30.0,7.2,7.9,260.0,280.0,0.8,1.2,0.2,2.9,140.0,180.0,540.0,630.0,2014,2014
1172,2926.0,PUNJAB,,,7.1,7.1,1083.0,1083.0,,,3.8,3.8,,,,,2014,2014
1173,1589.0,Kerala,29.0,29.5,6.7,6.9,280.0,290.0,0.4,0.8,0.4,1.0,,4.0,11.0,21.0,2014,2014
1174,1590.0,Kerala,25.0,27.0,6.3,7.0,95.0,106.0,0.2,0.9,1.3,1.9,11.0,350.0,17.0,790.0,2014,2014
1175,1591.0,Kerala,29.0,29.0,4.8,6.1,98.0,100.0,0.7,1.2,2.9,3.7,,4.0,11.0,21.0,2014,2014
1176,1592.0,Kerala,28.0,28.0,6.2,7.0,130.0,198.0,0.4,2.0,0.5,4.1,,2.0,9.0,26.0,2014,2014
1177,2308.0,Kerala,27.5,29.0,5.7,7.3,156.0,405.0,0.3,0.5,4.1,7.0,490.0,1100.0,790.0,2600.0,2014,2014
1178,2309.0,Kerala,27.0,29.0,4.9,6.5,88.0,98.0,0.6,0.7,2.4,3.4,490.0,790.0,1100.0,1400.0,2014,2014
1179,2310.0,Kerala,27.0,28.0,5.9,6.5,147.0,166.0,0.5,0.5,2.3,3.2,210.0,1100.0,430.0,2800.0,2014,2014
1180,2311.0,Kerala,26.5,28.0,5.5,6.9,95.0,179.0,0.4,0.4,1.6,11.9,49.0,630.0,110.0,1100.0,2014,2014
1181,2313.0,Kerala,28.0,28.0,7.7,7.8,243.0,254.0,0.7,1.5,,0.1,210.0,430.0,310.0,700.0,2014,2014
1182,2314.0,Kerala,24.0,24.0,5.5,7.2,180.0,230.0,1.2,1.2,2.4,2.5,110.0,210.0,430.0,490.0,2014,2014
1183,2315.0,Kerala,24.0,24.0,7.4,8.3,450.0,525.0,1.8,2.0,0.9,2.5,11.0,210.0,43.0,490.0,2014,2014
1184,2316.0,Kerala,27.0,28.0,4.5,5.8,45.0,81.0,0.8,1.2,1.1,1.2,9.0,21.0,110.0,220.0,2014,2014
1185,2317.0,Kerala,27.0,28.0,6.0,6.0,222.0,404.0,0.9,1.0,4.0,7.0,,4.0,9.0,21.0,2014,2014
1186,2320.0,Kerala,28.5,29.5,6.3,6.8,234.0,240.0,0.3,0.7,0.8,3.4,,22.0,,110.0,2014,2014
1187,2321.0,Kerala,29.0,31.0,6.2,7.2,260.0,300.0,1.0,2.8,3.0,5.2,79.0,260.0,490.0,790.0,2014,2014
1188,2322.0,Kerala,29.0,30.0,5.1,5.3,186.0,230.0,1.3,105.0,1.5,3.0,79.0,230.0,220.0,790.0,2014,2014
1189,2323.0,Kerala,27.0,28.1,4.7,6.8,251.0,347.0,0.8,1.0,3.1,7.9,79.0,1400.0,430.0,1700.0,2014,2014
1190,2324.0,Kerala,27.3,28.3,7.0,7.0,83.0,230.0,0.8,3.0,0.4,0.5,2.0,11.0,5.0,21.0,2014,2014
1191,2327.0,Kerala,29.0,31.0,6.9,7.1,696.0,1074.0,0.3,1.2,1.1,2.6,140.0,350.0,240.0,540.0,2014,2014
1192,3463.0,Kerala,26.0,29.0,5.2,7.1,104.0,105.0,0.2,0.9,1.8,3.6,9.0,350.0,21.0,790.0,2014,2014
1193,3472.0,Kerala,28.0,30.0,7.4,7.8,637.0,1025.0,0.6,1.2,1.5,2.0,,7.0,,13.0,2014,2014
1194,3474.0,Kerala,28.5,28.5,7.0,7.7,156.0,216.0,0.9,1.8,2.0,2.5,2.0,5.0,11.0,21.0,2014,2014
1195,3475.0,Kerala,27.0,27.0,5.8,6.5,109.0,110.0,1.0,1.0,1.7,2.3,,,,9.0,2014,2014
1196,1593.0,Lakshadweep,27.7,32.8,6.7,7.9,816.0,1248.0,,,,,4000.0,4000.0,4000.0,100000.0,2014,2014
1197,1594.0,Lakshadweep,27.5,32.6,6.8,7.6,1178.0,2240.0,,,,,1000.0,2000.0,1000.0,25000.0,2014,2014
1198,1595.0,Lakshadweep,27.4,32.5,6.5,7.6,590.0,1004.0,,,,,2000.0,114000.0,10000.0,128000.0,2014,2014
1199,1596.0,Lakshadweep,27.0,32.5,6.9,658.0,458.0,1264.0,,,,,227.0,3000.0,9000.0,74000.0,2014,2014
1200,,LAKSHADWEEP,27.8,31.6,6.7,8.1,585.0,694.0,,,,,465.0,14000.0,300.0,294000.0,2014,2014
1201,1598.0,Lakshadweep,27.0,31.6,6.5,7.6,629.0,971.0,,,,,1000.0,18000.0,900.0,392500.0,2014,2014
1202,1599.0,Lakshadweep,27.4,31.6,6.6,7.6,603.0,963.0,,,,,1000.0,1000.0,2000.0,162000.0,2014,2014
1203,1600.0,Lakshadweep,27.8,31.5,6.5,7.4,823.0,1041.0,,,,,1000.0,1578.0,1000.0,117000.0,2014,2014
1204,1601.0,Lakshadweep,28.3,30.7,6.6,7.5,695.0,3660.0,,,,,7000.0,11000.0,4000.0,420000.0,2014,2014
1205,1602.0,Lakshadweep,27.8,30.7,6.8,7.6,1313.0,1970.0,,,,,1000.0,12000.0,4000.0,68000.0,2014,2014
1206,1603.0,Lakshadweep,28.5,30.9,6.9,7.4,1513.0,4830.0,,,,,1000.0,26000.0,4000.0,183000.0,2014,2014
1207,1605.0,Lakshadweep,28.6,30.8,7.0,7.6,1019.0,1800.0,,,,,3000.0,10000.0,4000.0,1120000.0,2014,2014
1208,1606.0,Lakshadweep,28.0,31.5,6.6,8.0,638.0,1165.0,,,,,1000.0,5000.0,11300.0,240000.0,2014,2014
1209,1618.0,Madhya Pradesh,35.0,35.0,7.1,7.1,1005.0,1005.0,127.4,127.4,1.0,1.0,,,,,2014,2014
1210,2145.0,Madhya Pradesh,,,7.5,7.5,1880.0,1880.0,,,1.8,1.8,,,,,2014,2014
1211,2146.0,Madhya Pradesh,28.0,28.0,7.5,7.5,920.0,920.0,,,5.1,5.1,,,110.0,110.0,2014,2014
1212,2148.0,Madhya Pradesh,,,8.2,8.2,3540.0,3540.0,,,3.1,3.1,,,,,2014,2014
1213,2149.0,Madhya Pradesh,28.0,28.0,7.1,7.1,1000.0,1000.0,,,6.0,6.0,,,40.0,40.0,2014,2014
1214,2150.0,Madhya Pradesh,29.0,29.0,7.5,7.5,1192.0,1192.0,2.3,2.3,2.3,2.3,,,25.0,25.0,2014,2014
1215,2151.0,Madhya Pradesh,29.0,29.0,7.3,7.3,3347.0,3347.0,1.8,1.8,30.5,30.5,,,26.0,26.0,2014,2014
1216,2152.0,Madhya Pradesh,29.2,29.2,7.5,7.5,2878.0,2878.0,2.0,2.0,29.5,29.5,,,38.0,38.0,2014,2014
1217,3332.0,Madhya Pradesh,,,7.6,7.6,1330.0,1330.0,,,5.2,5.2,,,,,2014,2014
1218,3338.0,Madhya Pradesh,29.0,29.0,7.4,7.4,1100.0,1100.0,2.0,2.0,1.2,1.2,,,,,2014,2014
1219,3339.0,Madhya Pradesh,29.5,29.5,8.5,8.5,1475.0,1475.0,1.0,1.0,2.6,2.6,,,8.0,8.0,2014,2014
1220,3340.0,Madhya Pradesh,28.0,28.0,7.5,7.5,1660.0,1660.0,1.1,1.1,7.3,7.3,,,94.0,94.0,2014,2014
1221,3341.0,Madhya Pradesh,29.0,29.0,7.0,7.0,2271.0,2271.0,2.2,2.2,2.7,2.7,,,210.0,210.0,2014,2014
1222,3342.0,Madhya Pradesh,30.0,30.0,8.2,8.2,496.0,496.0,0.8,0.8,1.6,1.6,,,110.0,110.0,2014,2014
1223,1985.0,Maharashtra,22.0,22.0,7.9,7.9,1385.0,1385.0,5.0,5.0,1.7,1.7,20.0,20.0,40.0,40.0,2014,2014
1224,1986.0,Maharashtra,29.0,29.0,8.5,8.5,699.0,699.0,5.6,5.6,0.6,0.6,15.0,15.0,25.0,25.0,2014,2014
1225,1987.0,Maharashtra,22.0,22.0,7.8,7.8,608.0,608.0,5.0,5.0,1.0,1.0,30.0,30.0,45.0,45.0,2014,2014
1226,1988.0,Maharashtra,29.0,29.0,8.5,8.5,871.0,871.0,5.2,5.2,0.6,0.6,14.0,14.0,26.0,26.0,2014,2014
1227,1989.0,Maharashtra,28.0,28.0,7.0,7.0,90.0,90.0,4.0,4.0,1.4,1.4,12.0,12.0,24.0,24.0,2014,2014
1228,1993.0,Maharashtra,28.0,28.0,7.4,7.4,1016.0,1016.0,3.0,3.0,0.2,0.2,2.0,2.0,79.0,79.0,2014,2014
1229,1994.0,Maharashtra,26.0,26.0,8.0,8.0,943.0,943.0,5.0,5.0,100.7,100.7,,,,,2014,2014
1230,1999.0,Maharashtra,28.0,28.0,8.3,8.3,555.0,555.0,6.0,6.0,1.1,1.1,60.0,60.0,90.0,90.0,2014,2014
1231,2001.0,Maharashtra,25.0,25.0,8.6,8.6,567.0,567.0,6.0,6.0,43.0,43.0,30.0,30.0,60.0,60.0,2014,2014
1232,2002.0,Maharashtra,27.0,27.0,8.7,8.7,435.0,435.0,5.8,5.8,1.6,1.6,,,,,2014,2014
1233,2003.0,Maharashtra,27.0,27.0,8.7,8.7,435.0,435.0,5.8,5.8,1.6,1.6,,,,,2014,2014
1234,2007.0,Maharashtra,25.0,25.0,7.3,7.3,1956.0,1956.0,2.8,2.8,1.4,1.4,,,,,2014,2014
1235,2008.0,Maharashtra,25.0,25.0,7.4,7.4,2425.0,2425.0,2.9,2.9,0.5,0.5,,,,,2014,2014
1236,2200.0,Maharashtra,29.0,29.0,7.8,7.8,928.0,928.0,4.0,4.0,0.1,0.1,2.0,2.0,94.0,94.0,2014,2014
1237,2201.0,Maharashtra,28.0,28.0,7.2,7.2,1200.0,1200.0,4.0,4.0,0.4,0.4,2.0,2.0,70.0,70.0,2014,2014
1238,2202.0,Maharashtra,23.0,23.0,7.3,7.3,168.0,168.0,3.3,3.3,1.4,1.4,,,,,2014,2014
1239,2203.0,Maharashtra,28.0,28.0,8.0,8.0,1124.0,1124.0,7.6,7.6,77.0,77.0,23.0,23.0,40.0,40.0,2014,2014
1240,2819.0,Maharashtra,28.0,28.0,8.2,8.2,5495.0,5495.0,3.2,3.2,1.3,1.3,8.0,8.0,550.0,550.0,2014,2014
1241,2820.0,Maharashtra,25.0,25.0,7.7,8.1,1306.0,1368.0,3.2,4.3,1.6,2.4,25.0,60.0,425.0,550.0,2014,2014
1242,2821.0,Maharashtra,28.0,28.0,7.0,7.0,433.0,433.0,3.1,3.1,3.0,3.0,25.0,25.0,425.0,425.0,2014,2014
1243,2822.0,Maharashtra,28.0,28.0,7.0,7.0,415.0,415.0,4.3,4.3,2.0,2.0,30.0,30.0,550.0,550.0,2014,2014
1244,1903.0,PUNJAB,,,6.8,7.2,749.0,749.0,,,1.6,3.8,,,,,2014,2014
1245,2823.0,Maharashtra,28.0,28.0,6.9,6.9,440.0,440.0,3.2,3.2,2.3,2.3,20.0,20.0,425.0,425.0,2014,2014
1246,2825.0,Maharashtra,28.0,28.0,7.4,7.4,1090.0,1090.0,5.0,5.0,0.2,0.2,2.0,2.0,79.0,79.0,2014,2014
1247,2826.0,Maharashtra,27.0,27.0,8.0,8.0,1173.0,1173.0,6.0,6.0,76.0,76.0,70.0,70.0,170.0,170.0,2014,2014
1248,2827.0,Maharashtra,27.0,27.0,8.0,8.0,553.0,553.0,7.4,7.4,2.6,2.6,80.0,80.0,110.0,110.0,2014,2014
1249,2828.0,Maharashtra,27.0,27.0,8.0,8.0,915.0,915.0,6.2,6.2,24.0,24.0,,,,,2014,2014
1250,2831.0,Maharashtra,25.0,25.0,7.1,7.1,2387.0,2387.0,2.7,2.7,0.7,0.7,,,,,2014,2014
1251,2832.0,Maharashtra,23.0,23.0,7.2,7.2,130.0,130.0,2.9,2.9,0.6,0.6,,,,,2014,2014
1252,2833.0,Maharashtra,23.0,23.0,7.1,7.1,177.0,177.0,3.5,3.5,1.3,1.3,,,,,2014,2014
1253,2834.0,Maharashtra,23.0,23.0,7.3,7.3,133.0,133.0,3.4,3.4,0.7,0.7,,,,,2014,2014
1254,2835.0,Maharashtra,23.0,23.0,7.1,7.1,175.0,175.0,2.8,2.8,0.5,0.5,,,,,2014,2014
1255,2054.0,Mizoram,13.0,23.0,5.3,8.5,56.0,505.0,0.9,2.3,,0.3,7.0,11.0,75.0,460.0,2014,2014
1256,2055.0,Mizoram,14.0,24.0,6.1,8.0,70.0,743.0,0.4,1.2,,0.3,16.0,93.0,150.0,1100.0,2014,2014
1257,1644.0,Odisha,28.0,28.0,7.1,7.2,515.0,842.0,0.4,0.4,1.2,5.8,4.0,4.0,23.0,23.0,2014,2014
1258,4553.0,LAKSHADWEEP,28.2,30.7,7.3,7.5,1408.0,1614.0,,,,,,,,,2019,2019
1259,1645.0,Odisha,27.0,28.0,7.0,7.4,222.0,498.0,0.1,1.0,0.3,6.9,28.0,28.0,240.0,240.0,2014,2014
1260,1646.0,Odisha,26.0,27.0,7.2,7.6,163.0,173.0,0.1,0.2,0.2,0.7,,,2.0,2.0,2014,2014
1261,1647.0,Odisha,28.0,28.0,6.9,7.4,661.0,804.0,0.3,1.4,0.4,0.8,,,2.0,2.0,2014,2014
1262,1648.0,Odisha,25.0,37.0,7.3,8.3,132.0,851.0,0.2,23.3,0.6,10.6,92000.0,160000.0,160000.0,600000.0,2014,2014
1263,1649.0,Odisha,26.0,33.0,6.1,6.1,143.0,290.0,0.1,0.5,1.3,9.7,,,,,2014,2014
1264,1650.0,Odisha,26.0,30.0,6.4,7.5,245.0,274.0,0.3,0.5,0.4,1.6,,,,,2014,2014
1265,1651.0,Odisha,29.0,30.0,6.4,7.4,652.0,774.0,0.3,0.4,1.3,8.2,,,,,2014,2014
1266,1652.0,Odisha,29.0,30.0,6.9,7.0,255.0,427.0,0.3,0.7,1.8,6.0,23.0,23.0,49.0,49.0,2014,2014
1267,1653.0,Odisha,29.0,30.0,6.3,7.7,107.0,235.0,0.1,0.2,0.7,2.2,8.0,8.0,23.0,23.0,2014,2014
1268,1654.0,Odisha,29.0,30.0,6.4,7.4,149.0,182.0,0.4,2.1,0.6,0.8,33.0,33.0,79.0,79.0,2014,2014
1269,1655.0,Odisha,28.0,28.0,8.0,8.4,1176.0,1340.0,0.1,0.4,2.2,10.4,,,,,2014,2014
1270,1656.0,Odisha,26.0,27.0,7.9,7.9,988.0,1017.0,0.2,0.3,2.9,11.0,130.0,130.0,540.0,540.0,2014,2014
1271,1657.0,Odisha,26.0,27.0,7.7,8.3,761.0,855.0,0.3,0.6,2.8,9.3,13.0,13.0,220.0,220.0,2014,2014
1272,1658.0,Odisha,27.0,28.0,8.2,8.3,320.0,403.0,0.2,0.5,0.3,3.0,,,,,2014,2014
1273,1397.0,PONDICHERRY,30.0,31.0,7.0,7.6,361.0,4800.0,,,,0.8,,,,,2014,2014
1274,1398.0,PONDICHERRY,30.0,32.0,7.3,7.4,1240.0,1900.0,,,,0.3,,,,,2014,2014
1275,1453.0,PONDICHERRY,30.0,32.0,7.0,7.4,476.0,658.0,,,4.7,4.8,,,,,2014,2014
1276,1454.0,PONDICHERRY,30.0,30.0,7.1,7.1,196.0,212.0,,,1.2,1.2,,,,,2014,2014
1277,1687.0,PONDICHERRY,30.0,30.0,7.1,7.3,1592.0,2200.0,,,,2.6,,,,,2014,2014
1278,1688.0,PONDICHERRY,30.0,30.0,7.2,7.6,500.0,574.0,,,0.4,0.5,,,,,2014,2014
1279,1689.0,PONDICHERRY,28.0,32.0,7.8,8.5,696.0,1474.0,1.0,14.0,,0.1,,,,,2014,2014
1280,2009.0,PONDICHERRY,30.0,32.0,7.2,7.6,530.0,560.0,,,5.0,6.3,,,,,2014,2014
1281,2010.0,PONDICHERRY,32.0,32.0,7.3,7.7,1200.0,1272.0,,,0.5,0.6,,,,,2014,2014
1282,2011.0,PONDICHERRY,32.0,32.0,7.4,7.5,3200.0,3210.0,,,,0.1,,,,,2014,2014
1283,2012.0,PONDICHERRY,30.0,32.0,7.4,7.5,1592.0,1600.0,,,,1.9,,,,,2014,2014
1284,2013.0,PONDICHERRY,27.0,28.5,7.4,7.5,1700.0,1728.0,1.0,1.0,0.8,1.2,,,,,2014,2014
1285,2014.0,PONDICHERRY,28.0,28.5,7.1,7.5,1446.0,1548.0,,,0.1,1.2,,,,,2014,2014
1286,2446.0,PONDICHERRY,32.0,32.0,6.7,6.7,255.0,255.0,,,5.8,5.8,,,,,2014,2014
1287,2447.0,PONDICHERRY,32.0,32.0,6.8,6.8,126.0,126.0,,,1.6,1.6,,,,,2014,2014
1288,1898.0,PUNJAB,,,6.7,7.0,1260.0,1260.0,,,1.8,7.2,,,,,2014,2014
1289,1900.0,PUNJAB,,,6.9,7.4,593.0,593.0,,,1.4,3.3,,,,,2014,2014
1290,1901.0,PUNJAB,,,6.7,6.8,896.0,896.0,,,1.4,4.3,,,,,2014,2014
1291,2918.0,PUNJAB,,,6.8,7.1,1504.0,2629.0,,,5.3,7.8,,,,,2014,2014
1292,2920.0,PUNJAB,,,6.9,6.9,2634.0,2634.0,,,8.0,8.0,,,,,2014,2014
1293,2921.0,PUNJAB,,,8.1,8.1,409.0,409.0,,,1.2,1.2,,,,,2014,2014
1294,2922.0,PUNJAB,,,6.9,6.9,1189.0,1189.0,,,4.6,4.6,,,,,2014,2014
1295,2923.0,PUNJAB,,,6.9,6.9,2638.0,2638.0,,,8.6,8.6,,,,,2014,2014
1296,2924.0,PUNJAB,,,7.5,7.5,1009.0,1009.0,,,2.0,2.0,,,,,2014,2014
1297,2931.0,PUNJAB,,,7.4,7.4,406.0,406.0,,,1.4,1.4,,,,,2014,2014
1298,1415.0,Rajasthan,25.0,25.0,8.4,8.4,2500.0,2500.0,1.1,1.1,1.8,1.8,4.0,4.0,4.0,4.0,2014,2014
1299,1416.0,Rajasthan,26.0,26.0,8.4,8.4,7100.0,7100.0,1.3,1.3,3.7,3.7,4.0,4.0,7.0,7.0,2014,2014
1300,1706.0,Rajasthan,28.0,28.0,8.0,8.0,940.0,940.0,0.8,0.8,1.0,1.0,,,7.0,7.0,2014,2014
1301,1749.0,Uttar Pradesh,22.0,22.0,7.1,7.2,510.0,740.0,,,,0.8,,,,,2014,2014
1302,1708.0,Rajasthan,28.0,28.0,7.7,7.7,1400.0,1400.0,1.1,1.1,0.8,0.8,,,4.0,4.0,2014,2014
1303,1709.0,Rajasthan,28.0,28.0,7.4,7.4,950.0,950.0,1.5,1.5,0.8,0.8,4.0,4.0,9.0,9.0,2014,2014
1304,1710.0,Rajasthan,28.0,28.0,7.5,7.5,1670.0,1670.0,0.8,0.8,2.4,2.4,,,4.0,4.0,2014,2014
1305,1711.0,Rajasthan,29.0,29.0,7.2,7.2,6500.0,6500.0,0.6,0.6,4.6,4.6,,,4.0,4.0,2014,2014
1306,1712.0,Rajasthan,28.0,28.0,7.7,7.7,1600.0,1600.0,1.8,1.8,0.5,0.5,,,4.0,4.0,2014,2014
1307,1713.0,Rajasthan,29.0,29.0,7.8,7.8,1690.0,1690.0,1.0,1.0,1.0,1.0,,,4.0,4.0,2014,2014
1308,1715.0,Rajasthan,30.0,30.0,7.3,7.3,700.0,700.0,0.8,0.8,1.8,1.8,,,9.0,9.0,2014,2014
1309,1720.0,Rajasthan,25.0,25.0,7.4,7.4,1300.0,1300.0,0.7,0.7,0.5,0.5,,,4.0,4.0,2014,2014
1310,1721.0,Rajasthan,26.0,26.0,7.6,7.6,560.0,560.0,0.7,0.7,2.0,2.0,,,4.0,4.0,2014,2014
1311,1724.0,Rajasthan,26.0,26.0,7.8,7.8,1590.0,1590.0,0.9,0.9,0.7,0.7,4.0,4.0,9.0,9.0,2014,2014
1312,1725.0,Rajasthan,26.0,26.0,6.8,6.8,1680.0,1680.0,1.7,1.7,1.1,1.1,,,4.0,4.0,2014,2014
1313,2015.0,Rajasthan,24.0,24.0,7.7,7.7,4700.0,4700.0,1.6,1.6,4.4,4.4,,,4.0,4.0,2014,2014
1314,2017.0,Rajasthan,22.0,23.0,7.8,8.0,2000.0,2500.0,1.1,1.7,1.7,4.4,,,4.0,4.0,2014,2014
1315,2018.0,Rajasthan,22.0,22.0,7.7,7.7,4300.0,4300.0,1.4,1.4,2.6,2.6,4.0,4.0,9.0,9.0,2014,2014
1316,2019.0,Rajasthan,24.0,24.0,6.7,6.7,1820.0,1820.0,1.1,1.1,1.3,1.3,,,4.0,4.0,2014,2014
1317,2020.0,Rajasthan,24.0,24.0,6.8,6.8,1870.0,1870.0,1.2,1.2,1.4,1.4,,,4.0,4.0,2014,2014
1318,2021.0,Rajasthan,24.0,24.0,6.8,6.8,2200.0,2200.0,1.5,1.5,1.0,1.0,,,4.0,4.0,2014,2014
1319,2022.0,Rajasthan,24.0,24.0,6.7,6.7,1700.0,1700.0,1.6,1.6,1.1,1.1,,,4.0,4.0,2014,2014
1320,2023.0,Rajasthan,24.0,24.0,6.7,6.7,1500.0,1500.0,1.4,1.4,2.1,2.1,4.0,4.0,9.0,9.0,2014,2014
1321,2024.0,Rajasthan,27.0,27.0,7.1,7.1,1810.0,1810.0,0.6,0.6,1.4,1.4,,,4.0,4.0,2014,2014
1322,2025.0,Rajasthan,27.0,27.0,6.9,6.9,2000.0,2000.0,0.9,0.9,2.0,2.0,4.0,4.0,9.0,9.0,2014,2014
1323,2026.0,Rajasthan,27.0,27.0,6.9,6.9,1000.0,1000.0,0.7,0.7,0.8,0.8,,,4.0,4.0,2014,2014
1324,2027.0,Rajasthan,26.0,26.0,7.3,7.3,1380.0,1380.0,1.0,1.0,1.0,1.0,,,4.0,4.0,2014,2014
1325,2028.0,Rajasthan,26.0,26.0,7.2,7.2,1410.0,1410.0,0.7,0.7,0.8,0.8,,,4.0,4.0,2014,2014
1326,2029.0,Rajasthan,32.0,32.0,7.6,7.6,850.0,850.0,0.9,0.9,1.1,1.1,,,4.0,4.0,2014,2014
1327,2030.0,Rajasthan,32.0,32.0,7.4,7.4,3400.0,3400.0,1.7,1.7,1.4,1.4,,,4.0,4.0,2014,2014
1328,2031.0,Rajasthan,32.0,32.0,7.5,7.5,1000.0,1000.0,1.5,1.5,1.0,1.0,,,4.0,4.0,2014,2014
1329,2032.0,Rajasthan,33.0,33.0,7.7,7.7,310.0,310.0,1.2,1.2,1.2,1.2,,,4.0,4.0,2014,2014
1330,2033.0,Rajasthan,33.0,33.0,7.2,7.2,2000.0,2000.0,1.5,1.5,2.1,2.1,,,4.0,4.0,2014,2014
1331,2957.0,Rajasthan,28.0,28.0,7.8,7.8,890.0,890.0,1.3,1.3,1.0,1.0,,,4.0,4.0,2014,2014
1332,2958.0,Rajasthan,27.0,27.0,6.9,6.9,4100.0,4100.0,1.8,1.8,1.8,1.8,4.0,4.0,7.0,7.0,2014,2014
1333,2959.0,Rajasthan,27.5,27.5,7.6,7.6,4300.0,4300.0,1.1,1.1,1.6,1.6,4.0,4.0,9.0,9.0,2014,2014
1334,1733.0,TRIPURA,27.7,28.0,7.4,7.9,141.0,149.0,,,,,,,,,2014,2014
1335,2960.0,Rajasthan,29.5,29.5,7.1,7.1,3600.0,3600.0,2.0,2.0,1.5,1.5,4.0,4.0,9.0,9.0,2014,2014
1336,2961.0,Rajasthan,26.0,26.0,7.4,7.4,670.0,670.0,1.3,1.3,0.7,0.7,4.0,4.0,4.0,4.0,2014,2014
1337,2962.0,Rajasthan,26.0,26.0,7.5,7.5,750.0,750.0,1.3,1.3,0.6,0.6,,,4.0,4.0,2014,2014
1338,2963.0,Rajasthan,25.0,25.0,7.8,7.8,990.0,990.0,0.8,0.8,0.6,0.6,,,4.0,4.0,2014,2014
1339,2964.0,Rajasthan,27.0,27.0,7.4,7.4,1170.0,1170.0,2.5,2.5,0.6,0.6,,,4.0,4.0,2014,2014
1340,2965.0,Rajasthan,24.0,24.0,8.3,8.3,890.0,890.0,2.8,2.8,2.4,2.4,4.0,4.0,7.0,7.0,2014,2014
1341,2966.0,Rajasthan,25.0,25.0,8.4,8.4,5700.0,5700.0,3.0,3.0,3.0,3.0,4.0,4.0,7.0,7.0,2014,2014
1342,2967.0,Rajasthan,24.0,24.0,8.4,8.4,1590.0,1590.0,2.8,2.8,1.4,1.4,4.0,4.0,7.0,7.0,2014,2014
1343,2968.0,Rajasthan,24.0,24.0,8.5,8.5,6100.0,6100.0,2.0,2.0,2.9,2.9,4.0,4.0,7.0,7.0,2014,2014
1344,2969.0,Rajasthan,28.0,28.0,7.5,7.5,860.0,860.0,1.7,1.7,1.4,1.4,4.0,4.0,7.0,7.0,2014,2014
1345,2970.0,Rajasthan,28.0,28.0,7.5,7.5,1740.0,1740.0,0.9,0.9,2.3,2.3,,,4.0,4.0,2014,2014
1346,2971.0,Rajasthan,28.0,28.0,7.5,7.5,2000.0,2000.0,0.8,0.8,1.4,1.4,,,4.0,4.0,2014,2014
1347,2972.0,Rajasthan,28.0,28.0,7.6,7.6,2500.0,2500.0,0.8,0.8,1.1,1.1,,,4.0,4.0,2014,2014
1348,2973.0,Rajasthan,27.0,27.0,7.7,7.7,3000.0,3000.0,0.9,0.9,1.6,1.6,,,4.0,4.0,2014,2014
1349,2974.0,Rajasthan,29.0,29.0,7.7,7.7,1390.0,1390.0,0.8,0.8,1.8,1.8,,,4.0,4.0,2014,2014
1350,2975.0,Rajasthan,28.0,28.0,7.5,7.5,4200.0,4200.0,0.9,0.9,2.2,2.2,,,4.0,4.0,2014,2014
1351,2976.0,Rajasthan,23.0,25.0,7.5,8.4,5500.0,7800.0,10.5,14.6,2.9,7.0,7.0,28.0,210.0,1100.0,2014,2014
1352,2977.0,Rajasthan,22.0,22.0,7.8,7.8,21000.0,21000.0,14.9,14.9,6.2,6.2,,,4.0,4.0,2014,2014
1353,2982.0,Rajasthan,20.0,20.0,8.0,8.0,2200.0,2200.0,2.4,2.4,0.6,0.6,4.0,4.0,9.0,9.0,2014,2014
1354,2985.0,Rajasthan,24.0,24.0,7.6,7.6,12700.0,12700.0,2.5,2.5,4.0,4.0,,,4.0,4.0,2014,2014
1355,2986.0,Rajasthan,19.0,19.0,7.8,7.8,8400.0,8400.0,2.7,2.7,3.1,3.1,,,4.0,4.0,2014,2014
1356,2987.0,Rajasthan,20.0,20.0,8.0,8.0,8300.0,8300.0,7.8,7.8,5.7,5.7,,,4.0,4.0,2014,2014
1357,2988.0,Rajasthan,19.0,19.0,7.9,7.9,6600.0,6600.0,1.8,1.8,3.0,3.0,,,4.0,4.0,2014,2014
1358,2989.0,Rajasthan,20.0,20.0,7.8,7.8,11700.0,11700.0,2.8,2.8,12.0,12.0,,,4.0,4.0,2014,2014
1359,2990.0,Rajasthan,18.0,18.0,7.6,7.6,11500.0,11500.0,3.1,3.1,3.7,3.7,,,4.0,4.0,2014,2014
1360,2991.0,Rajasthan,19.0,19.0,7.4,7.4,9700.0,9700.0,2.5,2.5,2.9,2.9,4.0,4.0,7.0,7.0,2014,2014
1361,2993.0,Rajasthan,18.0,18.0,7.8,7.8,21000.0,21000.0,4.3,4.3,5.6,5.6,4.0,4.0,7.0,7.0,2014,2014
1362,3000.0,Rajasthan,27.0,27.0,7.3,7.3,3300.0,3300.0,1.3,1.3,1.3,1.3,,,4.0,4.0,2014,2014
1363,3001.0,Rajasthan,29.0,29.0,7.6,7.6,1820.0,1820.0,0.9,0.9,2.0,2.0,,,4.0,4.0,2014,2014
1364,3002.0,Rajasthan,28.0,28.0,7.8,7.8,870.0,870.0,0.7,0.7,1.8,1.8,,,4.0,4.0,2014,2014
1365,3003.0,Rajasthan,28.0,28.0,7.5,7.5,3500.0,3500.0,1.7,1.7,2.1,2.1,,,4.0,4.0,2014,2014
1366,3004.0,Rajasthan,28.0,28.0,7.6,7.6,2500.0,2500.0,0.9,0.9,0.8,0.8,,,,,2014,2014
1367,3006.0,Rajasthan,26.0,26.0,7.7,7.7,2100.0,2100.0,1.2,1.2,2.0,2.0,,,7.0,7.0,2014,2014
1368,1405.0,TRIPURA,26.0,27.5,7.4,8.0,178.0,186.0,,,0.6,1.2,,,,,2014,2014
1369,1406.0,TRIPURA,26.5,28.0,7.6,7.8,330.0,366.0,,,,,,,,,2014,2014
1370,1730.0,TRIPURA,26.9,28.3,7.7,7.9,192.0,211.0,,,0.6,0.8,,,,,2014,2014
1371,1731.0,TRIPURA,27.5,28.0,7.6,7.7,98.0,108.0,,,,0.1,,,,,2014,2014
1372,1732.0,TRIPURA,27.0,28.0,7.6,7.7,112.0,127.0,,,,,,,,,2014,2014
1373,1734.0,TRIPURA,27.0,27.3,7.4,7.7,174.0,216.0,,,,,,,,,2014,2014
1374,1736.0,Uttar Pradesh,22.0,24.0,6.9,7.0,1044.0,1072.0,4.9,5.2,3.9,4.2,80.0,100.0,170.0,220.0,2014,2014
1375,1737.0,Uttar Pradesh,21.0,24.0,6.9,6.9,744.0,786.0,3.4,3.6,2.7,3.0,30.0,40.0,60.0,80.0,2014,2014
1376,1738.0,Uttar Pradesh,26.0,26.0,7.7,7.7,674.0,674.0,,,,,,,,,2014,2014
1377,1739.0,Uttar Pradesh,26.0,26.0,7.4,7.4,2987.0,2987.0,,,,,,,,,2014,2014
1378,1740.0,Uttar Pradesh,26.0,26.0,7.3,7.3,2940.0,2940.0,,,,,,,,,2014,2014
1379,1741.0,Uttar Pradesh,26.0,26.0,7.5,7.5,1202.0,1202.0,,,,,,,,,2014,2014
1380,1742.0,Uttar Pradesh,25.0,25.8,7.1,7.3,587.0,639.0,0.1,0.1,,0.3,,,,,2014,2014
1381,1743.0,Uttar Pradesh,25.0,26.0,7.0,7.2,963.0,1182.0,0.2,0.2,10.2,24.8,,,,,2014,2014
1382,1744.0,Uttar Pradesh,29.0,29.0,6.9,6.9,3923.0,3923.0,,,3.9,3.9,,,,,2014,2014
1383,1745.0,Uttar Pradesh,29.0,29.0,7.4,7.4,1109.0,1109.0,,,4.2,4.2,,,,,2014,2014
1384,1746.0,Uttar Pradesh,18.0,22.0,7.6,7.8,315.0,869.0,,,,0.3,,,,,2014,2014
1385,1747.0,Uttar Pradesh,21.0,21.0,7.8,7.9,611.0,852.0,,,0.2,0.2,,,,,2014,2014
1386,1750.0,Uttar Pradesh,22.0,23.0,7.4,7.7,690.0,710.0,,,,0.8,,,,,2014,2014
1387,1752.0,Uttar Pradesh,23.0,23.6,6.6,7.3,1020.0,3880.0,2.0,2.8,2.5,2.7,,,,,2014,2014
1388,1753.0,Uttar Pradesh,23.0,24.0,6.4,7.0,1680.0,1943.0,2.0,2.5,1.0,1.8,,,,,2014,2014
1389,1754.0,Uttar Pradesh,22.8,24.0,6.4,7.1,1070.0,1250.0,1.2,2.1,1.5,2.4,,,,,2014,2014
1390,1755.0,Uttar Pradesh,23.0,25.0,6.5,7.2,1210.0,1800.0,2.2,2.6,0.4,1.8,,,,,2014,2014
1391,1757.0,Uttar Pradesh,22.9,23.8,7.2,7.4,1336.0,1418.0,0.2,0.2,1.6,7.2,,,,,2014,2014
1392,1759.0,Uttar Pradesh,23.2,23.6,7.1,7.3,1248.0,1324.0,0.3,0.3,,1.5,,,,,2014,2014
1393,1760.0,Uttar Pradesh,23.3,24.0,6.7,7.0,1258.0,1336.0,0.3,0.4,,11.4,,,,,2014,2014
1394,1761.0,Uttar Pradesh,22.8,23.9,7.2,7.3,982.0,1015.0,0.3,0.4,,1.6,,,,,2014,2014
1395,1769.0,Uttar Pradesh,23.8,33.0,7.1,7.6,1142.0,3300.0,0.3,1.0,,2.0,,,,,2014,2014
1396,2469.0,Uttar Pradesh,23.8,23.8,7.6,7.6,1142.0,1142.0,0.3,0.3,,,,,,,2014,2014
1397,2469.0,Uttar Pradesh,23.8,23.8,7.6,7.6,1092.0,1092.0,0.2,0.2,0.8,0.8,,,,,2014,2014
1398,2470.0,Uttar Pradesh,23.0,23.7,7.2,7.3,1272.0,1337.0,0.3,0.4,,3.8,,,,,2014,2014
1399,2471.0,Uttar Pradesh,20.0,23.0,8.0,8.0,486.0,496.0,2.2,2.6,0.3,0.4,40.0,60.0,100.0,110.0,2014,2014
1400,2472.0,Uttar Pradesh,22.0,23.0,7.6,7.6,960.0,1060.0,,,,0.3,,,,,2014,2014
1401,2473.0,Uttar Pradesh,20.0,21.0,7.3,7.7,210.0,710.0,,,,0.8,,,,,2014,2014
1402,2474.0,Uttar Pradesh,20.0,21.0,7.7,7.8,601.0,792.0,,,0.3,0.3,,,,,2014,2014
1403,2475.0,Uttar Pradesh,21.0,22.0,7.9,8.1,688.0,762.0,,,0.4,0.4,,,,,2014,2014
1404,2477.0,Uttar Pradesh,17.2,31.2,7.3,7.9,983.0,2860.0,,,,,,,,,2014,2014
1405,2478.0,Uttar Pradesh,25.0,25.8,7.2,7.5,520.0,601.0,0.3,0.3,,0.4,,,,,2014,2014
1406,2480.0,Uttar Pradesh,20.0,20.0,7.5,7.5,380.0,380.0,,,,,,,,,2014,2014
1407,1767.0,WEST BENGAL,27.0,28.0,7.4,7.4,877.0,888.0,0.7,0.7,0.4,0.5,,,,,2014,2014
1408,1768.0,WEST BENGAL,31.0,33.0,6.9,7.4,656.0,864.0,0.3,1.5,0.3,0.5,,,,,2014,2014
1409,1770.0,WEST BENGAL,35.0,35.0,7.1,7.3,2140.0,2170.0,2.8,3.2,,,,,,,2014,2014
1410,1771.0,WEST BENGAL,27.0,28.0,7.5,8.3,572.0,672.0,0.7,1.3,0.1,0.4,,,1.0,1.0,2014,2014
1411,1772.0,WEST BENGAL,28.0,28.0,7.1,8.0,696.0,867.0,0.5,1.0,0.1,0.5,,,,,2014,2014
1412,1773.0,WEST BENGAL,28.0,29.0,7.5,7.8,1943.0,2146.0,0.6,2.0,,0.1,,,,,2014,2014
1413,1774.0,WEST BENGAL,28.0,29.0,7.3,7.5,1680.0,1777.0,0.4,1.6,,,,,,,2014,2014
1414,1775.0,WEST BENGAL,27.0,28.0,7.2,7.3,1815.0,1833.0,0.7,1.5,,0.1,,,,,2014,2014
1415,1776.0,WEST BENGAL,27.0,28.0,7.3,7.5,1209.0,1231.0,0.4,1.0,,,,,,,2014,2014
1416,1777.0,WEST BENGAL,27.0,28.0,7.7,7.8,852.0,926.0,0.3,1.0,0.1,0.6,7.0,7.0,9.0,9.0,2014,2014
1417,1778.0,WEST BENGAL,28.0,28.0,7.3,7.6,708.0,817.0,2.0,2.0,,0.1,,,,,2014,2014
1418,1779.0,WEST BENGAL,29.0,29.0,7.2,7.9,938.0,1030.0,0.7,1.1,0.1,1.0,,,,,2014,2014
1419,1813.0,WEST BENGAL,28.0,28.0,7.3,7.9,261.0,924.0,0.5,1.8,0.1,0.9,,,,,2014,2014
1420,1931.0,WEST BENGAL,26.0,26.0,7.3,7.6,2370.0,2444.0,0.3,0.6,,0.1,900.0,900.0,1600.0,1600.0,2014,2014
1421,1932.0,WEST BENGAL,26.0,27.0,7.6,7.7,864.0,1119.0,0.3,1.3,0.1,0.2,7.0,7.0,14.0,14.0,2014,2014
1422,1933.0,WEST BENGAL,28.0,30.0,7.3,8.0,260.0,1486.0,0.3,1.1,,0.7,500.0,540.0,920.0,1600.0,2014,2014
1423,1934.0,WEST BENGAL,29.0,30.0,7.4,7.5,2270.0,2370.0,0.4,0.4,,,,,,,2014,2014
1424,1935.0,WEST BENGAL,28.5,29.0,7.1,7.4,1450.0,1472.0,0.4,1.0,,0.2,2.0,2.0,8.0,8.0,2014,2014
1425,1936.0,WEST BENGAL,27.0,28.0,7.5,7.6,905.0,928.0,0.5,0.8,,0.1,,,,,2014,2014
1426,1937.0,WEST BENGAL,27.0,28.0,7.5,8.0,1470.0,1570.0,0.6,0.6,0.1,0.3,,,,,2014,2014
1427,1938.0,WEST BENGAL,31.0,32.0,8.2,8.5,1717.0,2240.0,0.7,1.3,0.2,1.1,2.0,2.0,3.0,3.0,2014,2014
1428,1939.0,WEST BENGAL,25.0,30.0,7.3,8.4,348.0,384.0,0.1,2.6,0.1,0.4,,,,,2014,2014
1429,1940.0,WEST BENGAL,27.5,29.0,7.4,7.8,554.0,565.0,1.0,1.1,0.1,1.0,,,,,2014,2014
1430,1941.0,WEST BENGAL,28.0,29.0,7.5,7.8,385.0,410.0,0.3,1.1,0.2,0.4,,,,,2014,2014
1431,1942.0,WEST BENGAL,33.0,33.0,7.3,7.5,1248.0,1441.0,0.4,1.4,0.4,0.4,,,,,2014,2014
1432,1943.0,WEST BENGAL,31.0,32.0,7.1,7.5,448.0,535.0,0.3,0.3,,,,,,,2014,2014
1433,1944.0,WEST BENGAL,30.0,30.0,7.2,7.4,100.0,116.0,0.6,0.8,1.0,1.5,,,,,2014,2014
1434,1945.0,WEST BENGAL,24.0,26.0,7.0,7.6,398.0,590.0,0.6,0.8,0.1,1.1,,,,,2014,2014
1435,2510.0,WEST BENGAL,27.0,28.5,7.2,7.5,1008.0,1016.0,0.4,0.8,,,,,,,2014,2014
1436,2515.0,WEST BENGAL,26.0,29.0,7.2,7.9,429.0,500.0,0.2,0.7,0.1,0.7,,,,,2014,2014
1437,2516.0,WEST BENGAL,27.0,29.0,7.1,8.0,426.0,663.0,0.1,0.4,0.2,0.3,,,,,2014,2014
1438,2526.0,WEST BENGAL,26.0,28.0,7.0,7.4,85.0,101.0,0.2,1.2,0.1,0.3,70.0,80.0,120.0,140.0,2014,2014
1439,2528.0,WEST BENGAL,29.0,29.5,7.1,7.5,752.0,796.0,0.8,2.5,0.4,0.5,2.0,2.0,4.0,4.0,2014,2014
1440,2529.0,WEST BENGAL,28.0,29.0,6.8,7.5,663.0,714.0,0.4,0.9,0.7,0.7,,,,,2014,2014
1441,2530.0,WEST BENGAL,66.0,68.0,9.3,9.3,552.0,594.0,1.1,1.9,0.4,0.4,,,,,2014,2014
1442,2533.0,WEST BENGAL,29.0,29.0,6.1,7.4,660.0,929.0,0.7,1.3,0.6,0.8,,,,,2014,2014
1443,2535.0,WEST BENGAL,30.0,31.0,6.9,7.3,482.0,493.0,0.5,0.7,0.2,0.2,,,,,2014,2014
1444,2536.0,WEST BENGAL,29.0,29.0,7.1,7.1,314.0,1013.0,0.9,1.1,4.7,6.6,,,,,2014,2014
1445,2537.0,WEST BENGAL,28.0,30.0,7.0,8.0,358.0,801.0,0.3,0.9,2.2,2.6,,,,,2014,2014
1446,2538.0,WEST BENGAL,29.0,29.0,7.0,7.0,306.0,306.0,1.2,3.5,0.6,0.7,,,,,2014,2014
1447,2540.0,WEST BENGAL,28.0,30.0,7.5,7.5,1727.0,1854.0,0.8,0.9,0.2,0.2,4.0,4.0,13.0,13.0,2014,2014
1448,2542.0,WEST BENGAL,26.0,29.0,6.6,6.7,742.0,814.0,0.4,0.9,0.1,0.1,,,,,2014,2014
1449,2543.0,WEST BENGAL,26.0,29.0,5.7,8.0,123.0,140.0,0.4,0.7,2.1,3.4,,,,,2014,2014
1450,2545.0,WEST BENGAL,27.0,32.0,6.8,7.5,485.0,1568.0,1.1,1.7,3.9,4.1,8.0,8.0,13.0,13.0,2014,2014
1451,2546.0,WEST BENGAL,26.0,29.0,7.9,8.0,969.0,987.0,0.3,0.7,,0.8,4.0,4.0,13.0,13.0,2014,2014
1452,2547.0,WEST BENGAL,26.0,27.0,7.1,8.0,1048.0,2140.0,0.3,1.4,0.1,0.6,500.0,500.0,900.0,900.0,2014,2014
1453,2548.0,WEST BENGAL,27.0,29.0,7.2,7.5,1832.0,2040.0,0.5,0.7,0.1,0.2,2.0,2.0,11.0,11.0,2014,2014
1454,2917.0,PUNJAB,,,7.0,7.0,1470.0,1470.0,,,3.0,3.0,,,,,2014,2014
1455,1934.0,WEST BENGAL,28.0,31.0,7.1,7.5,2.0,2398.0,0.5,1.3,0.3,0.3,,,,,2016,2016
1456,1935.0,WEST BENGAL,29.0,30.0,7.1,7.6,1470.0,1482.0,1.3,1.6,0.1,0.3,50.0,50.0,70.0,70.0,2016,2016
1457,1936.0,WEST BENGAL,27.0,30.0,7.2,7.7,881.0,897.0,0.3,1.0,0.1,0.2,,,,,2016,2016
1458,1937.0,WEST BENGAL,28.0,30.0,7.9,8.0,255.0,997.0,1.5,2.7,0.1,0.2,,,,,2016,2016
1459,1938.0,WEST BENGAL,28.0,32.0,6.8,8.4,1125.0,1786.0,0.1,1.4,0.2,0.6,,,,,2016,2016
1460,1939.0,WEST BENGAL,29.0,29.0,7.0,7.5,410.0,735.0,0.1,0.9,0.6,0.9,,,,,2016,2016
1461,1940.0,WEST BENGAL,26.0,28.0,7.1,7.3,554.0,836.0,0.5,0.8,0.3,0.9,,,,,2016,2016
1462,1941.0,WEST BENGAL,27.0,28.0,7.2,7.6,393.0,395.0,1.1,1.3,0.2,0.8,,,,,2016,2016
1463,1942.0,WEST BENGAL,33.0,34.0,7.5,7.6,1319.0,1380.0,0.4,0.8,0.1,0.2,,,,,2016,2016
1464,1943.0,WEST BENGAL,31.0,32.0,7.1,7.2,370.0,415.0,0.5,0.9,,,11.0,170.0,22.0,900.0,2016,2016
1465,1944.0,WEST BENGAL,32.0,33.0,6.5,7.2,102.0,138.0,0.5,1.0,0.6,0.8,,,,,2016,2016
1466,1945.0,WEST BENGAL,23.0,28.0,7.3,7.3,558.0,696.0,0.5,0.6,0.2,0.2,,,,,2016,2016
1467,2510.0,WEST BENGAL,28.5,33.0,7.5,8.0,1005.0,1038.0,0.2,0.5,,0.1,,,,,2016,2016
1468,2515.0,WEST BENGAL,28.0,30.0,7.5,7.6,587.0,596.0,1.4,1.6,0.1,0.6,,,,,2016,2016
1469,2516.0,WEST BENGAL,28.0,29.0,7.2,7.7,748.0,754.0,0.7,1.1,0.3,0.7,,,,,2016,2016
1470,26.0,ANDHRA PRADESH,22.0,26.0,7.51,8.03,960.0,1418.0,,,2.7,4.6,,,400.0,400.0,2016,2016
1471,1513.0,ANDHRA PRADESH,23.0,26.0,7.7,8.0,1214.0,1260.0,,,,1.9,,,400.0,400.0,2016,2016
1472,1514.0,ANDHRA PRADESH,23.0,23.0,7.4,8.0,1010.0,1427.0,,,0.2,1.1,,,400.0,400.0,2016,2016
1473,1516.0,ANDHRA PRADESH,,,8.5,8.6,557.0,670.0,,,0.5,0.6,,,400.0,400.0,2016,2016
1474,1517.0,ANDHRA PRADESH,23.0,29.0,7.6,7.9,4060.0,4220.0,0.7,1.0,2.1,2.6,,,18.0,18.0,2016,2016
1475,1518.0,ANDHRA PRADESH,22.0,28.0,7.7,7.9,4310.0,4310.0,0.8,1.0,2.3,3.2,,,16.0,16.0,2016,2016
1476,1519.0,ANDHRA PRADESH,28.0,31.0,7.7,8.2,1122.0,1406.0,0.5,1.0,1.8,1.9,,,16.0,16.0,2016,2016
1477,1520.0,ANDHRA PRADESH,28.0,30.0,7.8,8.3,659.0,744.0,0.7,1.2,1.1,1.1,,,16.0,16.0,2016,2016
1478,1521.0,ANDHRA PRADESH,26.0,26.0,7.3,7.5,2535.0,2813.0,2.2,2.6,5.2,5.3,11.0,11.0,460.0,460.0,2016,2016
1479,1522.0,ANDHRA PRADESH,24.0,27.0,7.2,7.4,478.0,485.0,1.2,1.5,0.7,1.0,7.0,9.0,150.0,150.0,2016,2016
1480,1834.0,BIHAR,24.0,28.0,7.2,7.3,320.0,1210.0,,,,,7.0,7.0,14.0,14.0,2016,2016
1481,1523.0,ANDHRA PRADESH,26.0,26.0,5.9,7.8,324.0,395.0,1.0,1.2,1.2,1.3,9.0,11.0,14.0,21.0,2016,2016
1482,1524.0,ANDHRA PRADESH,28.0,28.0,7.3,7.5,1105.0,1303.0,1.2,1.4,0.8,1.1,7.0,7.0,20.0,28.0,2016,2016
1483,3087.0,ANDHRA PRADESH,25.0,25.0,7.8,8.2,1110.0,2180.0,0.5,0.5,0.2,7.7,,,400.0,400.0,2016,2016
1484,3089.0,ANDHRA PRADESH,28.0,28.0,7.6,7.9,1537.0,1917.0,1.0,1.4,7.9,8.0,7.0,7.0,150.0,160.0,2016,2016
1485,3090.0,ANDHRA PRADESH,26.0,26.0,7.2,7.6,1689.0,1796.0,1.4,1.6,9.9,11.6,7.0,7.0,15.0,21.0,2016,2016
1486,3091.0,ANDHRA PRADESH,25.0,28.0,7.3,7.6,2536.0,2893.0,1.3,1.5,8.0,8.0,3.0,4.0,380.0,460.0,2016,2016
1487,3092.0,ANDHRA PRADESH,27.0,27.0,7.6,7.7,653.0,738.0,1.2,1.5,4.1,5.7,14.0,15.0,64.0,75.0,2016,2016
1488,3093.0,ANDHRA PRADESH,26.0,27.0,7.4,7.6,1375.0,1528.0,1.0,1.8,3.3,3.5,4.0,5.0,20.0,28.0,2016,2016
1489,1533.0,ASSAM,21.0,21.0,6.6,6.6,200.0,200.0,2.8,2.8,0.1,0.1,,,2100.0,2100.0,2016,2016
1490,1534.0,ASSAM,24.0,26.0,6.2,6.9,561.0,827.0,1.3,2.7,0.3,0.3,,,,,2016,2016
1491,1535.0,ASSAM,23.0,24.0,6.5,6.5,224.0,267.0,0.9,2.4,0.1,0.3,,,,,2016,2016
1492,1536.0,ASSAM,23.0,25.0,6.0,6.8,127.0,245.0,1.8,2.7,0.1,0.4,,,,,2016,2016
1493,1537.0,ASSAM,24.0,26.0,6.4,6.6,159.0,181.0,2.1,2.2,0.1,6.0,,,,,2016,2016
1494,1538.0,ASSAM,26.0,27.0,5.6,6.2,57.0,91.0,0.5,0.9,0.4,0.7,,,73.0,73.0,2016,2016
1495,1539.0,ASSAM,29.0,29.0,6.3,7.6,246.0,264.0,1.2,3.4,3.1,3.2,,,910.0,2000.0,2016,2016
1496,1540.0,ASSAM,29.0,30.0,6.3,6.4,228.0,624.0,0.2,1.9,6.9,7.4,,,73.0,73.0,2016,2016
1497,1541.0,ASSAM,24.0,29.0,6.3,7.2,212.0,271.0,1.4,5.2,0.2,0.2,,,300.0,360.0,2016,2016
1498,1542.0,ASSAM,23.0,25.0,6.5,6.7,548.0,627.0,0.8,6.6,4.5,10.3,,,,,2016,2016
1499,2243.0,ASSAM,20.0,24.0,6.3,7.6,222.0,224.0,1.4,2.5,0.1,0.1,,,,,2016,2016
1500,2244.0,ASSAM,24.0,25.0,6.7,7.4,193.0,202.0,1.3,2.4,0.1,0.2,,,36.0,36.0,2016,2016
1501,2245.0,ASSAM,23.0,29.0,6.0,6.1,81.0,124.0,0.6,0.8,1.0,1.1,,,,,2016,2016
1502,2246.0,ASSAM,22.0,23.0,6.9,7.2,108.0,194.0,0.6,2.3,0.1,0.3,,,,,2016,2016
1503,2247.0,ASSAM,23.0,23.0,7.0,7.6,212.0,236.0,0.5,2.8,0.2,0.2,,,,,2016,2016
1504,2248.0,ASSAM,23.0,27.0,5.9,6.5,149.0,234.0,1.2,1.2,0.3,0.3,,,72.0,72.0,2016,2016
1505,2249.0,ASSAM,23.0,26.0,6.5,6.8,110.0,143.0,2.1,2.2,0.3,0.4,,,36.0,36.0,2016,2016
1506,2250.0,ASSAM,29.0,29.0,6.2,6.5,250.0,283.0,1.2,1.9,0.2,0.2,,,360.0,600.0,2016,2016
1507,2251.0,ASSAM,30.0,32.0,5.6,6.0,767.0,997.0,2.4,3.0,9.2,11.1,,,900.0,900.0,2016,2016
1508,2252.0,ASSAM,22.0,26.0,6.7,6.8,215.0,375.0,0.6,1.3,0.1,0.1,,,600.0,2400.0,2016,2016
1509,2253.0,ASSAM,25.0,26.0,6.8,7.0,206.0,410.0,1.8,2.1,0.1,1.1,,,,,2016,2016
1510,2254.0,ASSAM,29.0,30.0,6.8,7.1,552.0,719.0,1.2,2.8,0.8,0.9,,,700.0,1100.0,2016,2016
1511,2255.0,ASSAM,28.0,30.0,6.2,6.9,157.0,252.0,1.0,1.8,4.9,5.2,,,73.0,73.0,2016,2016
1512,2256.0,ASSAM,29.0,29.0,6.0,6.1,101.0,196.0,0.7,1.3,0.1,0.2,,,36.0,36.0,2016,2016
1513,2257.0,ASSAM,29.0,30.0,7.1,7.4,437.0,443.0,0.7,1.1,0.1,0.1,,,2900.0,2900.0,2016,2016
1514,2258.0,ASSAM,28.0,29.0,6.6,6.8,250.0,256.0,0.5,1.6,2.3,2.5,,,,,2016,2016
1515,2260.0,ASSAM,25.0,25.0,6.0,6.5,147.0,182.0,0.8,2.0,0.1,0.7,,,,,2016,2016
1516,2261.0,ASSAM,23.0,23.0,7.8,7.8,131.0,131.0,1.5,1.5,0.1,0.1,,,91.0,91.0,2016,2016
1517,2262.0,ASSAM,25.0,27.0,6.1,6.2,85.0,87.0,0.9,1.2,0.1,0.1,,,,,2016,2016
1518,2263.0,ASSAM,25.0,26.0,6.7,6.9,135.0,139.0,1.6,2.2,1.7,1.7,,,110.0,110.0,2016,2016
1519,2264.0,ASSAM,25.0,26.0,6.1,6.1,146.0,174.0,0.8,2.5,0.6,0.8,,,,,2016,2016
1520,1826.0,BIHAR,29.0,29.0,7.0,7.0,655.0,655.0,,,,,,,,,2016,2016
1521,1827.0,BIHAR,27.0,28.0,7.1,7.7,552.0,616.0,,,,,4.0,7.0,10.0,14.0,2016,2016
1522,1828.0,BIHAR,27.0,28.0,7.1,7.4,592.0,657.0,,,,,,,,,2016,2016
1523,1829.0,BIHAR,29.0,32.0,6.9,7.5,556.0,634.0,,,,,2.0,2.0,4.0,4.0,2016,2016
1524,1830.0,BIHAR,26.0,36.0,7.2,7.5,649.0,709.0,,,,,,,,,2016,2016
1525,1831.0,BIHAR,26.0,35.0,7.7,7.9,619.0,754.0,,,,,,,,,2016,2016
1526,1832.0,BIHAR,26.0,28.0,7.4,7.4,873.0,1960.0,,,,,5.0,5.0,8.0,8.0,2016,2016
1527,1833.0,BIHAR,26.0,28.0,7.4,7.5,1053.0,1060.0,,,,,7.0,7.0,14.0,14.0,2016,2016
1528,1835.0,BIHAR,24.0,28.0,7.3,7.4,1140.0,1140.0,,,,,,,,,2016,2016
1529,1836.0,BIHAR,25.0,25.0,7.4,7.4,812.0,1180.0,,,,,9.0,9.0,14.0,14.0,2016,2016
1530,1837.0,BIHAR,26.0,28.0,7.3,7.4,526.0,1200.0,,,,,4.0,6.0,6.0,14.0,2016,2016
1531,1838.0,BIHAR,25.0,25.0,7.4,7.5,693.0,1140.0,,,,,7.0,7.0,14.0,14.0,2016,2016
1532,1839.0,BIHAR,25.0,26.0,7.3,7.4,742.0,2090.0,,,,,7.0,7.0,9.0,9.0,2016,2016
1533,1840.0,BIHAR,25.0,33.0,7.5,7.7,659.0,696.0,,,,,,,,,2016,2016
1534,1841.0,BIHAR,25.0,32.0,7.1,7.5,494.0,1660.0,,,,,2.0,5.0,4.0,7.0,2016,2016
1535,1842.0,BIHAR,25.0,31.0,7.5,8.6,481.0,586.0,,,,,,,,,2016,2016
1536,1843.0,BIHAR,26.0,26.0,7.5,7.7,462.0,966.0,,,,,,,,,2016,2016
1537,1844.0,BIHAR,28.0,28.0,7.1,7.3,550.0,720.0,,,,,9.0,9.0,20.0,20.0,2016,2016
1538,2576.0,BIHAR,25.0,28.0,7.2,7.6,618.0,2340.0,,,,,7.0,7.0,14.0,14.0,2016,2016
1539,2577.0,BIHAR,26.0,28.0,7.2,7.4,360.0,890.0,,,,,4.0,7.0,6.0,14.0,2016,2016
1540,2578.0,BIHAR,26.0,29.0,7.2,7.4,310.0,592.0,,,,,5.0,5.0,9.0,9.0,2016,2016
1541,2579.0,BIHAR,26.0,27.0,7.3,7.3,732.0,740.0,,,,,7.0,7.0,14.0,14.0,2016,2016
1542,2580.0,BIHAR,28.0,28.0,7.2,7.2,159.0,159.0,,,,,,,,,2016,2016
1543,2581.0,BIHAR,23.0,27.0,7.3,7.4,628.0,890.0,,,,,4.0,4.0,9.0,9.0,2016,2016
1544,2582.0,BIHAR,24.0,27.0,7.2,8.0,634.0,725.0,,,,,4.0,7.0,6.0,14.0,2016,2016
1545,2583.0,BIHAR,23.0,25.0,7.0,7.4,670.0,1994.0,,,,,4.0,4.0,8.0,8.0,2016,2016
1546,2584.0,BIHAR,24.0,28.0,7.1,7.3,750.0,1580.0,,,,,,,,,2016,2016
1547,2585.0,BIHAR,25.0,28.0,7.4,7.5,690.0,1120.0,,,,,5.0,5.0,18.0,18.0,2016,2016
1548,2586.0,BIHAR,27.0,32.0,7.0,7.2,374.0,726.0,,,,,5.0,5.0,7.0,7.0,2016,2016
1549,2587.0,BIHAR,22.0,24.0,7.4,7.4,779.0,915.0,,,,,4.0,4.0,6.0,6.0,2016,2016
1550,2588.0,BIHAR,24.0,34.0,7.2,7.4,380.0,1040.0,,,,,5.0,5.0,7.0,7.0,2016,2016
1551,2589.0,BIHAR,25.0,33.0,7.4,7.4,657.0,657.0,,,,,4.0,4.0,6.0,8.0,2016,2016
1552,2590.0,BIHAR,22.0,27.0,7.5,7.6,450.0,747.0,,,,,,,,,2016,2016
1553,2591.0,BIHAR,25.0,25.0,7.5,7.6,859.0,1200.0,,,,,4.0,7.0,6.0,17.0,2016,2016
1554,2592.0,BIHAR,25.0,25.0,7.4,7.6,820.0,820.0,,,,,4.0,5.0,6.0,7.0,2016,2016
1555,2594.0,BIHAR,25.0,26.0,7.4,7.4,500.0,500.0,,,,,7.0,7.0,14.0,14.0,2016,2016
1556,2595.0,BIHAR,24.0,30.0,7.2,7.4,466.0,926.0,,,,,3.0,3.0,7.0,7.0,2016,2016
1557,2596.0,BIHAR,25.0,35.0,7.7,8.2,721.0,835.0,,,,,4.0,4.0,6.0,7.0,2016,2016
1558,2597.0,BIHAR,28.0,28.0,7.4,7.5,739.0,1610.0,,,,,,,,,2016,2016
1559,2598.0,BIHAR,26.0,28.0,7.4,7.9,329.0,890.0,,,,,,,,,2016,2016
1560,2599.0,BIHAR,26.0,28.0,7.4,7.6,694.0,830.0,,,,,7.0,7.0,9.0,9.0,2016,2016
1561,2600.0,BIHAR,24.0,35.0,7.4,7.6,925.0,1134.0,,,,,,,,,2016,2016
1562,3138.0,BIHAR,26.0,28.0,7.2,7.5,861.0,905.0,,,,,4.0,4.0,6.0,6.0,2016,2016
1563,3139.0,BIHAR,26.0,28.0,7.2,7.4,370.0,1020.0,,,,,4.0,5.0,6.0,11.0,2016,2016
1564,3140.0,BIHAR,22.0,30.0,7.2,7.7,376.0,1883.0,,,,,5.0,5.0,8.0,8.0,2016,2016
1565,3141.0,BIHAR,26.0,28.0,7.6,7.6,400.0,516.0,,,,,4.0,5.0,6.0,14.0,2016,2016
1566,3142.0,BIHAR,26.0,26.0,7.3,7.3,518.0,518.0,,,,,,,,,2016,2016
1567,3143.0,BIHAR,36.0,36.0,7.3,7.3,698.0,698.0,,,,,4.0,4.0,8.0,8.0,2016,2016
1568,3144.0,BIHAR,25.0,26.0,7.4,7.5,831.0,996.0,,,,,5.0,5.0,9.0,9.0,2016,2016
1569,3145.0,BIHAR,25.0,27.0,6.9,7.8,620.0,971.0,,,,,7.0,7.0,9.0,9.0,2016,2016
1570,3146.0,BIHAR,26.0,27.0,7.3,7.6,606.0,2090.0,,,,,,,,,2016,2016
1571,3147.0,BIHAR,22.0,27.0,7.3,7.6,461.0,728.0,,,,,,,,,2016,2016
1572,3148.0,BIHAR,25.0,25.0,7.4,7.5,686.0,1040.0,,,,,4.0,7.0,6.0,9.0,2016,2016
1573,3149.0,BIHAR,25.0,27.0,7.1,7.7,556.0,1220.0,,,,,7.0,7.0,17.0,17.0,2016,2016
1574,3150.0,BIHAR,25.0,30.0,7.3,7.7,343.0,555.0,,,,,5.0,5.0,8.0,8.0,2016,2016
1575,3151.0,BIHAR,28.0,28.0,7.3,7.3,1130.0,1130.0,,,,,,,,,2016,2016
1576,3152.0,BIHAR,26.0,28.0,7.4,8.1,688.0,876.0,,,,,7.0,7.0,14.0,14.0,2016,2016
1577,3153.0,BIHAR,26.0,26.0,7.2,7.2,849.0,849.0,,,,,,,,,2016,2016
1578,3154.0,BIHAR,25.0,29.0,6.9,7.6,555.0,1420.0,,,,,4.0,7.0,6.0,11.0,2016,2016
1579,3155.0,BIHAR,25.0,37.0,7.5,7.5,970.0,970.0,,,,,,,,,2016,2016
1580,3156.0,BIHAR,24.0,30.0,7.3,7.3,450.0,917.0,,,,,4.0,7.0,6.0,14.0,2016,2016
1581,3157.0,BIHAR,25.0,28.0,7.4,7.5,328.0,843.0,,,,,4.0,4.0,5.0,5.0,2016,2016
1582,3158.0,BIHAR,25.0,28.0,7.2,7.6,705.0,2070.0,,,,,7.0,7.0,11.0,11.0,2016,2016
1583,3159.0,BIHAR,27.0,27.0,7.1,7.3,518.0,976.0,,,,,7.0,7.0,9.0,9.0,2016,2016
1584,3160.0,BIHAR,25.0,33.0,7.3,7.5,779.0,882.0,,,,,4.0,7.0,6.0,9.0,2016,2016
1585,3161.0,BIHAR,27.0,32.0,7.2,7.2,325.0,820.0,,,,,6.0,6.0,9.0,9.0,2016,2016
1586,2039.0,CHANDIGARH,27.0,28.0,7.2,7.4,710.0,900.0,5.0,5.0,3.0,3.3,6.0,6.0,8.0,8.0,2016,2016
1587,2040.0,CHANDIGARH,27.0,28.0,7.0,7.1,710.0,820.0,5.0,5.0,3.0,3.3,2.0,348.0,4.0,710.0,2016,2016
1588,2043.0,CHANDIGARH,26.0,28.0,7.0,7.2,875.0,910.0,6.0,6.0,1.9,3.6,2.0,5.0,6.0,8.0,2016,2016
1589,2044.0,CHANDIGARH,23.0,29.0,6.9,7.2,695.0,720.0,9.0,9.0,2.7,3.4,9.0,9.0,11.0,11.0,2016,2016
1590,2045.0,CHANDIGARH,26.0,27.0,7.3,7.3,553.0,600.0,4.0,4.0,3.6,4.0,4.0,4.0,6.0,6.0,2016,2016
1591,1620.0,CHHATTISGARH,24.0,28.0,7.7,7.9,530.0,688.0,0.3,0.4,0.3,2.4,,,2.0,4.0,2016,2016
1592,1621.0,CHHATTISGARH,24.0,29.0,7.7,7.9,506.0,578.0,0.4,0.7,1.0,2.3,,,4.0,4.0,2016,2016
1593,1622.0,CHHATTISGARH,29.5,34.0,7.5,7.5,352.0,360.0,,,0.6,0.7,,,8.0,8.0,2016,2016
1594,1623.0,CHHATTISGARH,28.0,34.0,7.5,8.0,360.0,416.0,,,0.5,0.6,,,8.0,8.0,2016,2016
1595,3171.0,CHHATTISGARH,27.0,27.0,7.5,7.5,,,0.5,1.2,0.2,0.4,,,9.0,9.0,2016,2016
1596,3172.0,CHHATTISGARH,26.2,26.5,7.1,7.2,,,0.4,0.6,,0.2,,,,,2016,2016
1597,3173.0,CHHATTISGARH,26.2,26.6,7.2,7.2,,,0.4,0.6,,,,,,,2016,2016
1598,3174.0,CHHATTISGARH,26.3,26.6,7.1,7.1,,,0.6,0.8,,,,,,,2016,2016
1599,2453.0,DADRA & NAGAR HAVELI,29.0,29.2,7.2,7.4,442.0,678.0,,,0.8,1.6,70.0,240.0,278.0,920.0,2016,2016
1600,2454.0,DADRA & NAGAR HAVELI,29.0,29.8,7.0,7.6,496.0,778.0,,,0.7,2.0,12.0,1600.0,280.0,1600.0,2016,2016
1601,2455.0,DADRA & NAGAR HAVELI,28.0,29.8,6.7,7.5,1483.0,2196.0,12.0,12.0,0.3,1.0,,540.0,28.0,920.0,2016,2016
1602,2456.0,DADRA & NAGAR HAVELI,29.0,29.4,6.9,7.6,1365.0,1504.0,10.0,16.0,2.1,7.1,10.0,23.0,33.0,280.0,2016,2016
1603,2457.0,DADRA & NAGAR HAVELI,28.0,29.0,7.4,7.5,1010.0,1080.0,,,1.0,1.6,20.0,46.0,136.0,540.0,2016,2016
1604,2458.0,DADRA & NAGAR HAVELI,28.0,30.2,7.2,7.6,1880.0,2220.0,20.0,20.0,0.6,2.7,6.0,900.0,10.0,542.0,2016,2016
1605,1440.0,DAMAN & DIU,26.0,29.0,7.4,8.0,830.0,1276.0,8.0,9.0,,2.5,2.0,221.0,10.0,920.0,2016,2016
1606,2448.0,DAMAN & DIU,28.0,29.2,6.4,7.6,610.0,660.0,4.9,9.5,1.8,6.9,542.0,1600.0,1600.0,1600.0,2016,2016
1607,2449.0,DAMAN & DIU,29.0,29.2,6.8,8.0,1460.0,1666.0,4.9,9.5,0.4,2.6,8.0,350.0,13.0,1600.0,2016,2016
1608,2450.0,DAMAN & DIU,29.0,29.8,6.8,7.2,692.0,920.0,4.9,9.5,2.2,2.9,70.0,1600.0,920.0,1600.0,2016,2016
1609,2451.0,DAMAN & DIU,28.0,29.0,6.7,7.3,570.0,1138.0,,,1.4,3.3,26.0,1600.0,540.0,1600.0,2016,2016
1610,2452.0,DAMAN & DIU,28.0,29.0,6.8,7.6,832.0,1250.0,,,0.8,6.8,2.0,1600.0,6.0,1600.0,2016,2016
1611,2277.0,GOA,31.5,32.0,6.7,7.5,285.0,285.0,0.9,1.1,3.1,3.7,,,,,2016,2016
1612,2278.0,GOA,27.0,29.0,6.7,6.9,64.0,64.0,1.1,1.7,1.1,1.1,,,13.0,13.0,2016,2016
1613,2279.0,GOA,,,,,,,,,,,,,,,2016,2016
1614,2280.0,GOA,29.0,31.0,6.1,6.6,34.0,34.0,0.6,0.6,0.1,0.4,,,,,2016,2016
1615,2281.0,GOA,29.9,31.0,6.5,7.0,23.0,23.0,0.3,0.5,0.4,0.5,13.0,13.0,170.0,170.0,2016,2016
1616,2282.0,GOA,28.0,32.8,6.9,7.1,81.0,266.0,1.2,2.7,0.1,1.0,7.8,23.0,33.0,79.0,2016,2016
1617,3193.0,GOA,29.0,31.0,6.7,6.7,351.0,351.0,0.5,0.8,,,7.8,130.0,23.0,350.0,2016,2016
1618,3194.0,GOA,28.5,29.7,5.3,7.5,109.0,109.0,0.2,0.5,1.9,3.2,,,,,2016,2016
1619,3195.0,GOA,29.0,32.0,5.5,6.9,74.0,74.0,1.2,1.7,1.0,1.3,2.0,13.0,7.8,49.0,2016,2016
1620,3.0,GUJARAT,28.0,30.0,7.47,7.7,1402.0,1402.0,1.5,2.4,2.0,3.86,,,,,2016,2016
1621,6.0,GUJARAT,27.0,30.0,7.5,8.3,392.0,1886.0,0.61,2.21,0.3,0.97,,,2.0,2.0,2016,2016
1622,1226.0,GUJARAT,32.0,33.0,7.8,7.9,503.0,1225.0,0.8,1.8,0.8,3.9,,,,,2016,2016
1623,1948.0,GUJARAT,29.0,29.0,7.4,7.6,1290.0,1307.0,1.4,1.6,0.2,0.6,,,2.0,4.0,2016,2016
1624,1949.0,GUJARAT,29.0,30.0,8.0,8.0,1020.0,1347.0,1.2,1.6,,0.2,,,4.0,4.0,2016,2016
1625,1950.0,GUJARAT,23.0,23.0,7.6,8.2,1530.0,1640.0,1.0,1.1,0.9,1.2,,,,,2016,2016
1626,1951.0,GUJARAT,25.0,27.0,7.7,8.2,1070.0,1100.0,0.8,1.4,0.9,1.3,,,,,2016,2016
1627,1952.0,GUJARAT,25.0,27.0,7.8,8.2,87.4,4540.0,1.5,1.5,1.2,1.2,,,,,2016,2016
1628,1953.0,GUJARAT,28.0,28.0,7.3,7.4,1010.0,1010.0,0.4,0.4,0.4,0.4,,,,,2016,2016
1629,1954.0,GUJARAT,26.0,28.0,7.1,8.1,4318.0,4866.0,2.8,5.6,1.1,5.3,2.0,3.7,4.0,4.5,2016,2016
1630,1955.0,GUJARAT,25.0,30.0,7.7,8.4,1067.0,1564.0,1.7,2.0,4.0,4.1,,,,,2016,2016
1631,1956.0,GUJARAT,29.0,29.0,7.0,7.1,2290.0,2477.0,1.5,3.2,2.9,5.8,,,,,2016,2016
1632,1957.0,GUJARAT,25.0,28.0,7.3,8.6,1357.0,1463.0,1.2,1.7,3.3,4.7,,,,,2016,2016
1633,1958.0,GUJARAT,27.0,28.0,7.8,8.2,799.0,1010.0,0.7,1.7,3.8,5.3,,,,,2016,2016
1634,1959.0,GUJARAT,30.0,30.0,7.9,8.1,1746.0,2980.0,0.2,0.8,1.6,2.4,,,2.0,2.0,2016,2016
1635,1960.0,GUJARAT,29.0,32.0,7.8,8.0,604.0,1437.0,0.1,0.1,0.8,2.0,,,2.0,2.0,2016,2016
1636,1961.0,GUJARAT,29.0,32.0,7.1,7.1,1382.0,1415.0,0.2,3.6,1.2,3.3,,,2.0,2.0,2016,2016
1637,1962.0,GUJARAT,26.0,30.0,7.3,7.6,3650.0,6450.0,3.0,4.9,0.4,0.9,,,2.0,2.0,2016,2016
1638,1965.0,GUJARAT,26.0,30.0,8.5,8.5,1895.0,2456.0,0.9,1.0,,,8.0,109.0,21.0,109.0,2016,2016
1639,1966.0,GUJARAT,27.0,30.0,7.7,8.3,960.0,1190.0,1.0,1.4,,,8.0,348.0,13.0,348.0,2016,2016
1640,1967.0,GUJARAT,25.0,27.0,7.6,8.6,480.0,512.0,1.8,2.1,,0.1,,,,,2016,2016
1641,1968.0,GUJARAT,27.0,27.0,7.5,7.5,916.0,916.0,1.6,1.6,,,,,,,2016,2016
1642,1969.0,GUJARAT,28.0,28.0,8.1,8.5,824.0,990.0,0.6,1.4,0.2,0.4,,,,,2016,2016
1643,1970.0,GUJARAT,25.0,26.0,7.5,8.2,974.0,1302.0,1.8,2.0,,0.1,,,,,2016,2016
1644,2083.0,GUJARAT,27.0,31.0,7.0,8.3,1950.0,2686.0,1.4,2.9,1.6,6.8,,,,,2016,2016
1645,2084.0,GUJARAT,29.0,31.0,7.5,7.5,1850.0,2095.0,1.6,1.6,4.9,5.6,,,,,2016,2016
1646,2084.0,GUJARAT,27.0,27.0,8.0,8.0,1265.0,1265.0,1.0,1.0,,,,,,,2016,2016
1647,2085.0,GUJARAT,29.0,30.0,7.4,7.7,1519.0,1550.0,1.4,1.4,2.2,4.9,,,,,2016,2016
1648,2921.0,PUNJAB,,,7.5,7.8,445.0,647.0,,,0.2,0.2,,,,,2016,2016
1649,2086.0,GUJARAT,30.0,30.0,7.5,7.5,35940.0,35940.0,1.2,1.2,,,4.0,4.0,4.0,4.0,2016,2016
1650,2087.0,GUJARAT,27.0,30.0,7.7,8.3,2445.0,3289.0,0.9,0.9,,,7.0,7.0,7.0,7.0,2016,2016
1651,2088.0,GUJARAT,27.0,30.0,7.7,7.9,4.4,10015.0,1.0,1.0,,,,8.0,11.0,16.0,2016,2016
1652,2089.0,GUJARAT,28.0,29.0,7.5,8.4,2835.0,3240.0,1.0,1.2,,,,,4.0,4.0,2016,2016
1653,2090.0,GUJARAT,28.0,29.0,6.8,8.4,2835.0,6208.0,0.9,1.2,,,17.0,17.0,130.0,130.0,2016,2016
1654,2091.0,GUJARAT,25.0,27.0,7.5,7.8,2190.0,2888.0,0.9,0.9,,,5.0,5.0,5.0,5.0,2016,2016
1655,2093.0,GUJARAT,26.0,28.0,7.4,8.0,1358.0,1920.0,0.9,1.0,,,,,2.0,2.0,2016,2016
1656,2537.0,WEST BENGAL,25.0,29.0,6.9,7.7,364.0,579.0,0.6,0.8,1.3,2.4,,,,,2016,2016
1657,2538.0,WEST BENGAL,24.0,29.0,7.0,7.3,349.0,354.0,1.3,3.3,0.9,1.3,,,,,2016,2016
1658,2540.0,WEST BENGAL,24.5,30.0,7.2,7.4,1815.0,2008.0,0.7,0.8,0.7,1.0,,,,,2016,2016
1659,2542.0,WEST BENGAL,25.0,29.0,6.5,6.7,1021.0,1074.0,0.5,1.1,0.2,2.4,,,,,2016,2016
1660,2543.0,WEST BENGAL,25.5,29.0,5.7,8.0,175.0,193.0,0.5,0.6,1.6,2.3,,,,,2016,2016
1661,2545.0,WEST BENGAL,26.5,32.5,6.9,7.1,1352.0,1932.0,0.8,0.9,1.4,2.2,,,,,2016,2016
1662,2546.0,WEST BENGAL,28.0,30.0,7.3,8.0,921.0,964.0,0.8,1.0,0.1,0.1,,,,,2016,2016
1663,2547.0,WEST BENGAL,28.0,28.0,6.9,7.6,929.0,2012.0,0.9,1.9,0.5,0.6,9.0,80.0,16.0,110.0,2016,2016
1664,2548.0,WEST BENGAL,31.0,32.0,7.8,8.1,237.0,369.0,1.2,1.6,0.1,0.1,,,,,2016,2016
1665,1397.0,PUDUCHERRY,30.0,31.0,7.0,7.8,212.0,370.0,,,6.1,7.5,,,,,2016,2016
1666,2536.0,WEST BENGAL,24.0,29.0,7.0,7.8,816.0,915.0,0.8,1.2,1.3,2.2,400.0,400.0,800.0,800.0,2016,2016
1667,2535.0,WEST BENGAL,25.0,38.0,7.7,7.8,461.0,516.0,0.4,0.6,0.2,0.3,,,,,2016,2016
1668,2533.0,WEST BENGAL,24.5,29.0,7.4,7.6,490.0,709.0,0.6,1.2,0.3,1.3,,,,,2016,2016
1669,2530.0,WEST BENGAL,66.0,68.0,9.2,9.7,526.0,613.0,1.2,1.9,0.2,0.3,,,,,2016,2016
1670,2529.0,WEST BENGAL,28.5,29.0,6.8,6.9,755.0,782.0,0.4,0.9,1.3,2.3,,,,,2016,2016
1671,2094.0,GUJARAT,28.0,28.0,7.8,7.8,4830.0,4830.0,0.8,0.8,0.1,0.1,,,,,2016,2016
1672,2095.0,GUJARAT,25.0,28.0,7.4,7.7,2050.0,3080.0,0.9,1.2,1.0,1.2,,,,,2016,2016
1673,2096.0,GUJARAT,29.0,29.0,7.3,7.3,4144.0,4699.0,1.3,1.7,2.0,2.2,,,,,2016,2016
1674,2097.0,GUJARAT,29.0,29.0,7.8,7.8,3583.0,3635.0,1.2,1.4,0.8,1.2,,,,,2016,2016
1675,2098.0,GUJARAT,28.0,30.0,7.5,8.2,2987.0,3076.0,1.2,2.1,2.6,4.0,,,,,2016,2016
1676,3207.0,GUJARAT,30.0,30.0,7.8,7.8,1230.0,1230.0,0.8,0.8,0.5,0.5,,,,,2016,2016
1677,3208.0,GUJARAT,25.0,25.0,6.5,6.5,9020.0,9020.0,2.4,2.4,0.1,0.1,,,,,2016,2016
1678,3209.0,GUJARAT,28.0,28.0,8.1,8.3,864.0,1770.0,0.8,2.4,0.1,0.2,,,,,2016,2016
1679,3210.0,GUJARAT,26.0,30.0,7.3,8.3,3883.0,3883.0,1.0,1.1,,,2.0,2.0,5.0,5.0,2016,2016
1680,3211.0,GUJARAT,27.0,28.0,7.9,8.3,1582.0,1656.0,0.9,1.0,,0.1,33.0,33.0,4.0,33.0,2016,2016
1681,3212.0,GUJARAT,32.0,33.0,7.4,7.5,1999.0,2216.0,1.0,1.5,3.2,6.0,,,,,2016,2016
1682,3213.0,GUJARAT,32.0,33.0,7.5,7.6,1605.0,1850.0,1.5,1.7,3.7,5.2,,,,,2016,2016
1683,3214.0,GUJARAT,32.0,33.0,7.5,7.7,1380.0,1748.0,1.6,1.7,3.6,6.9,,,,,2016,2016
1684,3215.0,GUJARAT,28.0,29.0,7.4,7.9,3220.0,3628.0,1.4,3.6,2.6,7.4,,,,,2016,2016
1685,3216.0,GUJARAT,32.0,33.0,7.2,7.6,2180.0,2760.0,1.0,1.6,2.9,7.3,,,,,2016,2016
1686,3217.0,GUJARAT,32.0,33.0,7.6,7.7,1540.0,2760.0,1.0,1.6,5.5,7.3,,,,,2016,2016
1687,3218.0,GUJARAT,27.0,30.0,7.5,8.3,870.0,999.0,1.4,5.0,4.4,4.6,,,,,2016,2016
1688,3219.0,GUJARAT,27.0,28.0,7.3,8.3,1220.0,1460.0,0.7,1.1,3.5,7.7,,,,,2016,2016
1689,3220.0,GUJARAT,28.0,30.0,8.2,8.3,2630.0,2770.0,0.0,2.1,0.8,2.7,,,,,2016,2016
1690,3221.0,GUJARAT,30.0,30.0,7.6,7.6,740.0,740.0,0.9,0.9,0.5,0.5,,,,,2016,2016
1691,3222.0,GUJARAT,30.0,30.0,7.6,7.6,3470.0,3470.0,0.8,0.8,0.6,0.6,,,,,2016,2016
1692,3223.0,GUJARAT,30.0,31.0,8.0,8.1,1342.0,1485.0,1.4,1.6,4.7,4.8,,,,,2016,2016
1693,3224.0,GUJARAT,25.0,30.0,7.7,8.5,739.0,1022.0,1.3,2.0,3.7,4.0,,,,,2016,2016
1694,3225.0,GUJARAT,30.0,31.0,7.7,8.3,960.0,1600.0,1.1,4.4,3.5,7.3,,,,,2016,2016
1695,3226.0,GUJARAT,25.0,30.0,8.1,8.6,1625.0,1783.0,1.6,3.0,3.5,5.0,,,,,2016,2016
1696,3227.0,GUJARAT,30.0,30.0,7.2,7.6,1645.0,1750.0,1.4,1.9,2.2,4.9,,,,,2016,2016
1697,3228.0,GUJARAT,30.0,32.0,7.2,7.7,1599.0,2580.0,0.7,1.5,1.1,2.6,,,2.0,2.0,2016,2016
1698,3229.0,GUJARAT,29.0,32.0,7.2,7.6,990.0,1459.0,0.0,3.1,1.4,1.9,,,2.0,2.0,2016,2016
1699,3230.0,GUJARAT,20.0,24.0,7.2,8.2,4470.0,4500.0,1.2,1.6,1.1,1.1,,,,,2016,2016
1700,3231.0,GUJARAT,27.0,27.0,8.0,8.2,1072.0,1158.0,2.2,4.9,,1.2,12.0,12.0,38.0,39.0,2016,2016
1701,3232.0,GUJARAT,26.0,28.0,7.8,8.1,1941.0,2206.0,0.9,1.2,,,8.0,141.0,8.0,345.0,2016,2016
1702,3233.0,GUJARAT,25.0,27.0,8.1,8.2,2604.0,2667.0,1.0,1.0,,,8.0,8.0,13.0,13.0,2016,2016
1703,3234.0,GUJARAT,30.0,30.0,7.1,7.4,7940.0,10013.0,5.6,6.1,4.9,13.1,,,2.0,2.0,2016,2016
1704,3235.0,GUJARAT,29.0,30.0,7.3,7.6,2406.0,3316.0,1.4,3.0,2.5,5.3,,,,,2016,2016
1705,3236.0,GUJARAT,28.0,30.0,7.7,8.4,1792.0,1880.0,1.5,1.5,1.9,4.0,,,,,2016,2016
1706,3237.0,GUJARAT,28.0,28.0,7.3,7.3,6390.0,6586.0,1.4,1.5,2.0,2.4,,,,,2016,2016
1707,3238.0,GUJARAT,30.0,30.0,7.8,7.9,4390.0,4970.0,0.5,2.1,1.7,3.0,,,2.0,2.0,2016,2016
1708,3239.0,GUJARAT,30.0,31.0,7.7,7.9,3160.0,3160.0,1.0,2.2,1.5,2.4,,,2.0,2.0,2016,2016
1709,3240.0,GUJARAT,27.0,28.0,7.3,8.0,789.0,1490.0,1.2,1.3,0.9,1.2,,,2.0,2.0,2016,2016
1710,3241.0,GUJARAT,26.0,28.0,7.6,7.9,1117.0,7730.0,1.3,2.0,1.1,1.2,,,,,2016,2016
1711,3242.0,GUJARAT,29.0,30.0,7.1,7.2,1320.0,1354.0,1.3,2.2,0.2,0.3,,,,,2016,2016
1712,3243.0,GUJARAT,29.0,30.0,7.6,7.6,2120.0,2240.0,1.2,2.0,,,,,,,2016,2016
1713,3244.0,GUJARAT,29.0,29.0,7.9,7.9,3180.0,3180.0,,,1.2,1.2,,,,,2016,2016
1714,3245.0,GUJARAT,25.0,30.0,7.3,7.5,4690.0,5500.0,0.8,1.8,,1.2,,,,,2016,2016
1715,3246.0,GUJARAT,28.0,28.0,7.6,7.7,1420.0,2458.0,0.4,0.4,0.4,0.4,,,,,2016,2016
1716,3247.0,GUJARAT,28.0,29.0,7.5,7.9,1855.0,3628.0,0.4,0.4,0.4,0.5,,,,,2016,2016
1717,1555.0,HIMACHAL PRADESH,22.0,22.0,7.4,7.6,743.0,840.0,0.1,0.1,0.3,0.5,,,3.7,3.7,2016,2016
1718,1556.0,HIMACHAL PRADESH,21.0,21.0,7.1,7.7,780.0,910.0,0.1,0.1,0.3,0.6,,,,,2016,2016
1719,1558.0,HIMACHAL PRADESH,17.6,19.5,8.0,8.6,826.0,1236.0,0.1,0.1,,16.9,,,,,2016,2016
1720,1560.0,HIMACHAL PRADESH,16.0,18.9,8.0,8.6,469.0,1963.0,0.1,0.1,,4.4,,,3.7,3.7,2016,2016
1721,1559.0,HIMACHAL PRADESH,21.2,21.2,7.9,7.9,748.0,748.0,0.6,0.6,,,,,5.5,5.5,2016,2016
1722,1561.0,HIMACHAL PRADESH,17.0,17.0,7.2,7.7,478.0,716.0,0.1,0.2,,,,,,,2016,2016
1723,1562.0,HIMACHAL PRADESH,14.0,14.0,7.5,7.8,725.0,1067.0,0.1,0.4,0.1,0.2,,,2.0,2.0,2016,2016
1724,1872.0,HIMACHAL PRADESH,9.0,20.0,6.8,8.4,409.0,686.0,2.6,18.0,,12.3,3.6,40.0,22.0,220.0,2016,2016
1725,1873.0,HIMACHAL PRADESH,18.0,18.0,6.3,7.8,249.0,312.0,0.2,0.4,0.1,0.2,,,,,2016,2016
1726,1874.0,HIMACHAL PRADESH,,,7.4,8.7,103.0,679.0,0.1,1.2,,4.6,,,12.0,26.0,2016,2016
1727,1877.0,HIMACHAL PRADESH,18.0,20.2,7.5,8.0,803.0,829.0,0.1,0.6,,13.8,,,,,2016,2016
1728,1878.0,HIMACHAL PRADESH,18.5,19.8,7.4,8.1,681.0,1862.0,0.1,0.2,,15.6,,,,,2016,2016
1729,1879.0,HIMACHAL PRADESH,21.0,21.0,7.8,7.8,761.0,761.0,0.2,0.2,,,,,,,2016,2016
1730,1880.0,HIMACHAL PRADESH,22.0,22.0,7.5,7.7,710.0,944.0,0.1,0.1,0.5,0.6,2.0,2.0,4.0,4.0,2016,2016
1731,1881.0,HIMACHAL PRADESH,23.0,23.0,7.7,7.8,460.0,975.0,0.1,0.1,0.6,0.7,2.0,2.0,4.0,4.0,2016,2016
1732,1882.0,HIMACHAL PRADESH,14.0,14.0,7.2,7.7,475.0,938.0,0.2,0.5,,0.1,,,3.6,3.6,2016,2016
1733,1883.0,HIMACHAL PRADESH,14.0,18.0,7.5,7.5,919.0,932.0,0.2,0.2,,0.2,,,3.7,3.7,2016,2016
1734,2628.0,HIMACHAL PRADESH,11.5,19.0,6.9,7.5,372.0,785.0,,,0.3,4.6,,,,,2016,2016
1735,2630.0,HIMACHAL PRADESH,,,7.4,7.8,821.0,1072.0,0.2,0.3,0.2,0.2,,,,,2016,2016
1736,2631.0,HIMACHAL PRADESH,,,7.0,7.2,856.0,1080.0,0.2,0.3,0.1,0.1,,,,,2016,2016
1737,2632.0,HIMACHAL PRADESH,17.0,22.0,7.4,7.8,925.0,1027.0,,,0.1,0.5,,,,,2016,2016
1738,2633.0,HIMACHAL PRADESH,,,6.8,6.8,1032.0,1032.0,,,0.1,0.1,,,,,2016,2016
1739,2634.0,HIMACHAL PRADESH,6.0,7.0,7.9,8.1,236.0,347.0,0.1,0.1,,,,,,,2016,2016
1740,2636.0,HIMACHAL PRADESH,18.0,18.0,7.4,7.4,754.0,754.0,0.8,0.8,0.2,0.2,,,,,2016,2016
1741,2637.0,HIMACHAL PRADESH,19.0,20.0,7.8,7.8,1285.0,1435.0,0.1,0.2,,0.1,,,,,2016,2016
1742,2638.0,HIMACHAL PRADESH,16.0,20.0,7.7,8.0,626.0,1290.0,0.1,0.2,,0.1,,,,,2016,2016
1743,2639.0,HIMACHAL PRADESH,20.0,20.0,7.2,7.7,141.0,183.0,0.1,0.2,0.1,0.3,,,3.7,3.7,2016,2016
1744,2640.0,HIMACHAL PRADESH,17.0,19.0,7.5,7.9,376.0,425.0,0.1,0.1,0.1,0.1,,,,,2016,2016
1745,2641.0,HIMACHAL PRADESH,16.0,18.0,7.4,7.4,708.0,924.0,0.1,0.3,,0.2,,,3.6,3.6,2016,2016
1746,2642.0,HIMACHAL PRADESH,15.0,16.0,7.1,8.3,192.0,453.0,0.1,0.2,,0.1,,,,,2016,2016
1747,2645.0,HIMACHAL PRADESH,25.0,25.0,7.9,8.0,720.0,1194.0,0.1,0.2,0.7,0.7,2.0,2.0,4.0,4.0,2016,2016
1748,2646.0,HIMACHAL PRADESH,26.0,26.0,7.4,8.0,922.0,1320.0,0.1,0.6,0.6,0.8,3.6,3.6,6.0,6.0,2016,2016
1749,2647.0,HIMACHAL PRADESH,14.0,20.0,7.5,7.5,775.0,910.0,0.1,0.1,,0.1,,,3.7,3.7,2016,2016
1750,2648.0,HIMACHAL PRADESH,18.0,18.0,7.9,7.9,447.0,447.0,,,0.1,0.1,,,,,2016,2016
1751,2759.0,JAMMU & KASHMIR,16.0,16.0,7.0,7.0,450.0,450.0,,,0.4,0.4,,,,,2016,2016
1752,2760.0,JAMMU & KASHMIR,16.0,16.0,6.7,6.7,306.0,306.0,,,0.6,0.6,,,,,2016,2016
1753,2761.0,JAMMU & KASHMIR,17.0,17.0,7.2,7.2,88.0,88.0,,,0.8,0.8,,,,,2016,2016
1754,2762.0,JAMMU & KASHMIR,19.0,19.0,8.1,8.1,1542.0,1542.0,50.0,50.0,2.2,2.2,,,,,2016,2016
1755,3288.0,JAMMU & KASHMIR,16.0,16.0,7.4,7.4,680.0,680.0,1.5,1.5,,,,,,,2016,2016
1756,3290.0,JAMMU & KASHMIR,15.0,15.0,7.4,7.4,1032.0,1032.0,1.3,1.3,,,,,,,2016,2016
1757,3291.0,JAMMU & KASHMIR,15.4,15.4,7.4,7.4,1001.0,1001.0,1.2,1.2,,,,,,,2016,2016
1758,3292.0,JAMMU & KASHMIR,16.0,16.0,7.5,7.5,505.0,505.0,1.0,1.0,,,,,,,2016,2016
1759,19.0,KERALA,26.8,27.8,6.0,6.6,139.0,163.0,0.7,0.9,0.9,2.3,11.0,240.0,14.0,460.0,2016,2016
1760,22.0,KERALA,27.0,27.0,6.7,7.5,118.0,122.0,1.0,1.0,,0.5,28.0,34.0,52.0,60.0,2016,2016
1761,35.0,KERALA,24.0,25.0,4.3,6.6,205.0,224.0,0.4,0.8,0.5,0.9,,30.0,,100.0,2016,2016
1762,1581.0,KERALA,32.0,33.0,6.6,6.7,210.0,350.0,1.1,1.2,,,55.0,60.0,110.0,120.0,2016,2016
1763,1582.0,KERALA,32.0,33.0,6.5,6.8,140.0,150.0,1.0,1.0,,,22.0,30.0,70.0,80.0,2016,2016
1764,1583.0,KERALA,24.0,25.0,6.0,6.1,110.0,126.0,0.6,0.8,0.8,1.4,10.0,140.0,40.0,340.0,2016,2016
1765,1584.0,KERALA,28.5,29.0,7.7,7.8,180.0,206.0,0.4,1.1,0.1,0.2,,,150.0,160.0,2016,2016
1766,1585.0,KERALA,28.2,30.1,6.9,7.7,334.0,629.0,0.7,1.0,1.1,4.6,4.0,21.0,6.0,32.0,2016,2016
1767,1586.0,KERALA,27.0,28.4,5.6,5.9,125.0,154.0,0.6,0.9,0.8,0.8,,20.0,10.0,38.0,2016,2016
1768,1587.0,KERALA,27.0,28.4,6.3,6.6,229.0,343.0,0.8,0.9,6.8,7.0,,21.0,26.0,30.0,2016,2016
1769,1588.0,KERALA,28.0,29.0,8.3,8.4,350.0,379.0,1.0,1.0,2.4,2.9,,,,240.0,2016,2016
1770,1589.0,KERALA,30.0,30.5,6.1,6.5,224.0,288.0,1.4,1.6,,5.5,20.0,88.0,32.0,120.0,2016,2016
1771,1590.0,KERALA,27.0,28.0,6.9,7.8,78.0,95.0,0.0,1.0,2.5,3.2,6.0,18.0,8.0,26.0,2016,2016
1772,1591.0,KERALA,28.0,29.0,4.7,4.9,104.0,111.0,0.5,0.9,4.5,7.9,180.0,1200.0,480.0,1400.0,2016,2016
1773,1592.0,KERALA,28.0,29.0,6.0,6.3,242.0,250.0,0.5,0.8,0.9,2.5,30.0,212.0,1000.0,250.0,2016,2016
1774,2308.0,KERALA,27.0,28.0,6.1,6.5,183.0,220.0,0.3,0.5,4.8,6.0,500.0,1600.0,1100.0,2800.0,2016,2016
1775,2309.0,KERALA,27.0,27.0,6.1,6.5,83.0,101.0,0.8,1.0,3.5,4.5,200.0,350.0,300.0,850.0,2016,2016
1776,2310.0,KERALA,27.5,28.0,6.6,7.6,192.0,265.0,0.5,0.8,0.1,0.5,,,,,2016,2016
1777,2311.0,KERALA,27.0,27.0,5.3,5.8,124.0,136.0,0.2,0.7,5.9,7.3,,100.0,100.0,350.0,2016,2016
1778,2313.0,KERALA,28.0,29.0,7.6,8.0,262.0,540.0,0.9,1.2,0.1,0.2,,,110.0,120.0,2016,2016
1779,2314.0,KERALA,24.0,25.0,7.3,7.3,146.0,158.0,1.2,1.2,1.0,1.6,140.0,280.0,360.0,680.0,2016,2016
1780,2315.0,KERALA,24.0,28.0,8.0,8.1,342.0,400.0,1.2,1.6,1.1,1.2,160.0,180.0,400.0,500.0,2016,2016
1781,2316.0,KERALA,27.0,27.0,5.1,5.5,41.0,88.0,0.7,1.3,1.0,1.4,4.0,440.0,112.0,950.0,2016,2016
1782,2317.0,KERALA,27.0,28.0,5.8,6.6,350.0,431.0,0.7,0.9,5.4,13.0,48.0,288.0,350.0,480.0,2016,2016
1783,2320.0,KERALA,30.5,30.5,5.7,6.5,174.0,174.0,1.0,2.0,,3.9,40.0,56.0,68.0,88.0,2016,2016
1784,2321.0,KERALA,29.0,30.0,6.7,7.9,360.0,422.0,0.3,1.0,2.8,4.8,40.0,180.0,260.0,310.0,2016,2016
1785,2322.0,KERALA,29.0,29.0,5.3,6.3,270.0,373.0,0.5,1.0,2.2,3.0,,20.0,,220.0,2016,2016
1786,2323.0,KERALA,27.6,28.4,6.0,6.4,270.0,272.0,0.5,0.6,0.4,3.6,12.0,90.0,20.0,160.0,2016,2016
1787,2324.0,KERALA,29.2,30.3,5.6,8.1,118.0,2229.0,1.0,1.8,0.6,5.4,26.0,520.0,40.0,1080.0,2016,2016
1788,2327.0,KERALA,28.0,28.0,8.4,8.4,735.0,735.0,0.8,0.8,0.8,0.8,280.0,280.0,440.0,440.0,2016,2016
1789,3463.0,KERALA,27.0,28.0,6.9,7.6,59.0,101.0,0.0,1.0,,1.3,14.0,38.0,58.0,84.0,2016,2016
1790,3472.0,KERALA,30.0,30.0,6.8,7.5,800.0,1305.0,1.9,2.2,0.6,5.8,112.0,600.0,260.0,880.0,2016,2016
1791,3474.0,KERALA,27.0,29.0,6.7,6.8,175.0,198.0,1.0,1.9,0.5,0.6,208.0,472.0,480.0,1300.0,2016,2016
1792,3475.0,KERALA,26.0,30.0,4.6,5.0,67.0,80.0,1.2,1.9,0.9,1.0,36.0,200.0,100.0,220.0,2016,2016
1793,1402.0,LAKSHADWEEP,29.8,29.8,7.1,7.1,1150.0,1150.0,,,,,,,,,2016,2016
1794,1593.0,LAKSHADWEEP,30.1,31.5,7.2,7.2,982.0,1462.0,,,,,,,,,2016,2016
1795,1594.0,LAKSHADWEEP,29.9,31.2,7.0,7.2,1435.0,2523.0,,,,,,,,,2016,2016
1796,1595.0,LAKSHADWEEP,29.8,31.7,7.1,7.4,771.0,850.0,,,,,,,,,2016,2016
1797,1596.0,LAKSHADWEEP,29.8,31.6,7.1,7.1,853.0,1350.0,,,,,4000.0,4000.0,12000.0,12000.0,2016,2016
1798,1597.0,LAKSHADWEEP,30.2,31.8,7.2,7.2,619.0,910.0,,,,,,,,,2016,2016
1799,1598.0,LAKSHADWEEP,29.9,31.5,7.1,7.1,687.0,745.0,,,,,,,,,2016,2016
1800,1599.0,LAKSHADWEEP,29.8,31.3,7.1,7.2,856.0,891.0,,,,,,,,,2016,2016
1801,1600.0,LAKSHADWEEP,29.7,31.5,7.1,7.2,890.0,900.0,,,,,,,3000.0,3000.0,2016,2016
1802,1601.0,LAKSHADWEEP,30.0,31.8,7.1,7.2,1399.0,2552.0,,,,,,,,,2016,2016
1803,1602.0,LAKSHADWEEP,29.7,31.6,7.1,7.4,1422.0,1592.0,,,,,,,,,2016,2016
1804,1603.0,LAKSHADWEEP,29.8,31.4,7.2,7.2,3570.0,4127.0,,,,,2000.0,2000.0,3000.0,3000.0,2016,2016
1805,1604.0,LAKSHADWEEP,30.1,31.3,7.1,7.2,4999.0,5200.0,,,,,,,,,2016,2016
1806,1605.0,LAKSHADWEEP,30.2,31.3,7.2,7.4,1250.0,1324.0,,,,,1000.0,1000.0,4000.0,4000.0,2016,2016
1807,1606.0,LAKSHADWEEP,29.6,31.5,7.1,7.3,740.0,822.0,,,,,,,,,2016,2016
1808,52.0,MADHYA PRADESH,23.0,28.0,8.0,8.5,126.0,312.0,1.25,2.6,0.1,0.37,120.0,630.0,630.0,1700.0,2016,2016
1809,1616.0,MADHYA PRADESH,,,8.1,8.1,348.0,348.0,1.2,1.2,,,,,130.0,130.0,2016,2016
1810,1617.0,MADHYA PRADESH,,,7.6,7.6,346.0,346.0,0.8,0.8,,,,,34.0,34.0,2016,2016
1811,1618.0,MADHYA PRADESH,21.0,29.0,7.3,7.4,680.0,1125.0,1.2,1.4,,1.2,,,,,2016,2016
1812,1619.0,MADHYA PRADESH,26.0,30.0,7.5,7.6,880.0,930.0,1.0,1.0,2.0,2.1,,,,,2016,2016
1813,1897.0,MADHYA PRADESH,25.0,28.0,7.7,8.6,814.0,850.1,0.8,0.8,,3.3,,,2.2,5.1,2016,2016
1814,2143.0,MADHYA PRADESH,20.0,20.0,7.4,7.8,338.0,566.0,,,,0.2,,,,,2016,2016
1815,2144.0,MADHYA PRADESH,26.0,26.0,7.3,7.7,324.0,562.0,,,,0.2,,,,,2016,2016
1816,2145.0,MADHYA PRADESH,25.0,25.0,7.3,8.2,2274.0,3660.0,1.2,1.8,3.0,8.3,,,,,2016,2016
1817,2146.0,MADHYA PRADESH,25.0,25.0,7.2,8.1,800.0,1390.0,1.0,1.8,2.1,3.1,,,,,2016,2016
1818,2148.0,MADHYA PRADESH,31.0,31.0,7.9,7.9,2700.0,2700.0,1.8,1.8,3.0,3.0,,,,,2016,2016
1819,2149.0,MADHYA PRADESH,31.0,31.0,7.4,8.5,1160.0,2600.0,1.0,2.0,2.8,8.3,,,,,2016,2016
1820,2150.0,MADHYA PRADESH,24.0,28.0,7.1,8.0,120.0,1634.0,0.8,1.2,,5.1,,,3.6,6.9,2016,2016
1821,2151.0,MADHYA PRADESH,24.0,28.0,7.1,7.7,1875.0,3462.0,1.4,2.0,8.4,14.1,,,5.1,16.1,2016,2016
1822,2152.0,MADHYA PRADESH,24.0,28.0,7.2,7.4,1180.0,3812.0,1.2,1.8,6.9,11.1,,,3.6,6.9,2016,2016
1823,2153.0,MADHYA PRADESH,,,8.4,8.4,296.0,296.0,1.3,1.3,,,,,130.0,130.0,2016,2016
1824,3332.0,MADHYA PRADESH,,,7.3,7.6,1640.0,3280.0,1.0,3.0,5.7,6.2,,,,,2016,2016
1825,3333.0,MADHYA PRADESH,,,7.9,7.9,274.0,274.0,1.4,1.4,,,,,110.0,110.0,2016,2016
1826,3334.0,MADHYA PRADESH,,,7.9,7.9,433.0,433.0,1.1,1.1,,,,,90.0,90.0,2016,2016
1827,3335.0,MADHYA PRADESH,22.0,22.0,7.2,7.3,452.0,512.0,1.0,1.0,0.3,0.4,,,,,2016,2016
1828,3336.0,MADHYA PRADESH,18.0,22.0,7.4,7.6,464.0,712.0,1.2,1.2,,2.2,,,39.0,39.0,2016,2016
1829,3337.0,MADHYA PRADESH,23.0,23.0,7.2,7.8,536.0,614.0,,,,0.3,,,,,2016,2016
1830,3338.0,MADHYA PRADESH,23.0,28.0,7.1,7.1,546.0,556.0,1.0,1.1,1.1,1.2,,,,,2016,2016
1831,3339.0,MADHYA PRADESH,27.0,28.0,6.9,7.9,1265.0,1465.0,1.1,1.2,3.5,3.9,,,140.0,150.0,2016,2016
1832,3340.0,MADHYA PRADESH,29.0,29.0,7.4,7.4,1646.0,1646.0,1.1,1.1,2.5,2.5,,,3.6,3.6,2016,2016
1833,3341.0,MADHYA PRADESH,26.0,27.0,7.8,7.9,1117.0,2194.0,0.9,0.9,4.1,5.1,,,5.1,7.0,2016,2016
1834,3342.0,MADHYA PRADESH,26.0,27.0,7.3,7.7,320.0,2946.0,0.7,1.9,1.1,2.0,,,3.6,6.8,2016,2016
1835,3343.0,MADHYA PRADESH,30.0,30.0,7.1,7.1,712.0,712.0,1.2,1.2,4.1,4.1,2.0,2.0,7.0,7.0,2016,2016
1836,3344.0,MADHYA PRADESH,21.2,28.6,7.0,8.0,751.4,825.2,0.3,0.8,1.8,3.4,,,2.0,4.0,2016,2016
1837,1985.0,MAHARASHTRA,28.0,33.0,7.2,7.7,164.4,587.0,3.8,5.0,0.5,0.7,12.0,22.0,40.0,49.0,2016,2016
1838,1986.0,MAHARASHTRA,24.0,24.0,7.6,8.2,282.0,1175.0,2.6,6.0,0.4,2.7,4.0,49.0,11.0,170.0,2016,2016
1839,1987.0,MAHARASHTRA,28.0,28.0,7.1,7.1,2045.0,2045.0,3.0,3.0,2.6,2.6,13.0,13.0,23.0,23.0,2016,2016
1840,1988.0,MAHARASHTRA,24.0,24.0,7.5,8.1,321.4,1171.0,2.8,4.0,0.3,2.9,4.0,17.0,13.0,49.0,2016,2016
1841,1989.0,MAHARASHTRA,24.0,28.0,7.1,7.3,173.6,397.7,4.6,5.8,1.1,1.3,120.0,170.0,350.0,540.0,2016,2016
1842,1992.0,MAHARASHTRA,28.0,32.0,7.3,7.5,1045.0,1288.0,3.2,4.2,0.3,0.6,7.0,7.0,20.0,20.0,2016,2016
1843,1995.0,MAHARASHTRA,27.0,27.0,6.8,7.2,773.0,810.0,3.2,5.0,3.4,6.2,79.0,110.0,130.0,280.0,2016,2016
1844,1996.0,MAHARASHTRA,27.0,27.0,6.8,7.2,755.0,946.0,4.0,4.0,3.2,10.1,79.0,350.0,170.0,1600.0,2016,2016
1845,1997.0,MAHARASHTRA,33.5,33.5,6.7,6.7,191.0,191.0,8.0,8.0,0.1,0.1,,,,,2016,2016
1846,1998.0,MAHARASHTRA,27.0,27.0,6.5,7.2,521.0,581.0,3.8,7.0,0.1,2.9,170.0,170.0,350.0,350.0,2016,2016
1847,1999.0,MAHARASHTRA,,,6.7,6.7,590.0,590.0,2.0,2.0,4.8,4.8,22.0,22.0,47.0,47.0,2016,2016
1848,2001.0,MAHARASHTRA,26.0,26.0,7.6,7.7,1173.0,1700.0,2.0,5.2,,9.8,22.0,23.0,54.0,79.0,2016,2016
1849,2002.0,MAHARASHTRA,32.0,32.0,8.0,8.0,841.0,841.0,3.1,3.1,3.9,3.9,23.0,23.0,110.0,110.0,2016,2016
1850,2004.0,MAHARASHTRA,25.0,25.0,7.3,7.3,1298.0,1402.0,2.4,3.0,0.8,2.9,,,,,2016,2016
1851,2005.0,MAHARASHTRA,25.0,25.0,7.2,7.2,1200.0,1550.0,2.2,3.2,0.7,3.0,,,,,2016,2016
1852,2006.0,MAHARASHTRA,25.0,25.0,7.3,7.4,1045.0,1568.0,2.6,2.8,0.7,6.0,,,,,2016,2016
1853,2007.0,MAHARASHTRA,16.0,25.0,6.8,7.3,1216.0,1840.0,2.2,3.2,0.7,3.6,,,,,2016,2016
1854,2008.0,MAHARASHTRA,18.0,25.0,6.9,7.4,1315.0,1862.0,2.6,4.8,0.8,1.2,,,,,2016,2016
1855,2200.0,MAHARASHTRA,22.0,23.0,7.8,7.9,1025.0,2474.0,3.0,6.0,0.1,0.8,2.0,4.0,130.0,170.0,2016,2016
1856,2202.0,MAHARASHTRA,25.0,25.0,6.9,7.7,84.0,199.0,2.0,2.4,0.2,0.5,,,,,2016,2016
1857,2203.0,MAHARASHTRA,33.0,33.0,6.7,6.7,206.0,206.0,3.5,3.5,,,,,,,2016,2016
1858,2819.0,MAHARASHTRA,26.0,28.0,8.0,8.1,1309.0,3260.0,3.2,5.2,0.2,0.6,4.0,4.0,17.0,17.0,2016,2016
1859,2820.0,MAHARASHTRA,25.0,38.0,8.1,8.3,390.0,1062.0,3.2,4.2,0.3,0.4,5.0,5.0,17.0,17.0,2016,2016
1860,2821.0,MAHARASHTRA,28.0,30.0,7.0,7.9,813.1,3560.0,2.8,3.2,0.2,0.3,4.0,4.0,11.0,11.0,2016,2016
1861,2822.0,MAHARASHTRA,28.0,30.0,7.4,7.5,1240.0,4510.0,2.6,3.4,0.2,0.6,7.0,7.0,20.0,20.0,2016,2016
1862,2823.0,MAHARASHTRA,30.0,32.0,7.5,7.8,1033.0,1442.0,3.6,4.0,0.2,0.8,4.0,4.0,11.0,11.0,2016,2016
1863,2825.0,MAHARASHTRA,22.0,23.0,8.0,8.0,1850.0,1966.0,4.0,4.0,,0.8,2.0,2.0,130.0,130.0,2016,2016
1864,2826.0,MAHARASHTRA,33.0,33.0,6.5,6.5,453.0,453.0,4.0,4.0,0.1,0.1,79.0,79.0,280.0,280.0,2016,2016
1865,2829.0,MAHARASHTRA,25.0,25.0,7.1,7.1,604.0,1410.0,2.6,2.8,0.8,4.0,,,,,2016,2016
1866,2830.0,MAHARASHTRA,25.0,25.0,7.1,7.5,803.0,1234.0,2.2,2.8,0.8,6.0,,,,,2016,2016
1867,2831.0,MAHARASHTRA,23.0,23.0,7.5,7.5,1548.0,1548.0,3.8,3.8,2.5,2.5,,,,,2016,2016
1868,2832.0,MAHARASHTRA,22.0,25.0,7.3,7.6,68.0,384.0,2.2,3.0,0.3,0.6,,,,,2016,2016
1869,2833.0,MAHARASHTRA,25.0,25.0,7.1,7.4,146.0,182.0,2.4,2.8,0.2,0.6,,,,,2016,2016
1870,2834.0,MAHARASHTRA,25.0,25.0,6.8,7.2,195.0,5720.0,2.2,2.4,0.2,0.5,,,,,2016,2016
1871,2835.0,MAHARASHTRA,22.0,23.0,7.1,7.5,63.0,191.0,2.2,3.0,0.2,0.7,,,,,2016,2016
1872,1634.0,MEGHALAYA,19.0,22.0,6.2,6.4,252.0,280.0,1.5,2.0,10.0,11.1,9.0,19.0,20.0,44.0,2016,2016
1873,1635.0,MEGHALAYA,19.0,21.0,5.4,5.7,200.0,263.0,1.8,2.6,16.0,17.1,20.0,26.0,34.0,55.0,2016,2016
1874,1636.0,MEGHALAYA,20.0,25.0,6.5,6.5,204.0,242.0,1.5,1.6,1.6,3.0,16.0,20.0,32.0,40.0,2016,2016
1875,1637.0,MEGHALAYA,17.0,18.0,6.5,6.6,98.0,115.0,1.0,1.0,5.6,6.0,10.0,14.0,25.0,36.0,2016,2016
1876,1638.0,MEGHALAYA,17.0,20.0,5.0,5.3,135.0,149.0,1.0,1.0,8.0,10.4,10.0,11.0,22.0,24.0,2016,2016
1877,3385.0,MEGHALAYA,16.0,17.0,6.8,6.9,45.0,58.0,1.5,2.2,0.4,0.5,11.0,12.0,24.0,27.0,2016,2016
1878,3386.0,MEGHALAYA,28.0,40.0,9.6,9.6,310.0,340.0,1.0,1.0,0.4,0.4,2.0,2.0,8.0,9.0,2016,2016
1879,2054.0,MIZORAM,13.0,25.0,5.8,8.0,131.0,1020.0,1.0,2.1,,0.2,,3.6,44.0,120.0,2016,2016
1880,2055.0,MIZORAM,10.0,24.0,6.1,8.0,122.0,662.0,0.4,2.3,,0.2,7.0,23.0,210.0,290.0,2016,2016
1881,3729.0,MIZORAM,14.0,23.0,6.2,7.7,134.0,528.0,0.6,1.5,,0.2,,,7.2,7.2,2016,2016
1882,3730.0,MIZORAM,13.0,22.0,6.1,8.2,137.0,526.0,0.5,1.1,0.1,0.1,,,,,2016,2016
1883,3731.0,MIZORAM,15.0,23.0,5.2,7.4,136.0,605.0,0.1,0.8,0.1,0.2,,,,,2016,2016
1884,3732.0,MIZORAM,14.0,24.0,5.2,7.2,135.0,523.0,0.1,1.6,0.1,0.1,,,15.0,15.0,2016,2016
1885,3733.0,MIZORAM,14.0,21.0,6.1,7.8,28.0,1870.0,0.6,1.3,,0.1,,,3.6,3.6,2016,2016
1886,3739.0,MIZORAM,14.0,24.0,6.2,7.4,111.0,703.0,0.1,1.9,,0.1,,,,,2016,2016
1887,3742.0,MIZORAM,3.1,24.0,6.0,7.3,156.0,1520.0,0.5,2.7,,0.2,,,,,2016,2016
1888,3748.0,MIZORAM,15.0,22.0,6.7,8.2,69.0,677.0,1.2,1.8,,0.2,,,,,2016,2016
1889,3758.0,MIZORAM,21.0,21.0,6.9,7.4,261.0,475.0,1.4,1.8,0.1,0.1,,,,,2016,2016
1890,1644.0,ODISHA,24.0,42.0,6.8,7.3,636.0,649.0,0.3,0.4,5.4,6.2,4.5,4.5,4.5,4.5,2016,2016
1891,1645.0,ODISHA,24.0,42.0,7.3,7.7,374.0,408.0,0.3,0.4,0.8,1.0,35.0,35.0,170.0,170.0,2016,2016
1892,1646.0,ODISHA,26.0,35.0,7.9,8.2,129.0,183.0,0.4,0.5,0.3,0.9,,,,,2016,2016
1893,1647.0,ODISHA,25.0,42.0,7.7,7.8,266.0,624.0,0.2,0.3,1.4,7.4,,,,,2016,2016
1894,1648.0,ODISHA,24.0,41.0,7.1,8.1,298.0,546.0,0.1,0.5,0.9,4.1,,,,,2016,2016
1895,1649.0,ODISHA,26.0,40.0,6.6,7.3,105.0,303.0,0.1,0.1,2.1,9.8,,,,,2016,2016
1896,1650.0,ODISHA,26.0,39.0,7.6,7.6,182.0,307.0,0.2,0.9,2.1,4.7,170.0,170.0,920.0,920.0,2016,2016
1897,1651.0,ODISHA,26.0,39.0,7.7,8.5,380.0,641.0,0.5,0.8,0.7,1.8,350.0,350.0,540.0,540.0,2016,2016
1898,1652.0,ODISHA,26.0,39.0,6.3,7.6,243.0,253.0,0.3,0.5,5.9,8.4,,,,,2016,2016
1899,1653.0,ODISHA,25.0,35.0,8.1,8.4,125.0,221.0,0.1,0.5,0.5,1.8,,,,,2016,2016
1900,1654.0,ODISHA,26.0,35.0,6.9,8.3,286.0,290.0,0.1,0.4,2.1,3.3,1600.0,1600.0,1600.0,1600.0,2016,2016
1901,1655.0,ODISHA,25.0,31.0,7.8,8.1,393.0,1187.0,0.4,0.5,0.9,4.1,240.0,240.0,540.0,540.0,2016,2016
1902,4554.0,LAKSHADWEEP,27.6,29.8,7.0,7.5,1199.0,1295.0,,,,,,,,,2019,2019
1903,1656.0,ODISHA,25.0,32.0,7.9,7.9,834.0,1157.0,0.1,0.9,2.3,10.7,,,13.0,13.0,2016,2016
1904,1657.0,ODISHA,25.0,32.0,7.3,7.5,705.0,993.0,0.1,0.2,3.3,10.4,,,,,2016,2016
1905,1658.0,ODISHA,25.0,31.0,7.8,8.2,277.0,682.0,0.8,0.9,0.1,0.3,,,,,2016,2016
1906,1398.0,PUDUCHERRY,30.0,32.0,7.0,7.6,1225.0,1250.0,,,,,,,,,2016,2016
1907,1453.0,PUDUCHERRY,30.0,32.0,7.3,7.3,435.0,501.0,,,3.0,4.7,,,,,2016,2016
1908,1454.0,PUDUCHERRY,30.0,32.0,7.3,7.4,165.0,175.0,,,1.0,1.2,,,,,2016,2016
1909,1687.0,PUDUCHERRY,26.0,30.0,7.0,7.4,1295.0,1351.0,,,0.2,2.5,4.0,4.0,17.0,17.0,2016,2016
1910,1688.0,PUDUCHERRY,30.0,30.0,7.1,7.4,466.0,554.0,,,0.3,2.0,,,,,2016,2016
1911,1689.0,PUDUCHERRY,25.0,32.0,7.2,7.9,400.0,1210.0,3.0,8.0,,0.1,130.0,130.0,11.0,350.0,2016,2016
1912,2009.0,PUDUCHERRY,31.0,32.0,7.1,7.1,439.0,525.0,,,5.1,5.6,,,,,2016,2016
1913,2010.0,PUDUCHERRY,30.0,31.0,7.0,7.5,635.0,690.0,,,3.9,5.1,,,,,2016,2016
1914,2011.0,PUDUCHERRY,30.0,31.0,6.9,7.4,3800.0,4210.0,,,,,,,,,2016,2016
1915,2012.0,PUDUCHERRY,30.0,31.0,6.6,7.4,1624.0,2110.0,,,0.4,2.3,,,13.0,13.0,2016,2016
1916,2013.0,PUDUCHERRY,27.0,28.0,7.4,7.7,1451.0,1546.0,,,,2.2,,,,,2016,2016
1917,2014.0,PUDUCHERRY,26.5,28.0,7.5,7.8,1295.0,1330.0,,,0.2,0.5,,,,,2016,2016
1918,2446.0,PUDUCHERRY,27.0,27.0,7.5,7.5,220.0,220.0,,,8.9,8.9,,,,,2016,2016
1919,2447.0,PUDUCHERRY,27.0,27.0,7.2,7.2,105.0,105.0,,,1.5,1.5,,,,,2016,2016
1920,1898.0,PUNJAB,17.0,17.0,7.2,8.1,1155.0,1380.0,,,12.0,12.4,,,,,2016,2016
1921,1899.0,PUNJAB,,,7.3,7.9,280.0,861.0,,,1.1,1.6,,,,,2016,2016
1922,1900.0,PUNJAB,,,7.2,7.9,419.0,845.0,,,2.8,2.9,,,,,2016,2016
1923,1901.0,PUNJAB,34.0,34.0,7.5,8.1,326.0,650.0,,,1.2,1.2,,,,,2016,2016
1924,1902.0,PUNJAB,16.0,16.0,6.9,7.9,1240.0,1310.0,,,12.0,11.8,,,,,2016,2016
1925,1903.0,PUNJAB,,,7.3,8.1,320.0,865.0,,,1.1,1.3,,,,,2016,2016
1926,2918.0,PUNJAB,,,7.3,7.8,2390.0,2652.0,,,16.0,212.0,,,,,2016,2016
1927,2919.0,PUNJAB,,,7.3,8.1,1196.0,2660.0,,,8.5,83.0,,,,,2016,2016
1928,2920.0,PUNJAB,,,7.2,7.9,888.0,1001.0,,,0.2,0.3,,,,,2016,2016
1929,2922.0,PUNJAB,,,7.3,7.5,1953.0,1997.0,,,1.9,2.2,,,,,2016,2016
1930,2923.0,PUNJAB,,,7.2,7.4,1670.0,1860.0,,,1.8,1.9,,,,,2016,2016
1931,2924.0,PUNJAB,24.0,24.0,7.4,7.5,839.0,929.0,,,5.6,5.8,,,,,2016,2016
1932,2925.0,PUNJAB,24.0,24.0,7.0,7.6,2170.0,2615.0,,,2.9,3.0,,,,,2016,2016
1933,2926.0,PUNJAB,,,6.8,7.9,940.0,1275.0,,,13.0,12.6,,,,,2016,2016
1934,2927.0,PUNJAB,,,6.9,7.7,960.0,1344.0,,,13.0,13.6,,,,,2016,2016
1935,2928.0,PUNJAB,,,7.1,7.5,581.0,589.0,,,5.2,5.5,,,,,2016,2016
1936,2929.0,PUNJAB,,,7.4,7.6,576.0,699.0,,,5.5,5.6,,,,,2016,2016
1937,2930.0,PUNJAB,,,7.2,7.5,1010.0,1124.0,,,9.6,12.6,,,,,2016,2016
1938,2931.0,PUNJAB,,,7.5,8.1,343.0,597.0,,,1.1,1.2,,,,,2016,2016
1939,2916.0,PUNJAB/CPCB,,,7.3,8.0,852.0,915.0,,,5.5,5.6,,,,,2016,2016
1940,2917.0,PUNJAB/CPCB,,,7.5,7.9,1139.0,1204.0,,,9.6,11.4,,,,,2016,2016
1941,1415.0,RAJASTHAN,24.0,25.0,8.1,8.5,3700.0,10300.0,9.2,13.1,3.7,7.5,3.0,3.0,3.0,4.0,2016,2016
1942,1416.0,RAJASTHAN,23.0,26.0,8.6,8.7,5300.0,24000.0,11.2,17.3,7.0,15.5,3.0,3.0,3.0,4.0,2016,2016
1943,1706.0,RAJASTHAN,27.0,28.0,7.7,7.9,1070.0,1130.0,1.3,1.8,1.0,1.7,3.0,3.0,3.0,3.0,2016,2016
1944,1707.0,RAJASTHAN,29.0,30.0,7.8,8.0,1250.0,1460.0,1.3,1.8,1.7,1.8,3.0,3.0,3.0,3.0,2016,2016
1945,1708.0,RAJASTHAN,28.0,29.0,7.4,7.8,1290.0,1410.0,1.8,2.0,1.3,1.6,3.0,3.0,3.0,4.0,2016,2016
1946,1709.0,RAJASTHAN,27.0,28.0,7.4,7.8,2300.0,2400.0,1.3,2.1,2.2,2.3,3.0,3.0,3.0,3.0,2016,2016
1947,1710.0,RAJASTHAN,27.0,28.0,7.5,7.7,1400.0,1550.0,1.4,2.0,2.4,2.5,3.0,3.0,3.0,3.0,2016,2016
1948,1711.0,RAJASTHAN,27.0,27.0,7.2,8.2,1160.0,5300.0,1.8,2.1,3.2,4.2,3.0,3.0,3.0,3.0,2016,2016
1949,1712.0,RAJASTHAN,27.0,28.0,7.4,7.8,1770.0,2400.0,2.1,2.3,2.1,2.1,3.0,3.0,3.0,3.0,2016,2016
1950,1713.0,RAJASTHAN,27.0,28.0,7.2,7.8,1350.0,1670.0,1.3,1.9,1.7,2.1,3.0,3.0,3.0,3.0,2016,2016
1951,1715.0,RAJASTHAN,27.0,28.0,7.8,8.3,1270.0,1320.0,1.7,1.8,1.0,1.2,3.0,3.0,3.0,3.0,2016,2016
1952,1720.0,RAJASTHAN,27.0,28.0,7.8,8.2,1530.0,2500.0,1.1,2.0,2.3,3.1,3.0,3.0,3.0,3.0,2016,2016
1953,1721.0,RAJASTHAN,27.0,29.0,7.6,7.9,650.0,2000.0,1.1,1.1,1.1,1.6,4.0,4.0,4.0,4.0,2016,2016
1954,1723.0,RAJASTHAN,25.0,29.0,7.5,8.0,4000.0,4400.0,1.2,2.3,11.0,12.4,3.0,3.0,3.0,3.0,2016,2016
1955,1724.0,RAJASTHAN,27.0,29.0,8.1,8.2,350.0,1900.0,1.0,1.3,2.3,3.1,3.0,3.0,3.0,3.0,2016,2016
1956,1725.0,RAJASTHAN,28.0,30.0,6.9,7.8,1800.0,2300.0,1.4,1.9,3.0,6.0,3.0,3.0,3.0,3.0,2016,2016
1957,2015.0,RAJASTHAN,27.0,36.2,7.1,7.4,3600.0,5200.0,1.8,1.9,3.7,4.6,3.0,3.0,4.0,4.0,2016,2016
1958,2016.0,RAJASTHAN,26.4,40.2,7.0,7.3,2000.0,2700.0,1.7,2.2,3.2,3.4,3.0,3.0,7.0,11.0,2016,2016
1959,2017.0,RAJASTHAN,27.6,38.4,7.3,7.5,2500.0,2900.0,1.2,1.8,4.2,5.5,3.0,3.0,4.0,4.0,2016,2016
1960,2018.0,RAJASTHAN,27.0,40.7,7.4,8.1,6400.0,8000.0,2.1,2.3,15.0,16.0,3.0,3.0,4.0,4.0,2016,2016
1961,2019.0,RAJASTHAN,24.0,28.0,7.4,7.7,760.0,1280.0,1.1,2.0,1.8,2.1,3.0,3.0,3.0,3.0,2016,2016
1962,2020.0,RAJASTHAN,24.0,28.0,7.1,7.5,1590.0,1670.0,1.9,2.3,0.8,2.8,3.0,3.0,3.0,3.0,2016,2016
1963,2021.0,RAJASTHAN,24.0,28.0,7.2,7.7,1260.0,1340.0,1.5,1.9,0.5,1.6,3.0,3.0,3.0,3.0,2016,2016
1964,2022.0,RAJASTHAN,24.0,28.0,7.1,7.1,1780.0,1900.0,1.4,1.6,2.6,2.7,3.0,3.0,3.0,3.0,2016,2016
1965,2023.0,RAJASTHAN,24.0,26.0,7.1,7.2,1190.0,1400.0,1.2,1.2,2.8,3.0,3.0,3.0,4.0,4.0,2016,2016
1966,2024.0,RAJASTHAN,28.0,28.0,7.1,8.3,630.0,2000.0,1.0,1.3,2.0,2.2,3.0,3.0,4.0,4.0,2016,2016
1967,2025.0,RAJASTHAN,27.0,27.0,7.2,8.1,830.0,2200.0,0.7,1.6,5.6,6.1,3.0,3.0,3.0,3.0,2016,2016
1968,2026.0,RAJASTHAN,27.0,28.0,7.9,8.2,390.0,740.0,0.8,2.1,8.4,8.8,3.0,3.0,3.0,3.0,2016,2016
1969,2526.0,WEST BENGAL,21.0,28.0,6.3,7.7,116.0,260.0,0.6,2.0,0.2,0.3,50.0,130.0,130.0,500.0,2016,2016
1970,2027.0,RAJASTHAN,28.0,28.0,7.8,7.8,1630.0,1630.0,0.7,0.7,3.2,3.2,,,,,2016,2016
1971,2028.0,RAJASTHAN,26.0,30.0,7.9,8.1,1220.0,1390.0,1.1,2.0,5.6,6.1,3.0,3.0,3.0,3.0,2016,2016
1972,2029.0,RAJASTHAN,26.0,28.0,7.5,8.3,1240.0,1340.0,1.8,1.9,1.3,1.5,3.0,3.0,3.0,3.0,2016,2016
1973,2030.0,RAJASTHAN,26.0,28.0,7.4,8.4,1800.0,3600.0,1.2,1.7,2.8,3.1,3.0,3.0,3.0,3.0,2016,2016
1974,2031.0,RAJASTHAN,25.0,28.0,7.6,8.4,1360.0,1440.0,1.9,2.5,0.9,1.7,3.0,3.0,4.0,4.0,2016,2016
1975,2032.0,RAJASTHAN,26.0,28.0,8.1,8.4,350.0,380.0,1.8,2.4,1.3,1.5,3.0,3.0,3.0,3.0,2016,2016
1976,2957.0,RAJASTHAN,26.0,26.0,7.5,7.5,630.0,630.0,1.3,1.3,1.8,1.8,,,,,2016,2016
1977,2960.0,RAJASTHAN,26.0,30.0,7.4,8.3,3800.0,3900.0,2.2,2.3,3.1,3.2,3.0,3.0,4.0,4.0,2016,2016
1978,2961.0,RAJASTHAN,26.0,27.0,8.2,9.0,720.0,3800.0,1.0,1.3,2.3,4.2,3.0,3.0,3.0,3.0,2016,2016
1979,2962.0,RAJASTHAN,26.0,26.0,7.3,7.9,780.0,2400.0,1.3,1.8,3.4,4.2,3.0,3.0,3.0,4.0,2016,2016
1980,2963.0,RAJASTHAN,27.0,27.0,7.6,7.8,1100.0,1600.0,1.2,1.6,1.8,2.2,3.0,3.0,3.0,3.0,2016,2016
1981,2964.0,RAJASTHAN,27.0,28.0,7.6,8.2,640.0,2100.0,1.0,1.6,0.4,1.1,3.0,3.0,3.0,3.0,2016,2016
1982,2965.0,RAJASTHAN,24.0,25.0,7.8,8.6,6900.0,10100.0,4.0,7.6,2.9,4.9,3.0,3.0,3.0,4.0,2016,2016
1983,2966.0,RAJASTHAN,23.0,23.0,8.0,8.6,5600.0,7000.0,3.9,6.4,3.1,4.0,3.0,3.0,3.0,4.0,2016,2016
1984,2967.0,RAJASTHAN,23.0,24.0,7.7,8.3,3400.0,8700.0,2.5,12.3,2.4,3.7,3.0,3.0,3.0,4.0,2016,2016
1985,2968.0,RAJASTHAN,22.0,25.0,8.1,8.4,3100.0,7300.0,3.0,8.5,3.2,4.7,3.0,3.0,3.0,9.0,2016,2016
1986,2969.0,RAJASTHAN,27.0,28.0,7.3,7.4,900.0,920.0,1.4,1.6,1.4,2.2,3.0,3.0,3.0,3.0,2016,2016
1987,2970.0,RAJASTHAN,27.0,29.0,7.1,7.7,1720.0,1740.0,1.2,1.5,2.0,2.2,3.0,3.0,3.0,3.0,2016,2016
1988,2971.0,RAJASTHAN,28.0,29.0,7.5,7.8,2200.0,2200.0,1.1,1.5,1.5,3.0,3.0,3.0,3.0,3.0,2016,2016
1989,2972.0,RAJASTHAN,28.0,30.0,7.5,7.7,2700.0,2700.0,2.0,2.2,3.1,3.2,3.0,3.0,3.0,3.0,2016,2016
1990,2973.0,RAJASTHAN,27.0,28.0,7.5,7.7,3200.0,5000.0,1.4,1.9,4.2,5.0,3.0,3.0,3.0,3.0,2016,2016
1991,2528.0,WEST BENGAL,28.0,29.0,7.0,7.4,371.0,495.0,0.8,2.4,0.4,0.9,,,,,2016,2016
1992,2974.0,RAJASTHAN,27.0,29.0,8.2,8.3,1500.0,2000.0,1.3,2.3,1.8,2.1,3.0,3.0,3.0,3.0,2016,2016
1993,2975.0,RAJASTHAN,28.0,29.0,7.4,7.5,3100.0,3900.0,1.4,2.3,2.8,3.0,3.0,3.0,3.0,3.0,2016,2016
1994,2976.0,RAJASTHAN,16.0,31.0,8.2,8.7,7800.0,9100.0,22.1,26.4,3.7,10.3,75.0,150.0,210.0,2400.0,2016,2016
1995,2977.0,RAJASTHAN,27.3,29.6,7.6,8.0,20000.0,21000.0,2.8,3.0,9.8,16.0,3.0,3.0,4.0,4.0,2016,2016
1996,2982.0,RAJASTHAN,27.8,32.6,7.4,7.8,700.0,9000.0,2.3,2.9,1.5,10.3,3.0,3.0,4.0,4.0,2016,2016
1997,2985.0,RAJASTHAN,28.1,32.3,6.9,7.3,12000.0,13100.0,2.8,3.2,12.0,12.3,3.0,3.0,4.0,4.0,2016,2016
1998,2986.0,RAJASTHAN,27.0,30.0,7.5,8.0,15400.0,16600.0,1.8,2.2,8.0,10.0,3.0,3.0,3.0,3.0,2016,2016
1999,2987.0,RAJASTHAN,26.0,30.0,7.5,7.9,8100.0,11500.0,3.6,3.8,9.2,10.0,3.0,3.0,3.0,3.0,2016,2016
2000,2988.0,RAJASTHAN,28.0,30.0,8.0,8.1,5800.0,8000.0,1.9,2.0,9.2,11.0,3.0,3.0,3.0,3.0,2016,2016
2001,2989.0,RAJASTHAN,29.0,30.0,8.0,8.3,15400.0,23000.0,1.9,2.3,8.0,9.1,3.0,3.0,4.0,4.0,2016,2016
2002,2990.0,RAJASTHAN,28.0,30.0,8.1,8.3,13200.0,14800.0,1.2,2.3,3.6,5.7,3.0,3.0,4.0,4.0,2016,2016
2003,2991.0,RAJASTHAN,29.0,29.0,7.8,7.8,11600.0,11600.0,2.3,2.3,5.1,5.1,3.0,3.0,4.0,4.0,2016,2016
2004,2991.0,RAJASTHAN,30.0,30.0,7.7,7.7,12000.0,12000.0,1.1,1.1,1.9,1.9,,,4.0,4.0,2016,2016
2005,2993.0,RAJASTHAN,28.0,30.0,7.9,8.4,1800.0,11100.0,1.4,3.8,1.9,8.0,3.0,3.0,4.0,4.0,2016,2016
2006,2999.0,RAJASTHAN,27.0,28.0,6.8,7.8,900.0,1230.0,1.8,2.4,1.4,1.5,3.0,3.0,3.0,3.0,2016,2016
2007,3449.0,UTTARAKHAND,30.0,30.0,7.2,7.2,340.0,340.0,2.2,2.2,,,,,,,2019,2019
2008,3000.0,RAJASTHAN,26.0,28.0,7.4,7.6,1900.0,2100.0,1.6,2.5,1.8,2.1,3.0,3.0,3.0,3.0,2016,2016
2009,3001.0,RAJASTHAN,26.0,26.0,6.9,7.8,1900.0,2000.0,1.6,2.2,1.7,2.1,3.0,3.0,3.0,3.0,2016,2016
2010,3002.0,RAJASTHAN,27.0,28.0,7.6,7.9,1080.0,1100.0,1.7,2.2,1.5,1.6,3.0,3.0,3.0,3.0,2016,2016
2011,3003.0,RAJASTHAN,26.0,27.0,7.3,8.4,1030.0,1900.0,2.0,2.2,1.4,1.7,3.0,3.0,3.0,3.0,2016,2016
2012,3004.0,RAJASTHAN,28.0,28.0,7.8,7.9,1900.0,2200.0,2.2,2.3,1.8,1.8,3.0,3.0,3.0,3.0,2016,2016
2013,3006.0,RAJASTHAN,27.0,29.0,7.8,8.1,2400.0,4200.0,0.8,1.4,2.1,2.1,3.0,3.0,3.0,3.0,2016,2016
2014,32.0,TAMIL NADU,31.0,31.0,7.25,7.25,1869.0,1869.0,3.0,3.0,4.5,4.5,,,,,2016,2016
2015,1449.0,TAMIL NADU,38.0,38.0,6.8,6.8,1390.0,1390.0,3.7,3.7,,,2.0,2.0,4.0,4.0,2016,2016
2016,15.0,TELANGANA,29.0,29.0,8.1,8.5,228.0,916.0,0.0,0.0,,,,,,,2016,2016
2017,16.0,TELANGANA,24.0,25.0,7.3,7.9,280.0,363.0,3.0,6.0,,,,,,,2016,2016
2018,27.0,TELANGANA,26.0,32.0,7.5,8.5,1153.0,2776.0,2.0,2.0,0.2,38.2,2.0,2.0,18.0,18.0,2016,2016
2019,1515.0,TELANGANA,19.0,26.0,7.9,7.9,1643.0,2219.0,2.0,2.0,,0.5,4.0,4.0,15.0,15.0,2016,2016
2020,1525.0,TELANGANA,27.0,27.0,8.0,8.0,2360.0,2360.0,,,,36.8,,,,,2016,2016
2021,1791.0,TELANGANA,30.0,30.0,7.6,8.0,828.0,990.0,2.8,17.0,,,,,,,2016,2016
2022,1792.0,TELANGANA,29.0,34.0,8.1,9.0,1020.0,2346.0,2.0,10.0,,,,,,,2016,2016
2023,1793.0,TELANGANA,26.0,26.0,8.0,8.2,1456.0,1547.0,3.0,20.0,,,,,,,2016,2016
2024,1794.0,TELANGANA,29.0,29.0,7.8,7.9,890.0,922.0,2.0,8.0,,,,,,,2016,2016
2025,1795.0,TELANGANA,32.0,32.0,8.3,8.3,1710.0,1710.0,,,,28.4,,,,,2016,2016
2026,1810.0,TELANGANA,26.0,28.0,7.9,8.0,2050.0,2219.0,3.0,3.0,0.5,39.8,4.0,4.0,15.0,15.0,2016,2016
2027,1811.0,TELANGANA,22.0,24.0,8.0,8.6,2035.0,2079.0,2.0,2.0,0.5,35.7,6.0,6.0,40.0,40.0,2016,2016
2028,3088.0,TELANGANA,18.0,20.0,7.8,8.0,1556.0,1634.0,5.0,12.0,,,,,,,2016,2016
2029,3094.0,TELANGANA,26.0,26.0,8.0,8.2,894.0,903.0,1.0,14.0,,,,,,,2016,2016
2030,1405.0,TRIPURA,26.0,28.0,7.0,8.2,116.0,185.0,0.0,0.0,0.6,1.0,,,,,2016,2016
2031,1406.0,TRIPURA,26.0,28.0,6.7,7.8,208.0,352.0,0.0,0.0,,0.1,,,,,2016,2016
2032,1730.0,TRIPURA,26.0,28.0,6.1,6.9,161.0,271.0,0.0,0.0,,0.5,,,,,2016,2016
2033,1731.0,TRIPURA,26.0,28.5,6.2,7.1,93.0,117.0,0.0,0.0,,,,,,,2016,2016
2034,1732.0,TRIPURA,26.0,28.0,6.4,7.0,92.0,139.0,0.0,0.0,,,,,,,2016,2016
2035,2475.0,UTTAR PRADESH,19.0,22.0,8.1,8.1,753.0,781.0,,,0.2,0.3,,,,,2016,2016
2036,1733.0,TRIPURA,26.0,28.5,6.2,7.0,131.0,174.0,0.0,0.0,,,,,,,2016,2016
2037,1734.0,TRIPURA,26.0,28.5,6.8,7.5,132.0,199.0,0.0,0.0,,,,,,,2016,2016
2038,3423.0,TRIPURA,26.0,28.0,5.2,5.9,91.0,113.0,0.0,0.0,,,,,,,2016,2016
2039,3424.0,TRIPURA,26.0,27.5,5.0,5.8,81.0,113.0,0.0,0.0,,,,,,,2016,2016
2040,3425.0,TRIPURA,26.0,27.5,5.1,6.1,96.0,148.0,0.0,0.0,,,,,,,2016,2016
2041,3426.0,TRIPURA,26.0,27.0,5.2,6.9,61.0,84.0,0.0,0.0,,,,,,,2016,2016
2042,4555.0,LAKSHADWEEP,27.6,29.7,7.0,7.9,1657.0,3320.0,,,,,,,,,2019,2019
2043,3427.0,TRIPURA,26.0,28.0,6.1,6.8,82.0,114.0,0.0,0.1,,0.1,,,,,2016,2016
2044,3428.0,TRIPURA,26.0,27.0,5.4,6.4,62.0,88.0,0.0,0.0,,,,,,,2016,2016
2045,3429.0,TRIPURA,26.0,27.5,5.4,6.2,141.0,253.0,0.0,0.0,,,,,,,2016,2016
2046,3430.0,TRIPURA,26.0,27.0,5.7,6.9,69.0,88.0,0.0,0.0,,,,,,,2016,2016
2047,3431.0,TRIPURA,26.0,27.5,5.2,6.0,82.0,98.0,0.0,0.0,,,,,,,2016,2016
2048,3432.0,TRIPURA,26.0,27.0,6.1,6.8,92.0,114.0,0.0,0.0,,,,,,,2016,2016
2049,1599.0,LAKSHADWEEP,29.9,31.0,7.1,7.4,720.0,1052.0,,,,,,,,,2017,2017
2050,3433.0,TRIPURA,26.0,27.5,6.9,7.8,172.0,299.0,0.0,0.0,,,,220.0,,,2016,2016
2051,3434.0,TRIPURA,26.0,27.0,5.2,5.9,188.0,269.0,0.0,0.0,,,,,,,2016,2016
2052,3435.0,TRIPURA,26.0,27.5,7.5,8.0,244.0,359.0,0.0,0.0,,,,,,,2016,2016
2053,3436.0,TRIPURA,26.0,27.0,6.1,6.8,231.0,359.0,0.0,0.0,,,,,,,2016,2016
2054,1736.0,UTTAR PRADESH,19.0,29.0,6.9,6.9,992.0,1032.0,3.9,4.8,3.1,4.5,70.0,110.0,150.0,330.0,2016,2016
2055,1737.0,UTTAR PRADESH,22.0,29.0,7.0,7.0,736.0,778.0,3.3,3.3,2.5,2.9,60.0,80.0,110.0,220.0,2016,2016
2056,1738.0,UTTAR PRADESH,,,7.6,7.6,783.0,783.0,,,1.2,1.2,,,,,2016,2016
2057,1739.0,UTTAR PRADESH,,,6.8,6.8,1943.0,1943.0,,,1.3,1.3,,,,,2016,2016
2058,1740.0,UTTAR PRADESH,,,7.4,7.4,2070.0,2070.0,,,0.9,0.9,,,,,2016,2016
2059,1741.0,UTTAR PRADESH,,,7.7,7.7,766.0,766.0,,,0.8,0.8,,,,,2016,2016
2060,1742.0,UTTAR PRADESH,30.0,30.0,7.7,7.7,673.0,673.0,,,0.2,0.2,,,,,2016,2016
2061,1743.0,UTTAR PRADESH,30.0,30.0,7.6,7.6,1758.0,1758.0,,,5.7,5.7,,,,,2016,2016
2062,1744.0,UTTAR PRADESH,20.0,20.0,7.3,7.3,2554.0,2554.0,,,3.6,3.6,,,,,2016,2016
2063,1745.0,UTTAR PRADESH,20.0,20.0,7.1,7.1,1428.0,1428.0,,,5.2,5.2,,,,,2016,2016
2064,1746.0,UTTAR PRADESH,20.0,22.0,7.6,7.7,811.0,811.0,,,0.1,0.2,,,,,2016,2016
2065,1747.0,UTTAR PRADESH,18.0,22.0,7.8,7.8,852.0,859.0,,,0.2,0.2,,,,,2016,2016
2066,1749.0,UTTAR PRADESH,20.0,20.0,7.3,7.3,680.0,680.0,,,3.8,3.8,,,,,2016,2016
2067,1750.0,UTTAR PRADESH,20.0,20.0,7.2,7.2,610.0,610.0,,,2.8,2.8,,,,,2016,2016
2068,1754.0,UTTAR PRADESH,21.0,21.0,7.0,7.0,769.0,769.0,,,0.5,0.5,,,,,2016,2016
2069,1755.0,UTTAR PRADESH,21.0,21.0,7.4,7.4,1318.0,1318.0,,,0.5,0.5,,,,,2016,2016
2070,1756.0,UTTAR PRADESH,27.0,27.0,7.5,7.5,452.0,452.0,,,3.8,3.8,,,,,2016,2016
2071,1757.0,UTTAR PRADESH,24.1,24.3,7.3,7.3,814.0,970.0,0.2,0.2,1.2,1.7,,,,,2016,2016
2072,1758.0,UTTAR PRADESH,26.5,26.5,7.5,7.5,508.0,508.0,,,3.6,3.6,,,,,2016,2016
2073,1759.0,UTTAR PRADESH,24.3,24.6,7.3,7.7,743.0,785.0,0.2,0.3,1.3,1.4,,,,,2016,2016
2074,1760.0,UTTAR PRADESH,24.4,24.6,7.1,7.2,1190.0,1284.0,0.3,0.5,1.5,1.6,,,,,2016,2016
2075,1761.0,UTTAR PRADESH,24.2,24.3,7.2,7.2,1192.0,1238.0,0.2,0.4,1.6,1.7,,,,,2016,2016
2076,2467.0,UTTAR PRADESH,26.5,26.5,7.5,7.5,520.0,520.0,,,3.2,3.2,,,,,2016,2016
2077,2468.0,UTTAR PRADESH,27.5,27.5,7.5,7.5,485.0,485.0,,,3.5,3.5,,,,,2016,2016
2078,2469.0,UTTAR PRADESH,24.3,24.5,7.2,7.4,1256.0,1264.0,0.3,0.4,1.5,1.5,,,,,2016,2016
2079,2470.0,UTTAR PRADESH,24.4,24.6,7.2,7.3,1475.0,1604.0,0.4,0.5,1.6,1.7,,,,,2016,2016
2080,2471.0,UTTAR PRADESH,20.0,28.0,7.9,8.0,492.0,512.0,2.4,2.8,0.4,0.4,40.0,60.0,80.0,168.0,2016,2016
2081,2472.0,UTTAR PRADESH,19.0,19.0,7.2,7.2,710.0,710.0,,,1.3,1.3,,,,,2016,2016
2082,2473.0,UTTAR PRADESH,20.0,20.0,7.6,7.6,690.0,690.0,,,3.4,3.4,,,,,2016,2016
2083,2474.0,UTTAR PRADESH,18.0,20.0,7.8,7.8,756.0,761.0,,,0.2,0.2,,,,,2016,2016
2084,2478.0,UTTAR PRADESH,30.5,30.5,7.6,7.6,630.5,630.5,,,0.2,0.2,,,,,2016,2016
2085,2479.0,UTTAR PRADESH,24.5,24.5,7.2,7.2,240.0,240.0,1.0,1.0,,,,,35.0,35.0,2016,2016
2086,2481.0,UTTAR PRADESH,20.0,20.0,7.2,7.2,610.0,610.0,,,1.5,1.5,,,,,2016,2016
2087,1748.0,UTTARAKHAND,24.0,27.0,7.6,7.7,340.0,360.0,1.4,1.6,,,,,,,2016,2016
2088,3440.0,UTTARAKHAND,24.0,31.0,7.0,7.1,430.0,450.0,1.0,1.2,,,,,,,2016,2016
2089,3441.0,UTTARAKHAND,24.0,30.0,6.2,6.8,460.0,480.0,1.4,1.6,,,,,,,2016,2016
2090,3442.0,UTTARAKHAND,24.0,30.0,7.2,7.4,250.0,270.0,1.2,1.4,,,,,,,2016,2016
2091,3443.0,UTTARAKHAND,24.0,31.0,7.1,7.3,260.0,280.0,1.0,1.0,,,,,,,2016,2016
2092,3444.0,UTTARAKHAND,24.0,31.0,7.1,7.3,270.0,290.0,1.2,1.4,,,,,,,2016,2016
2093,3445.0,UTTARAKHAND,24.0,31.0,7.3,7.4,270.0,280.0,1.0,1.2,,,,,,,2016,2016
2094,3446.0,UTTARAKHAND,24.0,32.0,7.2,7.4,390.0,430.0,1.4,1.6,,,,,,,2016,2016
2095,3447.0,UTTARAKHAND,24.0,28.0,7.6,7.7,310.0,320.0,1.4,1.6,,,,,,,2016,2016
2096,3448.0,UTTARAKHAND,24.0,29.0,7.3,7.4,330.0,360.0,1.2,1.6,,,,,,,2016,2016
2097,3449.0,UTTARAKHAND,24.0,27.0,7.4,7.6,260.0,280.0,1.0,1.4,,,,,,,2016,2016
2098,3450.0,UTTARAKHAND,18.0,18.0,6.9,7.1,434.0,434.0,,,,,,,,,2016,2016
2099,3451.0,UTTARAKHAND,20.0,20.0,7.4,7.4,960.0,960.0,,,,,,,,,2016,2016
2100,3452.0,UTTARAKHAND,19.0,19.0,7.0,7.5,1930.0,1930.0,,,,,,,,,2016,2016
2101,3453.0,UTTARAKHAND,18.0,18.0,7.2,7.3,1104.0,1104.0,,,,,,,,,2016,2016
2102,3454.0,UTTARAKHAND,18.0,18.0,7.3,7.5,902.0,902.0,,,,,,,,,2016,2016
2103,3455.0,UTTARAKHAND,20.0,20.0,7.1,7.5,581.0,581.0,,,,,,,,,2016,2016
2104,3456.0,UTTARAKHAND,15.0,18.0,7.2,7.6,169.0,169.0,,,,,,,,,2016,2016
2105,3457.0,UTTARAKHAND,15.0,18.0,7.2,7.3,182.0,182.0,,,,,,,,,2016,2016
2106,1766.0,WEST BENGAL,29.0,30.0,8.0,8.6,739.0,847.0,0.4,0.9,0.4,1.1,,,,,2016,2016
2107,1767.0,WEST BENGAL,29.0,29.0,7.5,7.5,989.0,1023.0,0.6,0.8,0.7,1.3,,,,,2016,2016
2108,1768.0,WEST BENGAL,26.0,28.0,7.0,7.3,754.0,790.0,0.5,1.5,1.4,2.2,,,,,2016,2016
2109,1769.0,WEST BENGAL,32.0,34.0,7.6,7.8,1816.0,1898.0,0.8,0.9,,,,,,,2016,2016
2110,1770.0,WEST BENGAL,32.0,35.0,7.2,7.7,2450.0,2880.0,0.7,2.9,0.3,0.4,7.0,7.0,11.0,11.0,2016,2016
2111,1771.0,WEST BENGAL,28.0,29.0,7.4,7.8,996.0,1084.0,0.7,1.1,0.9,1.2,,,,,2016,2016
2112,1772.0,WEST BENGAL,28.0,29.0,7.0,7.2,735.0,1224.0,0.1,1.4,0.2,0.5,,,,,2016,2016
2113,1773.0,WEST BENGAL,30.0,32.0,7.2,7.6,1930.0,1945.0,0.9,1.5,0.2,0.2,4.0,130.0,9.0,240.0,2016,2016
2114,1774.0,WEST BENGAL,28.0,30.0,7.0,7.4,1785.0,1792.0,0.5,2.1,0.1,0.1,,,,,2016,2016
2115,1775.0,WEST BENGAL,29.0,30.0,7.0,7.2,1780.0,1874.0,1.7,1.8,0.1,0.1,1.0,9.0,5.0,23.0,2016,2016
2116,1776.0,WEST BENGAL,28.0,31.0,7.2,7.4,1324.0,1346.0,1.0,1.4,0.1,0.1,,,,,2016,2016
2117,1777.0,WEST BENGAL,28.0,29.0,7.7,8.1,830.0,849.0,0.7,0.9,0.2,0.3,,,,,2016,2016
2118,1778.0,WEST BENGAL,31.0,32.0,7.3,8.4,683.0,710.0,2.1,3.9,0.3,0.3,,,,,2016,2016
2119,1779.0,WEST BENGAL,28.0,28.0,7.1,7.4,1130.0,1152.0,0.4,0.6,0.2,0.3,,,,,2016,2016
2120,1813.0,WEST BENGAL,27.0,28.0,7.5,7.6,548.0,807.0,1.5,1.8,0.1,1.3,,,,,2016,2016
2121,1931.0,WEST BENGAL,29.0,31.0,7.1,7.7,2045.0,2525.0,0.6,1.9,0.2,0.4,,,,,2016,2016
2122,1932.0,WEST BENGAL,29.0,30.0,7.3,7.4,954.0,1323.0,0.7,1.8,0.1,0.1,,,,,2016,2016
2123,1933.0,WEST BENGAL,30.0,31.0,7.1,7.6,1410.0,1469.0,1.6,1.8,0.1,0.2,4.0,280.0,13.0,500.0,2016,2016
2124,1555.0,HIMACHAL PRADESH,18.0,18.0,8.0,8.0,711.0,1108.0,0.1,0.1,2.48,2.48,2.0,2.0,2.0,2.0,2017,2017
2125,2279.0,GOA,,,,,,,,,,,,,,,2017,2017
2126,2014.0,PUDUCHERRY,26.5,30.0,8.2,8.6,1465.0,1575.0,0.0,0.0,0.16,0.21,,,,,2017,2017
2127,1602.0,LAKSHADWEEP,29.2,30.4,7.1,7.2,1557.0,1796.0,,,,,,,,,2017,2017
2128,26.0,ANDHRA PRADESH,25.0,27.0,7.9,8.1,1410.0,1732.0,0.6,0.8,2.65,4.21,2.0,2.0,400.0,400.0,2017,2017
2129,1513.0,ANDHRA PRADESH,26.0,29.0,8.0,8.2,1180.0,1729.0,0.8,0.8,,1.53,2.0,2.0,400.0,400.0,2017,2017
2130,1514.0,ANDHRA PRADESH,26.0,28.0,7.8,8.2,1410.0,1604.0,0.8,1.0,1.28,4.35,2.0,2.0,400.0,400.0,2017,2017
2131,1516.0,ANDHRA PRADESH,27.0,27.0,8.3,8.3,1020.0,1074.0,0.8,0.9,0.99,1.12,2.0,2.0,400.0,400.0,2017,2017
2132,1517.0,ANDHRA PRADESH,21.0,23.0,7.6,7.9,2240.0,4700.0,0.7,1.0,2.12,4.4,2.0,2.0,2.0,2.0,2017,2017
2133,1518.0,ANDHRA PRADESH,23.0,24.0,7.7,7.8,4400.0,4420.0,0.8,1.0,3.0,4.0,2.0,2.0,2.0,2.0,2017,2017
2134,1519.0,ANDHRA PRADESH,25.0,31.0,7.5,7.5,1763.0,1973.0,0.5,1.0,1.8,2.8,2.0,2.0,2.0,2.0,2017,2017
2135,1520.0,ANDHRA PRADESH,26.0,29.0,7.6,7.7,735.0,1285.0,0.7,1.0,1.1,1.3,2.0,2.0,2.0,2.0,2017,2017
2136,1521.0,ANDHRA PRADESH,26.0,27.0,6.9,7.3,2787.0,3163.0,2.0,2.0,9.78,10.06,13.0,15.0,380.0,460.0,2017,2017
2137,1522.0,ANDHRA PRADESH,26.0,28.0,7.2,7.9,514.0,782.0,1.7,1.9,1.15,3.41,11.0,11.0,150.0,210.0,2017,2017
2138,1523.0,ANDHRA PRADESH,25.0,26.0,6.9,7.7,464.0,590.0,1.4,1.5,2.44,3.82,9.0,9.0,45.0,65.0,2017,2017
2139,1524.0,ANDHRA PRADESH,27.0,29.0,6.9,7.8,1403.0,1681.0,1.4,1.8,2.07,3.4,9.0,9.0,45.0,120.0,2017,2017
2140,3087.0,ANDHRA PRADESH,26.0,26.0,7.3,7.7,2110.0,2310.0,0.8,1.0,0.38,0.48,2.0,2.0,400.0,400.0,2017,2017
2141,3089.0,ANDHRA PRADESH,25.0,27.0,7.3,7.5,2223.0,2234.0,1.6,1.8,4.64,10.63,11.0,11.0,210.0,210.0,2017,2017
2142,3090.0,ANDHRA PRADESH,22.0,26.0,7.0,7.3,2076.0,2267.0,1.5,1.5,10.89,13.72,9.0,11.0,45.0,45.0,2017,2017
2143,3091.0,ANDHRA PRADESH,26.0,29.0,7.2,7.3,2715.0,3609.0,1.4,1.6,10.77,23.37,7.0,7.0,460.0,460.0,2017,2017
2144,3092.0,ANDHRA PRADESH,27.0,28.0,7.7,7.8,862.0,1009.0,1.4,1.6,3.03,6.82,11.0,15.0,69.0,110.0,2017,2017
2145,3093.0,ANDHRA PRADESH,26.0,26.0,7.7,7.8,1645.0,1888.0,1.5,2.3,4.44,4.68,7.0,9.0,45.0,65.0,2017,2017
2146,1533.0,ASSAM,22.0,22.0,6.2,6.3,212.0,450.0,1.2,1.4,0.7,1.8,2.0,2.0,2.0,2.0,2017,2017
2147,1534.0,ASSAM,26.0,26.0,5.6,5.8,186.0,1134.0,0.8,1.1,0.3,0.9,2.0,150.0,2.0,200.0,2017,2017
2148,1535.0,ASSAM,23.0,29.0,6.1,6.6,189.0,277.0,0.6,1.5,1.0,2.5,2.0,2.0,2.0,2.0,2017,2017
2149,1536.0,ASSAM,24.0,28.0,6.4,6.5,176.0,200.0,0.6,1.2,0.5,1.7,2.0,2.0,2.0,2.0,2017,2017
2150,4556.0,LAKSHADWEEP,28.7,29.9,7.0,7.6,830.0,945.0,,,,,,,,,2019,2019
2151,1537.0,ASSAM,23.0,27.0,6.4,7.4,179.0,275.0,0.6,1.4,0.8,1.4,2.0,2.0,2.0,2.0,2017,2017
2152,1538.0,ASSAM,25.0,26.0,5.5,7.1,61.0,125.0,0.6,0.8,0.7,1.8,2.0,2.0,2.0,2.0,2017,2017
2153,1539.0,ASSAM,27.0,28.0,7.3,7.8,272.0,309.0,0.8,1.1,0.4,1.9,2.0,2.0,2.0,300.0,2017,2017
2154,1540.0,ASSAM,28.0,29.0,6.0,6.1,143.0,190.0,1.4,1.6,2.5,7.9,2.0,2.0,2.0,2.0,2017,2017
2155,1541.0,ASSAM,26.0,28.0,6.9,7.1,344.0,464.0,1.0,2.3,2.1,2.3,2.0,2.0,2.0,2.0,2017,2017
2156,1542.0,ASSAM,26.0,28.0,6.4,7.0,457.0,783.0,2.4,2.6,1.7,2.2,2.0,3500.0,2.0,5300.0,2017,2017
2157,2243.0,ASSAM,22.0,22.0,5.1,6.0,142.0,224.0,0.6,1.3,1.0,1.9,2.0,2.0,2.0,2.0,2017,2017
2158,2244.0,ASSAM,24.0,26.0,6.5,7.1,247.0,251.0,1.0,2.6,0.7,1.7,2.0,2.0,2.0,2.0,2017,2017
2159,2245.0,ASSAM,25.0,27.0,4.9,5.6,160.0,170.0,1.4,2.1,1.0,1.8,2.0,2.0,2.0,2.0,2017,2017
2160,2246.0,ASSAM,20.0,22.0,6.2,7.0,188.0,236.0,0.9,2.2,0.4,0.4,2.0,2.0,2.0,2.0,2017,2017
2161,2247.0,ASSAM,20.0,23.0,6.3,6.4,94.0,225.0,1.4,1.8,0.6,1.1,2.0,2.0,2.0,2.0,2017,2017
2162,2248.0,ASSAM,26.0,30.0,6.0,6.8,134.0,343.0,1.4,2.8,1.8,3.5,2.0,2.0,2.0,2.0,2017,2017
2163,2249.0,ASSAM,26.0,27.0,6.1,6.4,249.0,251.0,0.9,2.2,0.3,2.7,2.0,2.0,2.0,2.0,2017,2017
2164,2250.0,ASSAM,29.0,30.0,6.0,6.3,285.0,513.0,1.8,2.4,0.5,2.7,2.0,2.0,2.0,2.0,2017,2017
2165,2251.0,ASSAM,29.0,29.0,5.1,5.4,463.0,755.0,1.1,1.1,0.6,1.1,2.0,730.0,2.0,2000.0,2017,2017
2166,2252.0,ASSAM,22.0,29.0,6.2,6.6,202.0,221.0,1.2,2.3,0.1,0.8,2.0,2.0,2.0,2.0,2017,2017
2167,2253.0,ASSAM,22.0,30.0,6.2,6.3,190.0,194.0,1.1,2.1,0.1,2.1,2.0,2.0,2.0,2.0,2017,2017
2168,2254.0,ASSAM,28.0,28.0,6.9,7.1,526.0,660.0,0.6,1.4,0.3,2.7,2.0,2.0,2.0,2.0,2017,2017
2169,2255.0,ASSAM,28.0,30.0,5.7,6.7,293.0,408.0,1.4,2.2,1.8,6.4,2.0,2.0,2.0,2.0,2017,2017
2170,2256.0,ASSAM,28.0,30.0,5.6,6.7,57.0,154.0,0.5,0.8,0.3,2.8,2.0,2.0,2.0,2.0,2017,2017
2171,2257.0,ASSAM,24.0,32.0,6.5,7.7,427.0,454.0,0.6,1.0,0.2,2.7,2.0,2.0,2.0,2.0,2017,2017
2172,2258.0,ASSAM,26.0,30.0,6.4,6.6,244.0,246.0,1.1,2.2,2.4,3.2,2.0,2.0,2.0,2.0,2017,2017
2173,2259.0,ASSAM,27.0,27.0,7.1,7.2,751.0,837.0,0.8,1.0,0.6,1.0,2.0,2.0,2.0,2.0,2017,2017
2174,2260.0,ASSAM,26.0,29.0,6.0,6.2,94.0,104.0,1.4,1.6,0.4,0.7,2.0,2.0,2.0,2.0,2017,2017
2175,2261.0,ASSAM,20.0,24.0,6.1,7.2,90.0,122.0,0.8,1.0,0.7,2.1,2.0,2.0,2.0,2.0,2017,2017
2176,2262.0,ASSAM,25.0,25.0,5.7,7.1,84.0,149.0,1.0,1.2,0.6,1.7,2.0,2.0,2.0,2.0,2017,2017
2177,2263.0,ASSAM,25.0,25.0,7.4,7.4,154.0,198.0,0.6,1.3,0.5,2.7,2.0,2.0,2.0,2.0,2017,2017
2178,2264.0,ASSAM,25.0,25.0,6.6,6.7,153.0,171.0,1.4,3.1,0.7,1.7,2.0,2.0,2.0,2.0,2017,2017
2179,3761.0,ASSAM,26.0,26.0,7.1,7.1,177.0,177.0,1.1,1.1,1.7,1.7,2.0,2.0,2.0,2.0,2017,2017
2180,3762.0,ASSAM,27.0,27.0,6.3,6.3,384.0,384.0,3.0,3.0,1.6,1.6,2.0,2.0,2.0,2.0,2017,2017
2181,3766.0,ASSAM,27.0,27.0,6.4,6.4,287.0,287.0,2.8,2.8,2.4,2.4,2.0,2.0,2.0,2.0,2017,2017
2182,3770.0,ASSAM,28.0,28.0,7.2,7.2,157.0,157.0,1.8,1.8,0.8,0.8,2.0,2.0,2.0,2.0,2017,2017
2183,3771.0,ASSAM,27.0,27.0,7.8,7.8,277.0,277.0,1.7,1.7,1.0,1.0,2.0,2.0,2.0,2.0,2017,2017
2184,1449.0,TAMIL NADU,,,,,,,,,,,,,,,2017,2017
2185,3779.0,ASSAM,27.0,27.0,7.5,7.5,391.0,391.0,1.9,1.9,0.2,0.2,2.0,2.0,2.0,2.0,2017,2017
2186,3790.0,ASSAM,22.0,22.0,7.5,7.5,180.0,180.0,2.2,2.2,1.4,1.4,2.0,2.0,2.0,2.0,2017,2017
2187,3793.0,ASSAM,27.0,27.0,6.8,6.8,451.0,451.0,1.6,1.6,2.1,2.1,700.0,700.0,1500.0,1500.0,2017,2017
2188,3794.0,ASSAM,27.0,27.0,6.7,6.7,489.0,489.0,2.2,2.2,2.7,2.7,2.0,2.0,2.0,2.0,2017,2017
2189,1600.0,LAKSHADWEEP,30.4,31.1,7.1,7.4,863.0,1018.0,,,,,,,,,2017,2017
2190,3795.0,ASSAM,26.0,26.0,7.5,7.5,370.0,370.0,1.4,1.4,1.6,1.6,2.0,2.0,2.0,2.0,2017,2017
2191,3801.0,ASSAM,25.0,25.0,7.4,7.4,545.0,545.0,5.1,5.1,1.5,1.5,2.0,2.0,2.0,2.0,2017,2017
2192,3802.0,ASSAM,25.0,25.0,7.1,7.1,331.0,331.0,2.0,2.0,1.2,1.2,2.0,2.0,2.0,2.0,2017,2017
2193,3805.0,ASSAM,26.0,26.0,6.8,6.8,162.0,162.0,2.2,2.2,1.7,1.7,2.0,2.0,2.0,2.0,2017,2017
2194,3813.0,ASSAM,27.0,27.0,5.6,5.6,309.0,309.0,1.7,1.7,1.9,1.9,2.0,2.0,2.0,2.0,2017,2017
2195,3815.0,ASSAM,24.0,24.0,7.8,7.8,286.0,286.0,0.8,0.8,1.9,1.9,2.0,2.0,2.0,2.0,2017,2017
2196,3816.0,ASSAM,24.0,24.0,7.9,7.9,280.0,280.0,0.5,0.5,0.1,0.1,2.0,2.0,2.0,2.0,2017,2017
2197,3817.0,ASSAM,25.0,25.0,7.0,7.0,331.0,331.0,0.8,0.8,0.1,0.1,2.0,2.0,2.0,2.0,2017,2017
2198,3818.0,ASSAM,26.0,26.0,7.3,7.3,280.0,280.0,1.0,1.0,0.3,0.3,2.0,2.0,2.0,2.0,2017,2017
2199,1825.0,BIHAR,26.0,30.0,8.1,8.7,446.0,449.0,,,,,2.0,2.0,2.0,2.0,2017,2017
2200,1826.0,BIHAR,26.0,32.0,7.8,8.0,455.0,456.0,,,,,2.0,2.0,2.0,2.0,2017,2017
2201,1827.0,BIHAR,26.0,32.0,7.4,7.4,554.0,558.0,,,,,2.0,2.0,2.0,2.0,2017,2017
2202,1828.0,BIHAR,26.0,30.0,7.8,7.8,520.0,521.0,,,,,2.0,2.0,2.0,2.0,2017,2017
2203,1829.0,BIHAR,26.0,30.0,7.6,7.8,560.0,560.0,,,,,2.0,2.0,2.0,2.0,2017,2017
2204,1830.0,BIHAR,24.0,28.0,7.2,7.5,995.0,1000.0,,,,,2.0,2.0,2.0,2.0,2017,2017
2205,1831.0,BIHAR,24.0,28.0,7.8,8.0,628.0,642.0,,,,,2.0,7.0,2.0,12.0,2017,2017
2206,1832.0,BIHAR,26.0,27.0,7.2,7.4,612.0,768.0,,,,,2.0,2.0,2.0,2.0,2017,2017
2207,1833.0,BIHAR,26.0,26.0,7.2,7.3,688.0,730.0,,,,,2.0,2.0,2.0,2.0,2017,2017
2208,1834.0,BIHAR,20.0,22.0,7.2,7.6,554.0,692.0,,,,,2.0,2.0,2.0,2.0,2017,2017
2209,1835.0,BIHAR,20.0,22.0,7.1,7.5,602.0,834.0,,,,,2.0,2.0,2.0,2.0,2017,2017
2210,1836.0,BIHAR,28.0,32.0,7.3,7.4,332.0,402.0,,,,,2.0,2.0,2.0,2.0,2017,2017
2211,1837.0,BIHAR,28.0,32.0,7.2,7.3,413.0,446.0,,,,,2.0,2.0,2.0,2.0,2017,2017
2212,1838.0,BIHAR,25.0,30.0,7.2,7.2,596.0,648.0,,,,,2.0,2.0,2.0,2.0,2017,2017
2213,1839.0,BIHAR,26.0,28.0,7.3,7.6,580.0,600.0,,,,,2.0,2.0,2.0,2.0,2017,2017
2214,1840.0,BIHAR,28.0,29.0,7.4,8.0,581.0,589.0,,,,,2.0,2.0,2.0,2.0,2017,2017
2215,1841.0,BIHAR,26.0,31.0,7.1,7.1,889.0,1850.0,,,,,2.0,4.0,2.0,7.0,2017,2017
2216,3423.0,TRIPURA,25.0,27.0,5.3,6.5,80.0,157.0,0.0,0.0,,0.35,2.0,2.0,2.0,2.0,2017,2017
2217,1842.0,BIHAR,26.0,31.0,7.1,7.2,895.0,1700.0,,,,,2.0,2.0,2.0,2.0,2017,2017
2218,1843.0,BIHAR,25.0,30.0,7.2,7.2,478.0,897.0,,,,,2.0,2.0,2.0,2.0,2017,2017
2219,1844.0,BIHAR,28.0,32.0,7.0,7.1,1088.0,1140.0,,,,,2.0,2.0,2.0,2.0,2017,2017
2220,2576.0,BIHAR,24.0,30.0,7.1,7.2,468.0,1080.0,,,,,2.0,2.0,2.0,2.0,2017,2017
2221,2577.0,BIHAR,29.0,32.0,7.1,7.2,545.0,595.0,,,,,2.0,4.0,2.0,7.0,2017,2017
2222,2578.0,BIHAR,22.0,30.0,7.1,7.2,826.0,857.0,,,,,2.0,2.0,2.0,2.0,2017,2017
2223,2579.0,BIHAR,21.0,25.0,7.4,7.5,491.0,3111.0,,,,,2.0,2.0,2.0,2.0,2017,2017
2224,2580.0,BIHAR,28.0,29.0,7.1,7.3,310.0,1004.0,,,,,2.0,2.0,2.0,2.0,2017,2017
2225,2581.0,BIHAR,21.0,23.0,7.5,7.8,447.0,603.0,,,,,2.0,2.0,2.0,2.0,2017,2017
2226,2582.0,BIHAR,21.0,22.0,7.4,7.6,640.0,651.0,,,,,2.0,2.0,2.0,2.0,2017,2017
2227,2583.0,BIHAR,26.0,30.0,7.2,7.7,511.0,870.0,,,,,2.0,2.0,2.0,2.0,2017,2017
2228,2584.0,BIHAR,26.0,31.0,7.3,7.4,1040.0,1070.0,,,,,2.0,2.0,2.0,2.0,2017,2017
2229,2585.0,BIHAR,26.0,26.0,6.9,7.4,410.0,1800.0,,,,,2.0,2.0,2.0,2.0,2017,2017
2230,2586.0,BIHAR,21.0,23.0,7.2,7.4,540.0,585.0,,,,,2.0,2.0,2.0,2.0,2017,2017
2231,2587.0,BIHAR,28.0,28.0,7.4,7.4,624.0,624.0,,,,,7.0,7.0,12.0,12.0,2017,2017
2232,2588.0,BIHAR,25.0,25.0,7.3,7.4,294.0,599.0,,,,,2.0,7.0,2.0,12.0,2017,2017
2233,2589.0,BIHAR,21.0,26.0,7.0,7.7,614.0,961.0,,,,,2.0,2.0,2.0,2.0,2017,2017
2234,2590.0,BIHAR,22.0,24.0,7.4,7.5,604.0,635.0,,,,,2.0,2.0,2.0,2.0,2017,2017
2235,1601.0,LAKSHADWEEP,29.4,30.5,7.1,7.2,1851.0,3100.0,,,,,,,,,2017,2017
2236,2591.0,BIHAR,26.0,29.0,7.2,7.3,687.0,1200.0,,,,,2.0,2.0,2.0,2.0,2017,2017
2237,2592.0,BIHAR,25.0,28.0,7.1,7.5,616.0,788.0,,,,,2.0,2.0,2.0,2.0,2017,2017
2238,2593.0,BIHAR,25.0,30.0,7.1,7.3,634.0,1450.0,,,,,2.0,2.0,2.0,2.0,2017,2017
2239,2594.0,BIHAR,24.0,27.0,7.0,7.6,610.0,774.0,,,,,2.0,2.0,2.0,2.0,2017,2017
2240,2595.0,BIHAR,21.0,23.0,7.4,7.5,583.0,873.0,,,,,2.0,2.0,2.0,2.0,2017,2017
2241,2596.0,BIHAR,24.0,30.0,7.1,7.4,304.0,399.0,,,,,2.0,2.0,2.0,2.0,2017,2017
2242,2597.0,BIHAR,27.0,34.0,7.3,7.4,563.0,1038.0,,,,,2.0,2.0,2.0,2.0,2017,2017
2243,2598.0,BIHAR,27.0,31.0,6.9,7.4,395.0,1220.0,,,,,2.0,7.0,2.0,12.0,2017,2017
2244,2599.0,BIHAR,26.0,31.0,6.8,7.5,550.0,1200.0,,,,,2.0,2.0,2.0,2.0,2017,2017
2245,2600.0,BIHAR,24.0,30.0,7.3,7.4,304.0,339.0,,,,,2.0,2.0,2.0,2.0,2017,2017
2246,3138.0,BIHAR,22.0,30.0,7.2,7.2,783.0,790.0,,,,,2.0,2.0,2.0,2.0,2017,2017
2247,3139.0,BIHAR,27.0,32.0,7.0,7.0,675.0,705.0,,,,,2.0,4.0,2.0,7.0,2017,2017
2248,3140.0,BIHAR,26.0,31.0,7.1,7.4,1580.0,1589.0,,,,,2.0,7.0,2.0,12.0,2017,2017
2249,3141.0,BIHAR,25.0,31.0,6.9,7.9,541.0,1819.0,,,,,2.0,4.0,2.0,7.0,2017,2017
2250,3142.0,BIHAR,24.0,30.0,7.0,7.3,400.0,565.0,,,,,2.0,2.0,2.0,2.0,2017,2017
2251,3143.0,BIHAR,26.0,31.0,7.0,7.3,523.0,560.0,,,,,2.0,2.0,2.0,2.0,2017,2017
2252,3144.0,BIHAR,25.0,26.0,7.5,7.6,525.0,796.0,,,,,2.0,2.0,2.0,2.0,2017,2017
2253,3145.0,BIHAR,23.0,25.0,6.8,7.3,642.0,785.0,,,,,2.0,2.0,2.0,2.0,2017,2017
2254,3146.0,BIHAR,22.0,28.0,7.2,7.3,820.0,896.0,,,,,2.0,2.0,2.0,2.0,2017,2017
2255,3147.0,BIHAR,20.0,21.0,7.6,7.8,315.0,620.0,,,,,2.0,2.0,2.0,2.0,2017,2017
2256,3148.0,BIHAR,26.0,30.0,7.2,7.2,605.0,619.0,,,,,2.0,2.0,2.0,2.0,2017,2017
2257,3149.0,BIHAR,24.0,30.0,6.8,7.4,293.0,1090.0,,,,,2.0,2.0,2.0,2.0,2017,2017
2258,3150.0,BIHAR,22.0,28.0,7.3,7.6,360.0,377.0,,,,,2.0,2.0,2.0,2.0,2017,2017
2259,3151.0,BIHAR,26.0,29.0,7.1,7.8,416.0,1150.0,,,,,2.0,2.0,2.0,2.0,2017,2017
2260,3152.0,BIHAR,24.0,29.0,7.6,7.6,298.0,302.0,,,,,2.0,2.0,2.0,2.0,2017,2017
2261,3153.0,BIHAR,23.0,29.0,6.9,7.2,515.0,914.0,,,,,2.0,7.0,2.0,12.0,2017,2017
2262,3154.0,BIHAR,25.0,31.0,7.2,7.3,685.0,1800.0,,,,,2.0,7.0,2.0,12.0,2017,2017
2263,3155.0,BIHAR,23.0,30.0,7.4,7.5,594.0,605.0,,,,,2.0,2.0,2.0,2.0,2017,2017
2264,3156.0,BIHAR,21.0,23.0,7.6,7.7,682.0,1060.0,,,,,2.0,2.0,2.0,2.0,2017,2017
2265,3157.0,BIHAR,30.0,30.0,7.4,7.4,305.0,305.0,,,,,2.0,2.0,2.0,2.0,2017,2017
2266,3158.0,BIHAR,24.0,30.0,6.8,7.2,633.0,1320.0,,,,,2.0,7.0,2.0,12.0,2017,2017
2267,3159.0,BIHAR,21.0,28.0,7.1,7.2,640.0,688.0,,,,,2.0,2.0,2.0,2.0,2017,2017
2268,3160.0,BIHAR,31.0,31.0,7.6,7.6,336.0,336.0,,,,,2.0,2.0,2.0,2.0,2017,2017
2269,3161.0,BIHAR,21.0,23.0,7.2,7.3,259.0,585.0,,,,,2.0,2.0,2.0,2.0,2017,2017
2270,3162.0,BIHAR,24.0,34.0,7.2,7.4,759.0,794.0,,,,,2.0,2.0,2.0,2.0,2017,2017
2271,2039.0,CHANDIGARH,26.0,30.0,6.6,6.6,744.0,949.0,1.0,1.0,4.4,4.9,2.0,2.0,2.0,2.0,2017,2017
2272,2040.0,CHANDIGARH,26.0,28.0,6.8,7.1,647.0,829.0,1.0,5.0,0.8,1.2,2.0,2.0,2.0,2.0,2017,2017
2273,2043.0,CHANDIGARH,25.0,26.0,6.7,7.3,801.0,1171.0,1.0,7.0,0.7,1.0,2.0,2.0,2.0,4.0,2017,2017
2274,2044.0,CHANDIGARH,26.0,26.0,6.9,7.4,553.0,669.0,1.0,5.0,0.7,1.0,2.0,13.0,2.0,21.0,2017,2017
2275,1959.0,GUJARAT,31.0,31.0,7.7,8.2,1700.0,1864.0,0.5,0.9,0.26,0.47,2.0,2.0,2.0,2.0,2017,2017
2276,2045.0,CHANDIGARH,26.0,28.0,6.8,7.4,532.0,677.0,1.0,4.0,1.0,1.4,2.0,2.0,2.0,2.0,2017,2017
2277,1620.0,CHHATTISGARH,23.0,30.0,7.4,7.9,522.0,664.0,0.2,0.4,0.2,2.3,,,2.0,6.0,2017,2017
2278,1621.0,CHHATTISGARH,24.0,32.0,7.3,7.7,548.0,566.0,0.3,0.6,1.1,2.3,,,2.0,4.0,2017,2017
2279,1622.0,CHHATTISGARH,30.0,30.0,7.5,7.5,360.0,378.0,0.1,0.1,0.4,0.4,,,2.0,2.0,2017,2017
2280,1623.0,CHHATTISGARH,29.0,30.0,7.2,7.5,432.0,449.0,0.1,0.1,0.4,0.5,,,2.0,2.0,2017,2017
2281,3171.0,CHHATTISGARH,,,7.4,7.5,,,,,,,,,,,2017,2017
2282,3172.0,CHHATTISGARH,26.1,27.7,7.2,7.2,,,0.2,0.2,,,,,,,2017,2017
2283,3173.0,CHHATTISGARH,26.3,27.6,7.2,7.2,,,0.4,3.4,,,,,,,2017,2017
2284,3174.0,CHHATTISGARH,26.2,27.6,7.1,7.2,,,0.4,0.4,,,,,,,2017,2017
2285,2453.0,DADRA & NAGAR HAVELI,28.0,28.0,7.3,7.3,586.0,586.0,1.0,1.0,1.6,1.6,10.0,10.0,210.0,210.0,2017,2017
2286,2454.0,DADRA & NAGAR HAVELI,28.0,28.0,7.4,7.4,620.0,620.0,1.0,1.0,1.8,1.8,7.0,7.0,24.0,24.0,2017,2017
2287,2455.0,DADRA & NAGAR HAVELI,28.0,28.0,7.6,7.6,1410.0,1410.0,3.0,3.0,0.9,0.9,1.0,1.0,14.0,14.0,2017,2017
2288,2456.0,DADRA & NAGAR HAVELI,28.0,28.0,7.3,7.3,1260.0,1260.0,1.0,1.0,2.1,2.1,20.0,20.0,80.0,80.0,2017,2017
2289,2457.0,DADRA & NAGAR HAVELI,28.0,28.0,7.5,7.5,816.0,816.0,1.0,1.0,1.2,1.2,10.0,10.0,130.0,130.0,2017,2017
2290,2458.0,DADRA & NAGAR HAVELI,28.0,28.0,7.4,7.4,1490.0,1490.0,1.0,1.0,1.2,1.2,13.0,13.0,25.0,25.0,2017,2017
2291,1440.0,DAMAN & DIU,28.0,28.0,7.5,7.6,610.0,925.0,1.0,1.0,0.8,1.18,10.0,130.0,170.0,210.0,2017,2017
2292,2448.0,DAMAN & DIU,29.0,29.0,7.6,7.6,660.0,660.0,1.0,1.0,1.4,1.4,1600.0,1600.0,1600.0,1600.0,2017,2017
2293,2449.0,DAMAN & DIU,28.0,28.0,7.5,7.5,1220.0,1220.0,1.0,1.0,0.54,0.54,14.0,14.0,30.0,30.0,2017,2017
2294,2450.0,DAMAN & DIU,29.0,29.0,7.5,7.5,568.0,568.0,1.0,1.0,1.8,1.8,70.0,70.0,380.0,380.0,2017,2017
2295,2451.0,DAMAN & DIU,28.0,28.0,7.5,7.5,660.0,660.0,1.0,1.0,1.4,1.4,40.0,40.0,220.0,220.0,2017,2017
2296,2452.0,DAMAN & DIU,28.0,28.0,7.6,7.6,972.0,972.0,3.0,3.0,1.8,1.8,3.0,3.0,510.0,510.0,2017,2017
2297,2277.0,GOA,31.5,32.0,6.2,6.8,277.0,341.0,0.5,1.2,0.01,0.16,2.0,2.0,2.0,5.0,2017,2017
2298,2278.0,GOA,29.0,29.9,6.2,7.1,96.0,128.0,0.1,1.5,0.05,0.3,2.0,23.0,2.0,130.0,2017,2017
2299,2280.0,GOA,31.5,32.0,6.5,6.8,277.0,339.0,0.4,0.6,,0.11,2.0,2.0,2.0,2.0,2017,2017
2300,2281.0,GOA,31.0,31.0,4.4,5.8,67.0,82.0,0.3,1.1,0.07,0.91,2.0,2.0,2.0,2.0,2017,2017
2301,2282.0,GOA,30.0,34.0,7.6,7.6,262.0,291.0,1.1,1.4,,0.02,2.0,17.0,2.0,33.0,2017,2017
2302,3192.0,GOA,30.0,34.0,7.6,7.6,262.0,291.0,1.1,1.4,,0.02,2.0,17.0,2.0,33.0,2017,2017
2303,3193.0,GOA,32.0,32.0,5.8,6.5,385.0,749.0,1.3,2.2,0.06,1.12,2.0,2.0,2.0,2.0,2017,2017
2304,3194.0,GOA,31.0,33.0,5.4,5.6,95.0,100.0,0.2,0.6,0.05,2.5,2.0,2.0,2.0,2.0,2017,2017
2305,3195.0,GOA,32.0,33.5,5.8,5.9,66.0,69.0,0.1,0.5,0.02,1.9,2.0,2.0,2.0,2.0,2017,2017
2306,3.0,GUJARAT,30.0,30.0,7.7,8.0,,,1.5,1.7,2.07,2.69,2.0,2.0,2.0,2.0,2017,2017
2307,6.0,GUJARAT,29.0,30.0,8.2,8.3,447.0,1752.0,0.2,0.2,0.39,0.8,2.0,2.0,2.0,2.0,2017,2017
2308,1226.0,GUJARAT,33.0,33.0,8.1,8.5,273.0,458.0,1.7,1.8,0.06,1.88,2.0,2.0,2.0,2.0,2017,2017
2309,1948.0,GUJARAT,30.0,31.0,6.4,8.1,1720.0,1720.0,1.4,1.6,0.2,0.25,2.0,2.0,2.0,2.0,2017,2017
2310,1949.0,GUJARAT,29.0,33.0,8.0,8.0,1510.0,1530.0,1.4,1.6,0.15,0.18,2.0,2.0,2.0,4.0,2017,2017
2311,1950.0,GUJARAT,24.0,25.0,7.6,7.7,1180.0,1220.0,0.5,0.8,1.79,4.42,2.0,2.0,2.0,2.0,2017,2017
2312,1951.0,GUJARAT,26.0,27.0,7.4,7.7,855.0,1160.0,0.7,0.8,0.81,3.25,2.0,2.0,2.0,2.0,2017,2017
2313,1952.0,GUJARAT,25.0,26.0,7.2,8.4,785.0,3120.0,0.0,0.6,0.82,1.21,2.0,2.0,2.0,2.0,2017,2017
2314,1953.0,GUJARAT,28.0,29.0,7.9,7.9,850.0,900.0,0.4,0.4,0.28,0.36,2.0,2.0,2.0,2.0,2017,2017
2315,1954.0,GUJARAT,29.0,29.0,7.7,8.5,3110.0,3150.0,1.3,1.3,0.4,1.2,2.0,2.0,2.0,2.0,2017,2017
2316,1955.0,GUJARAT,28.0,28.0,7.6,7.6,1441.0,1520.0,1.7,1.8,1.7,2.88,2.0,2.0,2.0,2.0,2017,2017
2317,1956.0,GUJARAT,26.0,29.0,7.2,8.3,2209.0,2323.0,1.2,2.0,2.64,3.44,2.0,2.0,2.0,2.0,2017,2017
2318,1957.0,GUJARAT,30.0,37.0,7.7,7.7,1420.0,1838.0,1.5,2.0,2.98,4.13,2.0,2.0,2.0,2.0,2017,2017
2319,1958.0,GUJARAT,27.0,27.0,8.0,8.2,657.0,703.0,1.3,1.7,2.9,3.94,2.0,2.0,2.0,2.0,2017,2017
2320,1960.0,GUJARAT,30.0,30.0,7.7,7.9,8.0,905.0,0.3,0.5,0.63,0.86,2.0,2.0,2.0,2.0,2017,2017
2321,1961.0,GUJARAT,30.0,30.0,7.4,7.7,662.0,1018.0,0.3,0.6,0.4,0.47,2.0,2.0,2.0,2.0,2017,2017
2322,1962.0,GUJARAT,28.0,29.0,7.5,7.5,2840.0,3380.0,0.7,3.2,0.44,0.52,2.0,2.0,2.0,2.0,2017,2017
2323,1964.0,GUJARAT,,,,,,,,,,,,,,,2017,2017
2324,1965.0,GUJARAT,28.0,35.0,8.3,8.4,2994.0,3094.0,1.3,2.3,0.07,0.08,2.0,6.0,17.0,150.0,2017,2017
2325,1966.0,GUJARAT,29.0,35.0,8.0,8.2,808.0,1295.0,0.9,1.4,0.08,0.09,172.0,542.0,345.0,542.0,2017,2017
2326,1967.0,GUJARAT,26.0,27.0,7.5,8.2,946.0,996.0,2.1,2.1,0.19,0.29,2.0,2.0,2.0,2.0,2017,2017
2327,1968.0,GUJARAT,26.0,27.0,6.8,7.4,1989.0,5954.0,2.4,2.6,0.24,1.15,2.0,2.0,2.0,2.0,2017,2017
2328,1969.0,GUJARAT,26.0,28.0,7.3,7.6,744.0,994.0,1.6,1.8,0.29,0.68,2.0,2.0,2.0,2.0,2017,2017
2329,1970.0,GUJARAT,26.0,27.0,7.6,7.8,718.0,1680.0,2.1,2.3,0.26,0.72,2.0,2.0,2.0,2.0,2017,2017
2330,2083.0,GUJARAT,22.0,30.0,7.2,8.4,2255.0,3004.0,1.0,2.2,1.7,3.74,2.0,2.0,2.0,2.0,2017,2017
2331,2084.0,GUJARAT,29.0,30.0,7.1,7.8,2791.0,2888.0,1.2,1.9,,2.53,2.0,2.0,2.0,2.0,2017,2017
2332,2085.0,GUJARAT,28.0,30.0,7.6,7.9,1877.0,1930.0,1.3,1.9,,2.43,2.0,2.0,2.0,2.0,2017,2017
2333,2086.0,GUJARAT,,,,,,,,,,,,,,,2017,2017
2334,2087.0,GUJARAT,29.0,29.0,8.2,8.2,697.0,697.0,2.0,2.0,,0.14,4.0,4.0,21.0,21.0,2017,2017
2335,2088.0,GUJARAT,28.0,33.0,7.7,7.8,7548.0,11040.0,1.1,2.7,,0.13,4.0,8.0,8.0,33.0,2017,2017
2336,2089.0,GUJARAT,27.0,35.0,7.7,8.3,2924.0,3870.0,0.9,1.5,0.08,0.08,4.0,8.0,12.0,26.0,2017,2017
2337,2090.0,GUJARAT,27.0,34.0,7.2,7.8,12930.0,13700.0,0.9,2.1,,0.13,26.0,27.0,58.0,130.0,2017,2017
2338,2091.0,GUJARAT,27.0,31.0,7.6,7.7,2185.0,3236.0,1.0,1.6,,0.09,27.0,33.0,63.0,84.0,2017,2017
2339,2092.0,GUJARAT,,,,,,,,,,,,,,,2017,2017
2340,2093.0,GUJARAT,27.0,35.0,7.9,8.0,1590.0,2304.0,0.9,1.9,0.07,0.1,172.0,212.0,426.0,426.0,2017,2017
2341,2094.0,GUJARAT,29.0,30.0,7.3,7.6,3520.0,4910.0,0.8,0.8,0.39,0.51,2.0,2.0,2.0,2.0,2017,2017
2342,2095.0,GUJARAT,26.0,27.0,7.5,7.6,1810.0,2160.0,0.7,1.1,0.84,0.91,2.0,2.0,2.0,2.0,2017,2017
2343,2096.0,GUJARAT,28.0,29.0,7.5,7.5,4780.0,5518.0,1.4,1.9,2.69,2.75,2.0,2.0,2.0,2.0,2017,2017
2344,2097.0,GUJARAT,28.0,29.0,8.1,8.2,4088.0,4706.0,0.5,1.5,3.09,3.36,2.0,2.0,2.0,2.0,2017,2017
2345,2098.0,GUJARAT,28.0,30.0,7.5,7.5,2913.0,3028.0,1.1,1.8,2.14,3.88,2.0,2.0,2.0,2.0,2017,2017
2346,3207.0,GUJARAT,30.0,32.0,7.2,7.6,1360.0,1520.0,0.8,0.9,0.44,0.75,2.0,2.0,2.0,2.0,2017,2017
2347,3208.0,GUJARAT,25.0,27.0,7.0,8.0,698.0,1284.0,2.1,2.4,0.17,0.31,2.0,2.0,2.0,2.0,2017,2017
2348,3209.0,GUJARAT,26.0,27.0,7.1,7.2,1088.0,1288.0,1.6,2.1,0.38,0.42,2.0,2.0,2.0,2.0,2017,2017
2349,3210.0,GUJARAT,27.0,35.0,7.4,7.9,3786.0,4025.0,1.0,1.6,,0.13,4.0,5.0,10.0,12.0,2017,2017
2350,3211.0,GUJARAT,27.0,35.0,7.2,8.3,1631.0,1844.0,1.0,1.8,0.09,0.11,6.0,17.0,43.0,212.0,2017,2017
2351,3212.0,GUJARAT,30.0,34.0,7.9,8.0,2384.0,2683.0,1.6,2.1,2.25,3.19,2.0,2.0,2.0,2.0,2017,2017
2352,3213.0,GUJARAT,30.0,34.0,7.8,8.2,1499.0,1658.0,1.8,1.9,2.11,2.75,2.0,2.0,2.0,2.0,2017,2017
2353,3214.0,GUJARAT,30.0,33.0,7.9,8.0,1680.0,1828.0,1.8,2.1,1.99,2.42,2.0,2.0,2.0,2.0,2017,2017
2354,3215.0,GUJARAT,25.0,31.0,7.2,8.5,2288.0,5372.0,1.3,3.0,0.26,4.88,2.0,2.0,2.0,2.0,2017,2017
2355,3216.0,GUJARAT,33.0,34.0,7.8,7.9,2506.0,2833.0,2.0,2.0,2.17,4.91,2.0,2.0,2.0,2.0,2017,2017
2356,3217.0,GUJARAT,32.0,34.0,8.1,8.1,1848.0,2250.0,1.4,2.6,2.56,3.48,2.0,2.0,2.0,2.0,2017,2017
2357,3218.0,GUJARAT,27.0,27.0,7.7,7.8,916.0,1207.0,1.5,1.6,2.96,5.48,2.0,2.0,2.0,2.0,2017,2017
2358,3219.0,GUJARAT,27.0,27.0,7.9,8.1,1243.0,1316.0,1.8,1.8,3.01,4.31,2.0,2.0,2.0,2.0,2017,2017
2359,3220.0,GUJARAT,28.0,31.0,7.8,8.0,2700.0,3110.0,0.3,0.9,0.15,0.37,2.0,2.0,2.0,2.0,2017,2017
2360,3221.0,GUJARAT,30.0,32.0,7.7,8.3,800.0,945.0,0.8,0.8,0.33,0.34,2.0,2.0,2.0,2.0,2017,2017
2361,3222.0,GUJARAT,31.0,33.0,7.7,8.4,4020.0,4350.0,0.9,0.9,0.16,0.33,2.0,2.0,2.0,2.0,2017,2017
2362,3223.0,GUJARAT,27.0,30.0,7.7,8.1,1525.0,1792.0,1.6,1.9,2.64,3.69,2.0,2.0,2.0,2.0,2017,2017
2363,3224.0,GUJARAT,28.0,30.0,7.5,7.7,720.0,862.0,1.7,1.7,0.25,5.01,2.0,21.0,2.0,43.0,2017,2017
2364,3225.0,GUJARAT,27.0,30.0,7.7,8.2,818.0,2290.0,1.6,1.8,2.25,2.93,2.0,2.0,2.0,2.0,2017,2017
2365,3226.0,GUJARAT,27.0,36.0,7.9,8.3,9.0,195.0,1.4,1.7,0.83,5.21,2.0,2.0,2.0,2.0,2017,2017
2366,3227.0,GUJARAT,27.0,32.0,7.1,7.1,5.0,1710.0,1.8,2.0,3.17,4.59,2.0,2.0,2.0,2.0,2017,2017
2367,3228.0,GUJARAT,29.0,30.0,7.4,7.5,2900.0,2970.0,0.3,0.6,0.46,2.26,2.0,2.0,2.0,2.0,2017,2017
2368,3229.0,GUJARAT,30.0,30.0,7.2,7.4,944.0,1379.0,0.3,0.3,0.44,0.46,2.0,2.0,2.0,2.0,2017,2017
2369,3230.0,GUJARAT,24.0,25.0,7.1,7.2,1470.0,5310.0,0.6,0.9,1.67,1.68,2.0,2.0,2.0,2.0,2017,2017
2370,3231.0,GUJARAT,28.0,33.0,7.9,8.9,1767.0,2520.0,1.5,6.1,0.5,3.2,2.0,2.0,2.0,2.0,2017,2017
2371,3232.0,GUJARAT,27.0,31.0,7.8,7.9,12.0,2360.0,1.1,1.5,,0.09,109.0,177.0,278.0,345.0,2017,2017
2372,3233.0,GUJARAT,27.0,31.0,7.7,8.0,2617.0,3768.0,1.0,1.5,,0.11,2.0,2.0,2.0,2.0,2017,2017
2373,3234.0,GUJARAT,28.0,29.0,7.0,7.0,7430.0,10140.0,3.2,12.3,0.56,3.24,2.0,2.0,2.0,2.0,2017,2017
2374,3235.0,GUJARAT,28.0,28.0,7.5,7.6,2837.0,3080.0,1.6,1.7,,3.04,2.0,2.0,2.0,2.0,2017,2017
2375,3236.0,GUJARAT,28.0,28.0,7.7,8.0,1915.0,2002.0,1.7,2.3,3.05,3.51,2.0,2.0,2.0,2.0,2017,2017
2376,3237.0,GUJARAT,29.0,29.0,6.8,7.7,6460.0,6465.0,1.0,1.7,2.19,2.59,2.0,2.0,2.0,2.0,2017,2017
2377,3238.0,GUJARAT,28.0,28.0,8.0,8.3,4370.0,4510.0,0.4,0.4,0.4,0.42,2.0,2.0,2.0,2.0,2017,2017
2378,3239.0,GUJARAT,28.0,30.0,7.9,8.3,3080.0,3180.0,0.6,0.7,0.4,0.46,2.0,2.0,2.0,2.0,2017,2017
2379,3240.0,GUJARAT,26.0,27.0,7.6,7.7,1125.0,1920.0,0.8,0.9,0.86,0.97,2.0,2.0,2.0,2.0,2017,2017
2380,3241.0,GUJARAT,26.0,26.0,7.3,7.4,1130.0,2620.0,0.9,1.1,0.91,0.91,2.0,2.0,2.0,2.0,2017,2017
2381,3242.0,GUJARAT,29.0,30.0,8.1,8.1,1320.0,1780.0,1.8,1.8,0.23,0.29,2.0,2.0,2.0,2.0,2017,2017
2382,3243.0,GUJARAT,30.0,31.0,8.1,8.3,1998.0,3070.0,1.6,1.8,0.03,0.34,2.0,2.0,2.0,2.0,2017,2017
2383,3244.0,GUJARAT,29.0,30.0,7.1,7.3,3010.0,4630.0,0.9,1.0,0.48,0.5,2.0,2.0,2.0,2.0,2017,2017
2384,3245.0,GUJARAT,27.0,27.0,8.2,8.2,1.0,2440.0,0.6,0.9,,1.89,2.0,2.0,2.0,2.0,2017,2017
2385,3246.0,GUJARAT,28.0,28.0,7.7,7.8,1440.0,2050.0,0.4,0.4,0.3,0.31,2.0,2.0,2.0,2.0,2017,2017
2386,3247.0,GUJARAT,28.0,28.0,7.8,7.8,2540.0,4200.0,0.4,0.4,0.28,1.13,2.0,2.0,2.0,2.0,2017,2017
2387,1556.0,HIMACHAL PRADESH,17.0,17.0,7.3,7.7,827.0,982.0,0.1,0.1,2.89,2.91,2.0,2.0,2.0,2.0,2017,2017
2388,1557.0,HIMACHAL PRADESH,,,7.2,7.2,695.0,695.0,0.4,0.4,9.46,9.46,2.0,2.0,2.0,2.0,2017,2017
2389,1558.0,HIMACHAL PRADESH,15.3,24.3,7.3,8.4,500.0,1009.0,0.2,0.8,0.1,10.43,2.0,2.0,2.0,2.0,2017,2017
2390,1559.0,HIMACHAL PRADESH,15.4,25.5,7.3,8.2,355.0,1070.0,0.2,0.4,,8.41,2.0,2.0,2.0,2.0,2017,2017
2391,1560.0,HIMACHAL PRADESH,15.6,25.4,7.2,7.7,983.0,1579.0,0.1,1.0,0.54,15.42,2.0,2.0,2.0,2.0,2017,2017
2392,1561.0,HIMACHAL PRADESH,16.0,16.0,7.7,7.8,772.0,855.0,0.1,0.2,,0.04,2.0,2.0,2.0,2.0,2017,2017
2393,1562.0,HIMACHAL PRADESH,17.0,20.0,7.9,8.4,523.0,946.0,0.1,0.1,,0.04,,,,,2017,2017
2394,1872.0,HIMACHAL PRADESH,9.0,20.0,6.4,7.9,245.0,902.0,4.0,16.0,0.52,12.34,14.0,94.0,26.0,920.0,2017,2017
2395,1873.0,HIMACHAL PRADESH,13.0,18.0,6.5,6.7,409.0,417.0,0.2,0.2,0.02,0.13,2.0,2.0,2.0,2.0,2017,2017
2396,1874.0,HIMACHAL PRADESH,,,7.5,8.9,308.0,664.0,0.1,1.8,0.43,1.12,2.0,2.0,2.0,4.0,2017,2017
2397,1877.0,HIMACHAL PRADESH,14.3,22.5,7.3,8.5,349.0,973.0,0.1,0.8,,13.78,2.0,2.0,2.0,2.0,2017,2017
2398,1878.0,HIMACHAL PRADESH,14.8,24.0,7.3,8.0,775.0,1222.0,0.1,0.4,12.67,14.67,2.0,2.0,2.0,2.0,2017,2017
2399,1879.0,HIMACHAL PRADESH,15.6,24.0,7.2,8.0,445.0,1579.0,0.1,0.8,,15.42,2.0,2.0,2.0,2.0,2017,2017
2400,1880.0,HIMACHAL PRADESH,19.0,19.0,7.7,7.9,784.0,918.0,0.2,0.2,2.04,2.04,2.0,2.0,2.0,4.0,2017,2017
2401,1881.0,HIMACHAL PRADESH,18.0,18.0,8.0,8.2,718.0,978.0,0.1,0.1,2.14,2.21,2.0,2.0,2.0,4.0,2017,2017
2402,1882.0,HIMACHAL PRADESH,13.0,19.0,7.8,8.1,901.0,1065.0,0.1,0.1,,0.03,,,,,2017,2017
2403,1883.0,HIMACHAL PRADESH,19.0,19.0,7.6,8.2,936.0,946.0,0.2,0.2,,0.04,,,,,2017,2017
2404,2628.0,HIMACHAL PRADESH,19.0,20.0,6.1,8.1,446.0,813.0,0.0,0.0,,0.67,2.0,2.0,2.0,2.0,2017,2017
2405,2630.0,HIMACHAL PRADESH,19.0,19.0,7.5,7.9,1075.0,1546.0,0.1,0.1,0.02,0.12,,,,,2017,2017
2406,2631.0,HIMACHAL PRADESH,18.0,19.0,7.8,8.2,926.0,967.0,0.2,2.0,,0.04,,,,,2017,2017
2407,2632.0,HIMACHAL PRADESH,18.0,24.0,7.3,7.9,580.0,1032.0,0.0,0.0,,3.63,2.0,2.0,2.0,2.0,2017,2017
2408,2633.0,HIMACHAL PRADESH,,,7.3,7.3,364.0,364.0,0.1,0.1,0.32,0.32,,,,,2017,2017
2409,2634.0,HIMACHAL PRADESH,13.0,13.0,7.3,8.1,253.0,355.0,0.1,0.4,0.42,0.59,2.0,2.0,2.0,2.0,2017,2017
2410,2635.0,HIMACHAL PRADESH,,,7.3,7.3,368.0,368.0,0.1,0.1,0.52,0.52,,,,,2017,2017
2411,2636.0,HIMACHAL PRADESH,14.0,14.0,7.1,7.4,883.0,984.0,0.2,0.3,0.07,0.09,2.0,2.0,2.0,2.0,2017,2017
2412,2637.0,HIMACHAL PRADESH,13.0,13.0,7.3,8.0,1429.0,1430.0,0.1,0.1,,0.09,2.0,2.0,2.0,2.0,2017,2017
2413,2638.0,HIMACHAL PRADESH,5.0,15.0,7.6,7.9,640.0,1337.0,0.1,0.2,,0.09,2.0,2.0,2.0,2.0,2017,2017
2414,2639.0,HIMACHAL PRADESH,16.0,18.0,7.8,8.4,116.0,217.0,0.1,0.1,0.03,0.04,,,,,2017,2017
2415,2640.0,HIMACHAL PRADESH,13.0,13.0,8.1,8.3,461.0,524.0,0.1,0.1,,0.09,2.0,2.0,2.0,2.0,2017,2017
2416,2641.0,HIMACHAL PRADESH,14.3,14.3,7.6,7.7,317.0,838.0,0.1,0.1,,0.12,15.0,15.0,280.0,280.0,2017,2017
2417,2642.0,HIMACHAL PRADESH,14.4,14.6,7.9,8.2,553.0,730.0,0.1,0.1,0.02,0.02,2.0,2.0,2.0,2.0,2017,2017
2418,2645.0,HIMACHAL PRADESH,18.0,18.0,7.7,7.8,986.0,1352.0,0.1,0.1,3.37,6.38,2.0,2.0,2.0,4.0,2017,2017
2419,2646.0,HIMACHAL PRADESH,19.0,19.0,7.5,8.0,1090.0,1831.0,0.3,0.3,4.38,4.38,2.0,4.0,2.0,6.0,2017,2017
2420,2647.0,HIMACHAL PRADESH,19.0,19.0,7.8,8.3,903.0,927.0,0.1,0.1,,0.06,,,,,2017,2017
2421,2648.0,HIMACHAL PRADESH,,,7.7,7.7,449.0,449.0,0.1,0.1,,,2.0,2.0,2.0,2.0,2017,2017
2422,2759.0,JAMMU & KASHMIR,16.0,26.0,7.0,7.2,440.0,460.0,,,0.3,0.31,,,,,2017,2017
2423,2760.0,JAMMU & KASHMIR,22.0,26.0,7.6,8.6,266.0,380.0,1.4,14.0,0.02,0.71,,,,,2017,2017
2424,2761.0,JAMMU & KASHMIR,16.0,24.0,7.2,7.5,140.0,200.0,,,0.01,0.82,,,,,2017,2017
2425,2762.0,JAMMU & KASHMIR,20.0,22.0,8.6,8.6,1140.0,1920.0,15.0,32.0,0.2,0.43,,,,,2017,2017
2426,3288.0,JAMMU & KASHMIR,16.0,16.0,7.1,7.1,569.0,569.0,3.0,3.0,,,,,,,2017,2017
2427,3290.0,JAMMU & KASHMIR,15.0,15.0,7.2,7.2,668.0,668.0,3.5,3.5,,,,,,,2017,2017
2428,3291.0,JAMMU & KASHMIR,15.0,15.0,7.2,7.2,679.0,679.0,4.6,4.6,,,,,,,2017,2017
2429,3292.0,JAMMU & KASHMIR,18.0,18.0,7.3,7.3,917.0,917.0,5.0,5.0,,,,,,,2017,2017
2430,3564.0,KARNATAKA,27.0,29.0,6.7,7.7,128.0,302.0,1.0,37.0,0.08,2.4,2.0,11.0,2.0,60.0,2017,2017
2431,19.0,KERALA,27.0,27.8,5.7,5.8,100.0,135.0,1.0,1.4,0.54,1.48,100.0,350.0,1500.0,4800.0,2017,2017
2432,22.0,KERALA,28.0,28.0,6.5,8.0,130.0,141.0,0.5,1.1,,2.5,30.0,280.0,40.0,350.0,2017,2017
2433,35.0,KERALA,24.0,27.5,6.3,6.8,231.0,240.0,1.0,2.2,0.12,0.89,10.0,40.0,40.0,120.0,2017,2017
2434,1581.0,KERALA,30.0,33.0,6.0,6.3,500.0,580.0,0.6,1.2,,,65.0,80.0,120.0,125.0,2017,2017
2435,1582.0,KERALA,30.0,33.0,6.3,7.0,200.0,500.0,0.6,2.0,,,32.0,80.0,81.0,120.0,2017,2017
2436,1583.0,KERALA,23.0,27.5,6.8,6.8,148.0,210.0,0.8,0.8,0.1,0.68,10.0,10.0,30.0,40.0,2017,2017
2437,1584.0,KERALA,29.0,29.0,7.3,7.8,248.0,428.0,1.2,3.0,0.08,0.15,,200.0,2.0,400.0,2017,2017
2438,1585.0,KERALA,28.0,30.1,7.1,7.4,315.0,560.0,2.3,2.4,0.35,5.9,700.0,1000.0,2800.0,4900.0,2017,2017
2439,1586.0,KERALA,27.0,27.9,5.6,5.8,158.0,172.0,1.3,3.0,0.53,0.82,12.0,20.0,31.0,270.0,2017,2017
2440,1587.0,KERALA,27.0,28.0,5.6,6.2,294.0,327.0,1.4,3.0,0.57,6.46,20.0,350.0,79.0,540.0,2017,2017
2441,1588.0,KERALA,30.0,30.0,7.2,8.2,299.0,360.0,0.3,0.7,2.1,3.1,20.0,220.0,190.0,350.0,2017,2017
2442,1589.0,KERALA,30.5,31.5,7.5,7.8,260.0,335.0,0.9,2.1,0.22,5.3,28.0,32.0,56.0,68.0,2017,2017
2443,1590.0,KERALA,27.0,29.0,6.6,7.9,83.0,126.0,0.5,0.5,2.4,3.0,52.0,100.0,58.0,190.0,2017,2017
2444,1591.0,KERALA,27.0,27.0,3.9,5.4,98.0,100.0,0.8,1.2,1.99,3.91,12.0,480.0,750.0,2570.0,2017,2017
2445,1592.0,KERALA,28.0,29.0,5.6,6.7,272.0,340.0,0.4,1.3,1.87,5.86,,350.0,2.0,550.0,2017,2017
2446,2308.0,KERALA,27.0,28.0,6.2,6.2,142.0,213.0,0.1,0.3,1.07,5.22,200.0,400.0,1000.0,1100.0,2017,2017
2447,2309.0,KERALA,27.0,27.5,5.6,6.2,56.0,84.0,0.2,1.2,0.05,3.81,,800.0,100.0,2000.0,2017,2017
2448,2310.0,KERALA,28.0,29.0,6.5,7.9,202.0,204.0,0.4,3.5,2.08,3.13,,,2.0,2.0,2017,2017
2449,2311.0,KERALA,27.0,28.0,5.8,5.9,103.0,224.0,0.3,3.2,1.11,3.54,200.0,400.0,800.0,1000.0,2017,2017
2450,2313.0,KERALA,29.0,29.0,7.2,7.7,450.0,750.0,0.9,2.1,0.09,0.15,,300.0,2.0,540.0,2017,2017
2451,2314.0,KERALA,24.0,28.0,6.3,7.6,158.0,269.0,1.3,2.7,0.09,0.92,60.0,120.0,150.0,380.0,2017,2017
2452,2315.0,KERALA,24.0,27.5,8.0,8.1,380.0,600.0,1.1,3.4,0.02,1.1,30.0,160.0,80.0,500.0,2017,2017
2453,2316.0,KERALA,27.0,28.0,3.7,5.7,36.0,183.0,1.2,1.3,0.03,1.46,12.0,480.0,130.0,540.0,2017,2017
2454,2317.0,KERALA,27.0,28.0,5.6,6.1,100.0,411.0,0.2,1.3,0.24,13.09,72.0,90.0,130.0,820.0,2017,2017
2455,2320.0,KERALA,30.0,31.5,6.5,7.2,170.0,207.0,2.7,4.5,0.15,1.8,20.0,24.0,38.0,48.0,2017,2017
2456,2321.0,KERALA,29.0,30.0,6.3,7.4,101.0,252.0,1.1,1.5,1.4,4.3,180.0,200.0,320.0,600.0,2017,2017
2457,2322.0,KERALA,30.0,30.0,5.5,6.6,227.0,290.0,0.5,2.6,3.0,5.8,10.0,120.0,280.0,450.0,2017,2017
2458,2323.0,KERALA,26.0,27.1,6.1,6.2,275.0,300.0,1.5,3.2,0.58,2.04,200.0,540.0,1300.0,2200.0,2017,2017
2459,2324.0,KERALA,29.8,31.0,6.0,6.7,135.0,215.0,1.3,1.4,0.4,5.31,,40.0,12.0,790.0,2017,2017
2460,2327.0,KERALA,29.0,29.0,7.6,8.0,780.0,795.0,0.8,2.4,,0.7,278.0,290.0,410.0,420.0,2017,2017
2461,3463.0,KERALA,27.0,27.0,6.7,7.5,120.0,127.0,0.5,1.0,0.73,2.1,30.0,730.0,38.0,1400.0,2017,2017
2462,3472.0,KERALA,27.0,27.0,7.1,7.1,575.0,968.0,0.5,2.7,2.15,2.7,32.0,250.0,320.0,450.0,2017,2017
2463,3474.0,KERALA,27.0,28.0,6.8,7.1,190.0,245.0,0.3,0.5,0.8,1.73,172.0,250.0,320.0,670.0,2017,2017
2464,3475.0,KERALA,26.0,27.0,4.2,6.3,53.0,153.0,0.9,1.3,1.05,6.08,4.0,70.0,40.0,80.0,2017,2017
2465,1402.0,LAKSHADWEEP,30.3,30.6,7.0,7.4,939.0,1232.0,,,,,,,,,2017,2017
2466,1593.0,LAKSHADWEEP,30.0,30.8,6.9,7.4,1199.0,1326.0,,,,,,,,,2017,2017
2467,1594.0,LAKSHADWEEP,29.7,31.0,7.0,7.1,2646.0,3200.0,,,,,,,,,2017,2017
2468,1595.0,LAKSHADWEEP,30.6,30.8,7.0,7.5,939.0,998.0,,,,,,,,,2017,2017
2469,1596.0,LAKSHADWEEP,29.7,30.5,7.0,7.1,1893.0,3380.0,,,,,,,,,2017,2017
2470,1597.0,LAKSHADWEEP,29.9,31.0,7.1,7.5,679.0,689.0,,,,,,,,,2017,2017
2471,1598.0,LAKSHADWEEP,29.8,31.2,7.2,7.6,585.0,755.0,,,,,,,,,2017,2017
2472,1603.0,LAKSHADWEEP,29.7,31.1,6.9,7.2,2070.0,7050.0,,,,,,,,,2017,2017
2473,1604.0,LAKSHADWEEP,30.4,31.5,6.8,7.0,5087.0,7750.0,,,,,,,,,2017,2017
2474,1605.0,LAKSHADWEEP,29.8,31.2,7.1,7.4,1584.0,2200.0,,,,,,,,,2017,2017
2475,1606.0,LAKSHADWEEP,30.4,31.4,7.2,7.6,658.0,877.0,,,,,,,,,2017,2017
2476,52.0,MADHYA PRADESH,22.5,31.0,7.4,8.7,92.0,454.0,0.8,1.4,,0.9,1.0,2.0,30.0,40.0,2017,2017
2477,1616.0,MADHYA PRADESH,6.0,6.0,7.9,7.9,278.0,278.0,1.3,1.3,,,2.0,2.0,,,2017,2017
2478,1617.0,MADHYA PRADESH,28.0,28.0,6.7,7.5,342.0,384.0,0.9,0.9,,,2.0,2.0,130.0,130.0,2017,2017
2479,1618.0,MADHYA PRADESH,24.0,26.0,7.2,7.6,700.0,785.0,1.2,1.4,,1.38,,,33.0,34.0,2017,2017
2480,1619.0,MADHYA PRADESH,24.0,26.0,7.5,7.7,675.0,880.0,1.2,1.3,,1.4,,,22.0,34.0,2017,2017
2481,1897.0,MADHYA PRADESH,23.0,29.0,7.2,7.5,698.0,986.0,0.6,7.7,,2.68,1.0,1.0,4.0,7.0,2017,2017
2482,2143.0,MADHYA PRADESH,18.0,19.0,7.7,8.3,386.0,450.0,1.2,1.2,0.2,0.8,2.0,2.0,2.0,2.0,2017,2017
2483,2144.0,MADHYA PRADESH,17.0,19.0,7.7,8.4,416.0,435.0,1.1,1.1,0.2,0.5,2.0,2.0,2.0,2.0,2017,2017
2484,2145.0,MADHYA PRADESH,,,7.9,7.9,1523.0,2462.0,1.4,2.0,5.28,6.17,,,,,2017,2017
2485,2146.0,MADHYA PRADESH,27.0,27.0,7.8,8.2,2068.0,2173.0,1.8,2.8,3.69,8.15,,,,,2017,2017
2486,2148.0,MADHYA PRADESH,,,7.3,7.4,2174.0,3532.0,1.8,3.2,7.63,8.27,7.0,7.0,90.0,90.0,2017,2017
2487,2149.0,MADHYA PRADESH,,,7.8,7.8,1514.0,1514.0,2.0,2.0,2.26,2.26,,,,,2017,2017
2488,2150.0,MADHYA PRADESH,23.0,29.0,7.4,7.6,1135.0,4581.0,0.8,1.5,,8.13,1.0,1.0,4.0,6.0,2017,2017
2489,2151.0,MADHYA PRADESH,23.0,29.0,7.2,7.4,2778.0,4581.0,1.5,2.8,,9.48,1.0,1.0,6.0,12.0,2017,2017
2490,2152.0,MADHYA PRADESH,23.0,29.0,7.4,7.8,1290.0,3076.0,0.8,1.6,,7.86,1.0,1.0,4.0,7.0,2017,2017
2491,2153.0,MADHYA PRADESH,26.0,26.0,7.8,7.8,338.0,338.0,1.2,1.2,,,2.0,2.0,90.0,90.0,2017,2017
2492,2154.0,MADHYA PRADESH,21.0,27.0,8.0,8.6,1612.0,1800.0,2.0,2.8,,,,,,,2017,2017
2493,3333.0,MADHYA PRADESH,26.0,26.0,7.9,7.9,282.0,282.0,1.4,1.4,,,2.0,2.0,90.0,90.0,2017,2017
2494,3334.0,MADHYA PRADESH,25.0,26.0,7.6,7.7,312.0,338.0,1.2,1.4,,19.2,2.0,2.0,110.0,110.0,2017,2017
2495,3335.0,MADHYA PRADESH,18.0,18.0,7.5,7.5,432.0,460.0,1.2,1.2,0.1,0.7,2.0,2.0,2.0,2.0,2017,2017
2496,3336.0,MADHYA PRADESH,30.0,30.0,8.2,8.2,,,1.2,1.2,0.8,0.8,3.0,3.0,11.0,11.0,2017,2017
2497,3336.0,MADHYA PRADESH,20.0,36.0,7.4,8.2,639.0,860.0,1.2,3.2,2.0,2.6,2.0,15.0,11.0,43.0,2017,2017
2498,3337.0,MADHYA PRADESH,19.0,19.0,7.6,8.6,363.0,441.0,0.8,0.8,0.1,0.63,2.0,2.0,2.0,2.0,2017,2017
2499,3338.0,MADHYA PRADESH,24.0,32.0,7.2,7.5,580.0,630.0,1.1,1.2,1.2,1.32,2.0,2.0,13.0,34.0,2017,2017
2500,3339.0,MADHYA PRADESH,21.0,31.0,6.9,7.4,1321.0,2510.0,0.0,1.0,,10.01,1.0,2.0,3.0,50.0,2017,2017
2501,3340.0,MADHYA PRADESH,23.0,29.0,7.3,8.6,619.0,2090.0,0.6,0.8,,10.65,1.0,1.0,5.0,8.0,2017,2017
2502,3341.0,MADHYA PRADESH,24.0,24.0,7.7,7.7,2012.0,2012.0,0.7,0.7,,3.03,1.0,1.0,4.0,4.0,2017,2017
2503,3342.0,MADHYA PRADESH,24.0,24.0,7.3,8.0,378.0,534.0,0.8,0.8,,2.01,1.0,1.0,4.0,4.0,2017,2017
2504,3343.0,MADHYA PRADESH,30.0,30.0,7.1,7.1,1.0,1.0,1.1,1.1,2.69,5.7,2.0,2.0,4.0,6.0,2017,2017
2505,3344.0,MADHYA PRADESH,20.2,35.0,8.0,8.2,522.0,1214.0,0.3,0.5,1.2,2.4,2.0,2.0,2.0,2.0,2017,2017
2506,3345.0,MADHYA PRADESH,28.0,29.0,7.9,8.1,461.0,683.0,0.1,0.4,,1.24,2.0,2.0,2.0,2.0,2017,2017
2507,3822.0,MADHYA PRADESH,19.0,20.0,7.2,7.4,374.0,1047.0,0.6,0.6,0.1,0.1,2.0,2.0,4.0,4.0,2017,2017
2508,3823.0,MADHYA PRADESH,18.0,19.0,7.3,7.4,526.0,536.0,0.2,0.2,0.1,0.7,2.0,2.0,2.0,2.0,2017,2017
2509,3824.0,MADHYA PRADESH,19.0,19.0,7.2,7.7,374.0,463.0,0.1,0.1,0.1,0.2,2.0,2.0,2.0,2.0,2017,2017
2510,2897.0,NAGALAND,25.0,28.1,6.5,8.0,200.0,236.0,,,,0.05,,,,,2017,2017
2511,3825.0,MADHYA PRADESH,19.0,19.0,7.5,8.2,329.0,426.0,0.1,0.1,0.1,0.8,2.0,2.0,2.0,2.0,2017,2017
2512,3826.0,MADHYA PRADESH,18.0,18.0,7.6,8.3,343.0,448.0,0.1,0.1,0.1,0.76,2.0,2.0,2.0,2.0,2017,2017
2513,3827.0,MADHYA PRADESH,19.0,20.0,8.1,8.1,311.0,419.0,0.3,0.3,0.1,0.84,2.0,2.0,2.0,2.0,2017,2017
2514,3837.0,MADHYA PRADESH,20.0,20.0,7.4,7.6,281.0,410.0,1.1,1.4,0.84,2.14,2.0,2.0,2.0,2.0,2017,2017
2515,3838.0,MADHYA PRADESH,20.0,22.0,7.6,7.7,276.0,378.0,1.1,1.7,0.06,0.84,2.0,2.0,2.0,2.0,2017,2017
2516,3839.0,MADHYA PRADESH,19.0,22.0,7.4,7.5,274.0,386.0,1.1,1.7,0.86,1.43,2.0,2.0,2.0,2.0,2017,2017
2517,3840.0,MADHYA PRADESH,18.0,22.0,7.6,7.6,282.0,348.0,1.2,1.4,0.09,0.86,2.0,2.0,2.0,2.0,2017,2017
2518,3841.0,MADHYA PRADESH,19.0,22.0,7.4,7.6,278.0,386.0,1.2,1.4,0.84,1.18,2.0,2.0,2.0,2.0,2017,2017
2519,3842.0,MADHYA PRADESH,18.0,21.0,7.5,7.6,387.0,476.0,1.0,1.6,0.05,0.86,2.0,2.0,2.0,2.0,2017,2017
2520,3843.0,MADHYA PRADESH,19.0,23.0,7.4,7.5,365.0,394.0,1.0,1.7,0.84,1.02,2.0,2.0,2.0,2.0,2017,2017
2521,3844.0,MADHYA PRADESH,19.0,22.0,7.4,7.6,275.0,387.0,1.2,1.7,0.55,0.86,2.0,2.0,2.0,2.0,2017,2017
2522,3854.0,MADHYA PRADESH,28.5,30.0,7.1,7.4,0.0,1.0,0.8,1.0,5.2,6.36,2.0,2.0,4.0,6.0,2017,2017
2523,1985.0,MAHARASHTRA,28.0,33.0,7.6,7.8,2774.0,5760.0,3.0,5.0,0.4,1.3,17.0,17.0,46.0,130.0,2017,2017
2524,1986.0,MAHARASHTRA,30.0,30.0,7.1,7.1,735.0,735.0,3.0,3.0,0.5,0.5,22.0,22.0,120.0,120.0,2017,2017
2525,1987.0,MAHARASHTRA,28.0,33.0,7.0,7.4,2182.0,2680.0,3.2,3.4,0.6,1.6,11.0,26.0,31.0,70.0,2017,2017
2526,1988.0,MAHARASHTRA,30.0,30.0,7.0,7.0,1648.0,1648.0,3.2,3.2,1.7,1.7,63.0,63.0,140.0,140.0,2017,2017
2527,1989.0,MAHARASHTRA,28.0,28.0,7.1,7.1,1133.0,1133.0,4.0,4.0,0.9,0.9,11.0,11.0,70.0,70.0,2017,2017
2528,1992.0,MAHARASHTRA,27.0,30.0,7.8,8.0,1010.0,1591.0,4.2,6.0,1.7,3.9,20.0,20.0,200.0,200.0,2017,2017
2529,1993.0,MAHARASHTRA,24.0,24.0,8.2,8.2,1320.0,1320.0,3.2,3.2,0.98,0.98,2.0,2.0,110.0,110.0,2017,2017
2530,1994.0,MAHARASHTRA,26.0,26.0,8.2,8.2,1192.0,1192.0,4.8,4.8,0.46,0.46,,,,,2017,2017
2531,1995.0,MAHARASHTRA,27.0,29.0,7.5,8.5,950.0,998.0,3.2,5.0,0.22,4.4,49.0,49.0,130.0,130.0,2017,2017
2532,1996.0,MAHARASHTRA,27.0,29.0,7.4,8.4,1002.0,1166.0,5.8,7.0,0.3,3.8,17.0,17.0,70.0,70.0,2017,2017
2533,1997.0,MAHARASHTRA,32.0,42.0,7.6,8.0,316.0,980.0,3.8,5.2,0.22,0.4,,,,,2017,2017
2534,1998.0,MAHARASHTRA,27.0,29.0,7.1,8.4,982.0,2558.0,3.0,3.8,0.36,0.36,31.0,31.0,58.0,58.0,2017,2017
2535,1999.0,MAHARASHTRA,32.0,32.0,7.7,8.2,640.0,1080.0,3.1,3.2,0.3,0.33,,,,,2017,2017
2536,2001.0,MAHARASHTRA,23.0,26.0,7.9,7.9,654.0,1636.0,4.6,5.4,0.72,4.5,13.0,23.0,58.0,79.0,2017,2017
2537,2002.0,MAHARASHTRA,23.5,31.0,7.3,8.0,656.0,1602.0,3.0,4.2,0.22,0.33,17.0,17.0,94.0,94.0,2017,2017
2538,2003.0,MAHARASHTRA,27.0,27.0,8.3,8.3,1022.0,1022.0,3.0,3.0,0.32,0.32,,,,,2017,2017
2539,2004.0,MAHARASHTRA,,,7.4,7.6,1395.0,1607.0,3.2,3.4,1.12,1.58,8.0,8.0,23.0,23.0,2017,2017
2540,2005.0,MAHARASHTRA,,,7.2,7.4,789.0,1555.0,3.0,3.2,1.1,1.41,21.0,21.0,84.0,84.0,2017,2017
2541,2006.0,MAHARASHTRA,,,7.5,7.8,296.0,670.0,2.0,3.0,0.48,1.15,13.0,13.0,46.0,46.0,2017,2017
2542,2007.0,MAHARASHTRA,20.0,21.0,7.2,7.3,1787.0,2686.0,2.4,3.4,1.07,1.4,8.0,8.0,23.0,23.0,2017,2017
2543,2008.0,MAHARASHTRA,21.0,21.0,7.5,7.6,2389.0,2584.0,2.6,3.2,0.94,2.11,4.0,4.0,31.0,31.0,2017,2017
2544,2200.0,MAHARASHTRA,23.0,24.0,8.0,8.5,489.0,1265.0,3.0,4.0,0.2,0.9,2.0,4.0,140.0,170.0,2017,2017
2545,2202.0,MAHARASHTRA,23.0,24.0,7.2,7.5,79.0,480.0,2.4,2.4,0.46,0.62,4.0,4.0,13.0,13.0,2017,2017
2546,2203.0,MAHARASHTRA,32.0,42.2,6.9,8.0,315.0,1210.0,4.2,5.4,0.42,0.43,,,,,2017,2017
2547,2819.0,MAHARASHTRA,27.0,30.0,7.6,7.7,1990.0,4995.0,4.8,7.0,1.6,21.0,25.0,250.0,225.0,1800.0,2017,2017
2548,2820.0,MAHARASHTRA,26.0,30.0,7.8,8.2,695.0,2011.0,5.4,6.0,1.5,4.5,40.0,40.0,350.0,350.0,2017,2017
2549,3450.0,UTTARAKHAND,17.0,18.0,7.0,7.5,422.0,486.0,,,,,2.0,2.0,,,2019,2019
2550,2821.0,MAHARASHTRA,26.0,30.0,7.6,7.8,93.0,775.0,5.5,8.8,0.2,4.0,17.0,45.0,130.0,550.0,2017,2017
2551,2822.0,MAHARASHTRA,28.0,30.0,7.5,7.9,2550.0,5107.0,6.0,9.5,4.7,7.4,20.0,40.0,140.0,425.0,2017,2017
2552,2823.0,MAHARASHTRA,23.0,33.0,7.9,8.0,1194.0,1500.0,4.4,5.0,4.2,5.9,11.0,20.0,110.0,350.0,2017,2017
2553,2825.0,MAHARASHTRA,23.0,24.0,7.7,8.4,1050.0,1922.0,4.4,5.0,0.86,1.0,4.0,6.0,170.0,180.0,2017,2017
2554,2826.0,MAHARASHTRA,32.0,42.0,7.0,8.0,320.0,1492.0,3.2,6.4,0.42,0.56,,,,,2017,2017
2555,2828.0,MAHARASHTRA,28.0,28.0,8.1,8.1,998.0,998.0,5.2,5.2,0.62,0.62,,,,,2017,2017
2556,2829.0,MAHARASHTRA,,,7.1,7.7,509.0,530.0,2.6,3.2,0.57,1.5,21.0,21.0,110.0,110.0,2017,2017
2557,2830.0,MAHARASHTRA,,,7.6,8.2,806.0,1367.0,3.2,3.4,0.96,1.39,17.0,17.0,94.0,94.0,2017,2017
2558,2831.0,MAHARASHTRA,22.0,22.0,7.1,7.1,1412.0,1412.0,2.6,2.6,0.84,0.84,5.0,5.0,46.0,46.0,2017,2017
2559,2832.0,MAHARASHTRA,22.0,23.0,7.8,8.3,75.0,285.0,2.6,3.2,0.49,1.11,13.0,13.0,34.0,34.0,2017,2017
2560,2833.0,MAHARASHTRA,23.0,24.0,7.4,7.5,164.0,287.0,2.6,3.2,0.36,0.66,5.0,5.0,14.0,14.0,2017,2017
2561,2834.0,MAHARASHTRA,23.0,24.0,6.5,7.4,170.0,2210.0,2.8,3.4,0.48,0.69,7.0,7.0,14.0,14.0,2017,2017
2562,2835.0,MAHARASHTRA,22.0,23.0,7.7,8.0,65.0,170.0,2.4,2.8,0.45,0.65,17.0,17.0,31.0,31.0,2017,2017
2563,1923.0,MANIPUR,23.1,23.1,7.2,7.2,290.0,290.0,3.0,3.0,,,,,93.0,93.0,2017,2017
2564,1634.0,MEGHALAYA,18.0,19.0,5.2,6.6,280.0,327.0,1.8,2.0,9.5,14.6,10.0,12.0,30.0,45.0,2017,2017
2565,1635.0,MEGHALAYA,18.0,18.0,5.8,6.7,289.0,312.0,1.8,1.9,8.74,16.28,12.0,20.0,48.0,60.0,2017,2017
2566,1636.0,MEGHALAYA,25.0,25.0,6.0,6.5,112.0,115.0,1.0,2.0,0.68,2.54,12.0,20.0,60.0,120.0,2017,2017
2567,1637.0,MEGHALAYA,15.0,19.0,5.5,6.6,110.0,117.0,1.2,2.1,1.2,5.0,6.0,8.0,24.0,28.0,2017,2017
2568,1638.0,MEGHALAYA,18.0,23.0,5.8,7.1,130.0,155.0,1.0,1.2,8.2,9.34,2.0,4.0,22.0,28.0,2017,2017
2569,3385.0,MEGHALAYA,14.0,16.0,6.7,6.9,47.0,50.0,2.0,2.0,0.27,0.4,8.0,8.0,22.0,30.0,2017,2017
2570,3386.0,MEGHALAYA,42.0,45.0,9.4,9.6,340.0,345.0,1.0,1.0,0.41,0.45,2.0,2.0,17.0,20.0,2017,2017
2571,2054.0,MIZORAM,18.0,25.0,7.2,7.9,104.0,277.0,0.6,2.2,0.02,0.09,,,93.0,1100.0,2017,2017
2572,2055.0,MIZORAM,12.0,22.0,6.6,7.8,147.0,351.0,0.4,5.7,0.04,0.09,,,1100.0,1100.0,2017,2017
2573,3725.0,MIZORAM,18.0,22.0,7.2,7.6,105.0,276.0,0.8,1.7,0.02,0.06,9.0,9.0,2400.0,2400.0,2017,2017
2574,3726.0,MIZORAM,18.0,24.0,7.0,7.7,127.0,237.0,0.3,2.4,,0.08,,,460.0,460.0,2017,2017
2575,3727.0,MIZORAM,18.0,22.5,6.9,7.5,112.0,261.0,0.6,1.6,0.04,0.57,,,2400.0,2400.0,2017,2017
2576,3728.0,MIZORAM,15.0,22.0,6.2,7.4,156.0,944.0,0.9,2.1,0.02,0.06,,,2400.0,2400.0,2017,2017
2577,3729.0,MIZORAM,18.0,25.0,7.0,7.5,144.0,404.0,0.3,2.3,0.03,0.1,,,,,2017,2017
2578,3730.0,MIZORAM,17.0,23.0,2.8,7.5,124.0,420.0,0.4,2.5,0.02,0.1,,,,,2017,2017
2579,3731.0,MIZORAM,17.0,24.0,6.4,7.5,117.0,429.0,0.2,2.7,0.03,0.1,,,,,2017,2017
2580,3732.0,MIZORAM,18.0,23.0,6.0,7.6,133.0,566.0,0.3,2.5,0.02,0.08,,,,,2017,2017
2581,3733.0,MIZORAM,18.0,22.0,6.2,7.7,144.0,917.0,0.5,2.3,0.02,0.07,,,,,2017,2017
2582,3737.0,MIZORAM,15.0,24.0,6.6,7.5,120.0,310.0,0.7,2.2,0.02,0.07,,,,,2017,2017
2583,3738.0,MIZORAM,13.0,23.0,7.1,7.4,114.0,278.0,0.9,4.0,0.02,0.06,,,,,2017,2017
2584,3739.0,MIZORAM,18.0,24.0,6.9,7.9,111.0,310.0,0.1,5.1,0.04,0.11,,,,,2017,2017
2585,3741.0,MIZORAM,18.0,26.0,6.5,7.6,92.0,361.0,1.0,2.6,0.02,0.08,,,,,2017,2017
2586,3742.0,MIZORAM,19.0,25.0,6.9,7.7,84.0,364.0,0.3,4.0,0.02,0.13,,,,,2017,2017
2587,3745.0,MIZORAM,14.0,23.0,7.2,8.3,97.0,302.0,1.1,2.1,0.02,0.09,,,,,2017,2017
2588,3748.0,MIZORAM,15.0,22.0,7.2,7.5,104.0,333.0,1.1,2.1,0.03,0.1,,,,,2017,2017
2589,3753.0,MIZORAM,10.0,25.0,6.2,7.4,142.0,400.0,1.0,2.5,0.02,0.09,,,,,2017,2017
2590,3758.0,MIZORAM,15.0,23.0,6.7,7.3,152.0,324.0,0.5,2.3,0.04,0.11,,,,,2017,2017
2591,2896.0,NAGALAND,19.7,27.5,7.4,8.5,460.0,712.0,,,,0.06,,,,,2017,2017
2592,2898.0,NAGALAND,27.0,27.4,5.5,6.3,120.0,183.0,,,,1.59,,,,,2017,2017
2593,2899.0,NAGALAND,,,7.5,7.5,248.0,248.0,,,0.12,0.12,,,,,2017,2017
2594,2900.0,NAGALAND,26.4,26.4,5.5,8.3,254.0,294.0,,,,2.88,,,,,2017,2017
2595,2901.0,NAGALAND,34.0,34.0,6.5,7.6,160.0,575.0,,,,1.4,,,,,2017,2017
2596,2902.0,NAGALAND,28.8,28.8,7.1,8.5,9.0,376.0,,,,0.12,,,,,2017,2017
2597,2903.0,NAGALAND,24.5,24.5,7.2,7.5,460.0,523.0,,,,0.29,,,,,2017,2017
2598,2904.0,NAGALAND,25.7,25.7,5.5,7.8,654.0,922.0,,,,5.2,,,,,2017,2017
2599,2905.0,NAGALAND,26.3,26.3,6.5,7.8,256.0,442.0,,,,0.11,,,,,2017,2017
2600,1644.0,ODISHA,23.0,29.0,7.1,8.4,405.0,541.0,0.1,0.5,0.23,0.95,2.0,2.0,2.0,2.0,2017,2017
2601,1645.0,ODISHA,29.0,29.0,8.3,8.3,576.0,576.0,0.4,0.4,0.17,0.17,2.0,2.0,2.0,2.0,2017,2017
2602,1646.0,ODISHA,23.0,29.0,7.7,8.3,147.0,207.0,0.2,0.5,0.47,2.73,2.0,2.0,2.0,2.0,2017,2017
2603,1647.0,ODISHA,22.0,29.0,7.6,8.4,327.0,639.0,0.7,1.3,0.28,1.03,2.0,2.0,2.0,2.0,2017,2017
2604,1648.0,ODISHA,24.0,29.0,7.9,8.3,362.0,393.0,0.1,0.6,4.34,6.52,2.0,4.0,2.0,4.0,2017,2017
2605,1649.0,ODISHA,29.0,29.0,7.0,7.6,236.0,904.0,1.4,1.6,0.13,6.57,2.0,2.0,2.0,2.0,2017,2017
2606,1650.0,ODISHA,29.0,30.0,6.7,7.6,254.0,267.0,0.1,0.3,0.37,6.25,2.0,2.0,2.0,2.0,2017,2017
2607,1651.0,ODISHA,28.0,29.0,7.4,7.5,550.0,660.0,0.7,1.1,2.09,3.27,26.0,1400.0,110.0,3500.0,2017,2017
2608,1652.0,ODISHA,28.0,30.0,5.3,6.3,65.0,140.0,0.2,0.7,2.26,7.2,2.0,2.0,2.0,2.0,2017,2017
2609,1654.0,ODISHA,26.0,26.0,6.9,6.9,209.0,209.0,0.3,0.3,3.27,3.27,2.0,2.0,2.0,2.0,2017,2017
2610,1655.0,ODISHA,26.0,29.0,7.1,7.9,1247.0,19840.0,0.2,0.5,0.11,0.61,2.0,2.0,2.0,23.0,2017,2017
2611,1656.0,ODISHA,25.0,29.0,7.5,7.9,1138.0,1257.0,0.3,1.2,3.93,10.62,2.0,2.0,2.0,130.0,2017,2017
2612,1657.0,ODISHA,21.0,29.0,7.5,7.9,1020.0,1205.0,1.5,1.9,4.08,6.42,2.0,130.0,2.0,330.0,2017,2017
2613,3964.0,ODISHA,23.0,30.0,8.0,8.1,548.0,780.0,0.4,0.8,0.23,0.36,2.0,280.0,33.0,1600.0,2017,2017
2614,3965.0,ODISHA,23.0,30.0,7.9,8.1,1068.0,1155.0,0.6,0.6,0.37,3.96,2.0,17.0,2.0,350.0,2017,2017
2615,3966.0,ODISHA,26.0,30.0,7.5,7.6,982.0,1467.0,0.1,0.7,3.45,10.68,2.0,11.0,11.0,79.0,2017,2017
2616,3967.0,ODISHA,23.0,30.0,7.6,7.7,1022.0,1867.0,0.3,1.1,9.52,18.01,2.0,140.0,2.0,140.0,2017,2017
2617,3968.0,ODISHA,28.0,32.0,7.7,7.8,507.0,657.0,0.2,0.9,0.72,0.9,2.0,130.0,49.0,540.0,2017,2017
2618,3969.0,ODISHA,30.0,30.0,7.8,7.8,359.0,359.0,0.4,0.4,3.78,3.78,2.0,2.0,2.0,2.0,2017,2017
2619,3970.0,ODISHA,29.0,30.0,7.7,8.1,379.0,687.0,0.5,0.5,1.59,4.45,17.0,49.0,130.0,350.0,2017,2017
2620,3971.0,ODISHA,27.0,28.0,7.5,7.7,1369.0,1373.0,0.1,0.8,11.25,19.24,2.0,5.0,2.0,5.0,2017,2017
2621,3972.0,ODISHA,28.0,28.0,7.9,8.2,363.0,483.0,0.2,0.5,0.33,1.04,2.0,2.0,2.0,2.0,2017,2017
2622,3973.0,ODISHA,27.0,27.0,7.6,7.8,642.0,648.0,1.0,1.6,1.75,7.5,2.0,2.0,2.0,2.0,2017,2017
2623,3974.0,ODISHA,27.0,28.0,7.9,8.2,271.0,503.0,0.5,0.6,0.2,0.27,2.0,2.0,2.0,2.0,2017,2017
2624,3975.0,ODISHA,28.0,28.0,7.7,7.9,690.0,834.0,0.1,1.2,0.37,10.21,2.0,2.0,2.0,2.0,2017,2017
2625,3976.0,ODISHA,28.0,28.0,7.9,8.7,699.0,776.0,0.1,0.6,1.8,3.8,2.0,2.0,2.0,79.0,2017,2017
2626,3977.0,ODISHA,28.0,28.0,7.7,7.7,1246.0,1562.0,0.1,0.6,0.15,0.2,2.0,2.0,2.0,2.0,2017,2017
2627,3978.0,ODISHA,28.0,29.0,7.5,8.3,713.0,803.0,0.1,0.7,3.45,5.93,2.0,2.0,2.0,2.0,2017,2017
2628,3979.0,ODISHA,28.0,28.0,8.1,8.7,647.0,1141.0,0.1,0.2,4.84,7.68,2.0,2.0,2.0,2.0,2017,2017
2629,3981.0,ODISHA,20.0,30.0,7.7,7.9,142.0,180.0,0.4,1.0,2.09,4.53,2.0,2.0,2.0,2.0,2017,2017
2630,3982.0,ODISHA,20.0,32.0,7.3,7.7,133.0,143.0,0.5,1.5,0.4,4.1,2.0,2.0,2.0,2.0,2017,2017
2631,3983.0,ODISHA,19.0,35.0,7.3,7.6,114.0,143.0,0.5,0.6,2.55,3.07,2.0,2.0,2.0,2.0,2017,2017
2632,3984.0,ODISHA,20.0,37.0,7.1,7.5,146.0,351.0,1.5,1.6,0.26,0.82,2.0,2.0,2.0,2.0,2017,2017
2633,3985.0,ODISHA,19.0,38.0,7.8,8.2,307.0,330.0,0.1,1.2,0.54,2.45,2.0,330.0,2.0,1300.0,2017,2017
2634,3987.0,ODISHA,20.0,40.0,7.4,8.6,414.0,526.0,0.8,1.5,0.85,1.13,2.0,9200.0,2.0,16000.0,2017,2017
2635,3988.0,ODISHA,22.0,29.0,8.2,8.3,1824.0,1925.0,1.6,1.7,1.64,2.2,2.0,2.0,2.0,5.0,2017,2017
2636,3989.0,ODISHA,22.0,27.0,8.3,8.3,2491.0,3543.0,0.5,0.7,2.5,2.85,2.0,540.0,70.0,1600.0,2017,2017
2637,3990.0,ODISHA,26.0,28.0,7.8,8.1,245.0,332.0,0.1,0.8,2.78,3.4,2.0,2.0,2.0,2.0,2017,2017
2638,3991.0,ODISHA,26.0,27.0,7.4,7.6,270.0,317.0,0.1,0.4,4.18,4.35,2.0,2.0,2.0,2.0,2017,2017
2639,3992.0,ODISHA,26.0,28.0,7.5,7.6,166.0,193.0,0.1,0.7,0.32,0.34,2.0,2.0,2.0,2.0,2017,2017
2640,3993.0,ODISHA,25.0,26.0,8.4,8.5,115.0,381.0,0.1,0.7,0.23,3.06,2.0,2.0,2.0,2.0,2017,2017
2641,3994.0,ODISHA,22.0,26.0,6.0,7.9,510.0,1045.0,0.1,0.6,3.17,10.03,2.0,2.0,2.0,2.0,2017,2017
2642,3995.0,ODISHA,22.0,25.0,7.0,8.4,376.0,1203.0,0.4,0.6,0.24,1.43,2.0,2.0,2.0,2.0,2017,2017
2643,3996.0,ODISHA,22.0,26.0,6.1,8.0,105.0,1125.0,0.2,0.4,0.21,8.97,2.0,2.0,2.0,2.0,2017,2017
2644,1397.0,PUDUCHERRY,32.0,32.0,6.2,6.4,418.0,431.0,0.0,0.0,7.45,15.76,2.0,2.0,2.0,2.0,2017,2017
2645,3986.0,ODISHA,21.0,39.0,7.1,7.9,269.0,315.0,0.1,0.8,0.4,3.81,2.0,540.0,2.0,92000.0,2017,2017
2646,1398.0,PUDUCHERRY,33.0,33.0,6.5,7.8,1380.0,1380.0,0.0,0.0,0.04,0.06,2.0,2.0,2.0,2.0,2017,2017
2647,1453.0,PUDUCHERRY,30.0,32.0,6.9,7.0,616.0,621.0,0.0,0.0,2.08,5.39,2.0,2.0,2.0,2.0,2017,2017
2648,1454.0,PUDUCHERRY,30.0,33.0,6.3,7.0,258.0,270.0,0.0,0.0,1.21,1.53,2.0,2.0,2.0,2.0,2017,2017
2649,1687.0,PUDUCHERRY,30.0,31.0,7.4,8.3,1755.0,1757.0,0.0,0.0,1.66,1.79,2.0,280.0,13.0,1600.0,2017,2017
2650,1688.0,PUDUCHERRY,30.0,30.0,7.5,8.2,668.0,686.0,0.0,0.0,0.69,1.32,2.0,140.0,2.0,280.0,2017,2017
2651,2009.0,PUDUCHERRY,32.0,32.0,6.5,6.8,618.0,624.0,0.0,0.0,0.06,3.29,2.0,280.0,14.0,300.0,2017,2017
2652,2010.0,PUDUCHERRY,30.0,32.0,6.7,6.9,884.0,1379.0,0.0,0.0,0.65,1.21,2.0,140.0,2.0,170.0,2017,2017
2653,2011.0,PUDUCHERRY,32.0,33.0,7.6,8.4,4950.0,5150.0,0.0,0.0,0.02,0.07,2.0,2.0,2.0,2.0,2017,2017
2654,2012.0,PUDUCHERRY,30.0,32.0,6.8,7.2,1148.0,2200.0,0.0,0.0,0.36,1.02,2.0,90.0,4.0,280.0,2017,2017
2655,2013.0,PUDUCHERRY,25.0,34.0,8.1,8.5,1915.0,1952.0,0.0,0.0,0.37,0.52,,,,,2017,2017
2656,2446.0,PUDUCHERRY,28.0,28.0,7.0,7.0,195.0,195.0,0.0,0.0,7.15,7.15,,,,,2017,2017
2657,2447.0,PUDUCHERRY,28.0,28.0,7.0,7.0,120.0,120.0,0.0,0.0,2.2,2.2,,,,,2017,2017
2658,3882.0,PUDUCHERRY,33.0,33.0,7.5,7.5,440.0,440.0,0.0,0.0,0.05,0.05,2.0,2.0,2.0,2.0,2017,2017
2659,3883.0,PUDUCHERRY,33.0,33.0,8.4,8.4,345.0,345.0,0.0,0.0,0.03,0.03,2.0,2.0,2.0,2.0,2017,2017
2660,3884.0,PUDUCHERRY,34.0,34.0,7.4,7.4,665.0,665.0,0.0,0.0,4.85,4.85,2.0,2.0,2.0,2.0,2017,2017
2661,3885.0,PUDUCHERRY,32.0,32.0,7.7,7.7,1710.0,1710.0,0.0,0.0,1.84,1.84,2.0,2.0,2.0,2.0,2017,2017
2662,3886.0,PUDUCHERRY,32.0,32.0,8.4,8.4,1138.0,1138.0,0.0,0.0,2.6,2.6,2.0,2.0,2.0,2.0,2017,2017
2663,1898.0,PUNJAB,17.0,17.0,7.1,7.5,1115.0,1164.0,0.0,0.0,4.4,12.6,2.0,2.0,2.0,2.0,2017,2017
2664,1899.0,PUNJAB,,,7.3,7.8,736.0,770.0,0.0,0.0,2.37,13.2,2.0,2.0,2.0,2.0,2017,2017
2665,1900.0,PUNJAB,,,7.2,7.8,741.0,753.0,0.0,0.0,1.3,3.0,2.0,2.0,2.0,2.0,2017,2017
2666,1901.0,PUNJAB,30.0,30.0,7.7,8.0,744.0,789.0,0.0,0.0,6.0,13.7,2.0,2.0,2.0,2.0,2017,2017
2667,1902.0,PUNJAB,16.0,16.0,6.4,6.9,1411.0,1455.0,0.0,0.0,0.32,7.2,2.0,2.0,2.0,2.0,2017,2017
2668,1903.0,PUNJAB,,,7.4,7.5,645.0,810.0,0.0,0.0,1.6,6.2,2.0,2.0,2.0,2.0,2017,2017
2669,2916.0,PUNJAB,,,7.3,7.4,823.0,897.0,0.0,0.0,0.5,3.9,2.0,2.0,2.0,2.0,2017,2017
2670,2917.0,PUNJAB,,,7.2,7.4,1202.0,1276.0,0.0,0.0,3.9,7.4,2.0,2.0,2.0,2.0,2017,2017
2671,2918.0,PUNJAB,,,7.1,7.2,2654.0,2904.0,0.0,0.0,8.9,12.0,2.0,2.0,2.0,2.0,2017,2017
2672,2919.0,PUNJAB,,,7.2,7.2,2694.0,2899.0,0.0,0.0,9.1,15.0,2.0,2.0,2.0,2.0,2017,2017
2673,2920.0,PUNJAB,,,7.2,7.4,672.0,1256.0,0.0,0.0,0.7,2.7,2.0,2.0,2.0,2.0,2017,2017
2674,2921.0,PUNJAB,,,7.5,7.8,452.0,620.0,0.0,0.0,0.2,7.4,2.0,2.0,2.0,2.0,2017,2017
2675,2922.0,PUNJAB,,,7.3,7.5,1823.0,2066.0,0.0,0.0,2.3,7.3,2.0,2.0,2.0,2.0,2017,2017
2676,2923.0,PUNJAB,,,7.2,7.2,1534.0,1985.0,0.0,0.0,2.7,7.6,2.0,2.0,2.0,2.0,2017,2017
2677,2924.0,PUNJAB,23.0,23.0,7.6,8.4,866.0,984.0,0.0,0.0,1.4,8.7,2.0,2.0,2.0,2.0,2017,2017
2678,2925.0,PUNJAB,23.0,23.0,7.6,7.6,1664.0,1940.0,0.0,0.0,3.0,3.3,2.0,2.0,2.0,2.0,2017,2017
2679,2926.0,PUNJAB,29.0,29.0,7.0,7.1,1076.0,1399.0,0.0,0.0,6.4,12.0,2.0,2.0,2.0,2.0,2017,2017
2680,2927.0,PUNJAB,29.0,29.0,7.0,7.1,1155.0,1418.0,0.0,0.0,6.8,14.0,2.0,2.0,2.0,2.0,2017,2017
2681,2928.0,PUNJAB,29.0,29.0,7.1,7.2,656.0,714.0,0.0,0.0,2.5,2.8,2.0,2.0,2.0,2.0,2017,2017
2682,2929.0,PUNJAB,29.0,29.0,7.3,7.5,512.0,544.0,0.0,0.0,0.2,4.2,2.0,2.0,2.0,2.0,2017,2017
2683,2930.0,PUNJAB,32.0,32.0,7.4,7.5,1224.0,1719.0,0.0,0.0,3.1,3.5,2.0,2.0,2.0,2.0,2017,2017
2684,2931.0,PUNJAB,32.0,32.0,7.3,7.4,11.0,1203.0,0.0,0.0,1.0,24.4,2.0,2.0,2.0,2.0,2017,2017
2685,1415.0,RAJASTHAN,22.0,22.0,8.5,8.5,1880.0,1880.0,2.0,2.0,,2.46,3.0,3.0,3.0,3.0,2017,2017
2686,1416.0,RAJASTHAN,23.0,25.0,8.6,8.9,6900.0,12900.0,1.8,1.9,3.15,3.16,3.0,3.0,3.0,3.0,2017,2017
2687,1706.0,RAJASTHAN,29.0,31.0,7.2,7.7,810.0,1130.0,1.8,1.8,2.74,2.74,3.0,3.0,3.0,3.0,2017,2017
2688,1707.0,RAJASTHAN,30.0,32.0,7.3,7.6,1580.0,1640.0,2.1,2.2,2.62,3.1,3.0,3.0,3.0,3.0,2017,2017
2689,1708.0,RAJASTHAN,27.0,28.0,7.4,7.4,1270.0,1320.0,2.0,2.1,,2.1,3.0,3.0,4.0,4.0,2017,2017
2690,1709.0,RAJASTHAN,28.0,29.0,7.4,7.5,1190.0,1480.0,2.1,2.4,2.8,3.07,3.0,3.0,3.0,3.0,2017,2017
2691,1710.0,RAJASTHAN,28.0,29.0,7.2,7.3,1670.0,1900.0,2.1,2.2,2.8,3.07,3.0,3.0,3.0,3.0,2017,2017
2692,1711.0,RAJASTHAN,27.0,27.0,7.2,7.3,1410.0,1900.0,2.2,2.2,2.8,3.1,3.0,3.0,3.0,3.0,2017,2017
2693,1712.0,RAJASTHAN,28.0,28.0,7.3,7.4,1160.0,1460.0,2.0,2.2,2.46,2.74,3.0,3.0,3.0,3.0,2017,2017
2694,1713.0,RAJASTHAN,28.0,29.0,7.2,7.2,800.0,1250.0,1.4,1.4,1.84,2.2,3.0,3.0,3.0,3.0,2017,2017
2695,1715.0,RAJASTHAN,25.0,27.0,7.2,8.4,1000.0,1240.0,1.7,1.8,1.7,2.1,3.0,3.0,3.0,3.0,2017,2017
2696,1720.0,RAJASTHAN,28.0,29.0,8.3,8.3,1120.0,1120.0,2.7,2.7,2.1,2.1,3.0,3.0,3.0,3.0,2017,2017
2697,1721.0,RAJASTHAN,27.0,29.0,8.3,8.4,530.0,570.0,1.3,1.3,1.6,2.74,3.0,3.0,3.0,3.0,2017,2017
2698,1723.0,RAJASTHAN,28.0,28.0,8.2,8.3,2900.0,3600.0,3.2,3.3,2.8,3.14,3.0,3.0,3.0,3.0,2017,2017
2699,1724.0,RAJASTHAN,30.0,31.0,8.2,8.4,550.0,1230.0,2.1,2.2,3.16,3.16,3.0,3.0,3.0,3.0,2017,2017
2700,1725.0,RAJASTHAN,28.0,29.0,7.8,8.0,1690.0,1700.0,2.1,2.2,2.74,3.1,3.0,3.0,3.0,3.0,2017,2017
2701,2015.0,RAJASTHAN,28.0,31.4,7.5,7.6,5200.0,6300.0,2.2,2.6,4.2,4.72,3.0,3.0,4.0,4.0,2017,2017
2702,2016.0,RAJASTHAN,29.5,30.5,7.6,7.8,1900.0,2400.0,2.7,2.8,1.2,1.66,3.0,3.0,4.0,4.0,2017,2017
2703,2017.0,RAJASTHAN,29.8,30.8,7.7,7.7,2700.0,2700.0,1.2,1.2,1.84,2.28,3.0,3.0,4.0,4.0,2017,2017
2704,2018.0,RAJASTHAN,29.9,32.0,7.4,7.5,6800.0,9200.0,3.0,3.0,7.7,8.3,3.0,3.0,4.0,4.0,2017,2017
2705,2019.0,RAJASTHAN,16.0,22.0,7.1,7.2,1160.0,1800.0,1.3,1.4,1.84,2.1,3.0,3.0,3.0,3.0,2017,2017
2706,2020.0,RAJASTHAN,16.0,22.0,7.1,7.2,1600.0,1770.0,1.4,1.6,2.1,2.1,3.0,3.0,3.0,3.0,2017,2017
2707,2021.0,RAJASTHAN,16.0,22.0,6.8,7.0,1340.0,1900.0,1.3,1.6,1.6,2.1,3.0,3.0,3.0,3.0,2017,2017
2708,2022.0,RAJASTHAN,16.0,24.0,6.8,6.9,1650.0,1700.0,0.6,1.7,2.47,3.07,3.0,3.0,3.0,3.0,2017,2017
2709,2023.0,RAJASTHAN,18.0,24.0,6.9,7.2,1380.0,1800.0,1.8,1.9,2.74,2.8,3.0,3.0,4.0,4.0,2017,2017
2710,2024.0,RAJASTHAN,25.0,27.0,8.3,8.3,2100.0,2600.0,1.3,1.4,1.4,2.06,3.0,3.0,4.0,4.0,2017,2017
2711,2025.0,RAJASTHAN,27.0,27.0,8.2,8.3,1550.0,1760.0,1.2,1.2,2.74,3.0,3.0,3.0,3.0,3.0,2017,2017
2712,2026.0,RAJASTHAN,28.0,28.0,8.1,8.3,810.0,910.0,1.2,1.2,1.84,2.1,3.0,3.0,3.0,3.0,2017,2017
2713,2027.0,RAJASTHAN,26.0,28.0,8.1,8.4,1480.0,1900.0,2.1,2.2,3.14,3.16,3.0,3.0,3.0,3.0,2017,2017
2714,2028.0,RAJASTHAN,28.0,28.0,8.0,8.2,810.0,900.0,1.8,1.9,2.8,3.1,3.0,3.0,3.0,3.0,2017,2017
2715,2029.0,RAJASTHAN,27.0,27.0,8.0,8.6,880.0,950.0,1.9,2.1,1.84,2.1,3.0,3.0,3.0,3.0,2017,2017
2716,2030.0,RAJASTHAN,27.0,28.0,7.9,8.5,2000.0,3400.0,1.5,1.6,2.8,3.15,3.0,3.0,3.0,3.0,2017,2017
2717,2031.0,RAJASTHAN,27.0,27.0,7.7,8.3,950.0,960.0,2.0,2.2,2.74,3.1,3.0,3.0,4.0,4.0,2017,2017
2718,2032.0,RAJASTHAN,27.0,27.0,7.5,8.3,340.0,400.0,1.5,1.6,1.6,1.84,3.0,3.0,3.0,3.0,2017,2017
2719,2960.0,RAJASTHAN,30.0,30.0,7.2,8.4,3000.0,4300.0,2.1,2.4,3.1,3.4,3.0,3.0,4.0,4.0,2017,2017
2720,2961.0,RAJASTHAN,25.0,26.0,8.3,8.7,540.0,590.0,1.7,1.8,2.36,3.07,3.0,3.0,3.0,3.0,2017,2017
2721,2962.0,RAJASTHAN,25.0,26.0,8.4,8.8,590.0,640.0,1.2,1.3,2.62,2.8,3.0,3.0,4.0,4.0,2017,2017
2722,2963.0,RAJASTHAN,27.0,27.0,8.3,8.4,1580.0,1700.0,1.5,1.6,2.46,3.1,3.0,3.0,3.0,3.0,2017,2017
2723,2964.0,RAJASTHAN,27.0,27.0,8.2,8.3,1900.0,2100.0,1.5,1.5,1.6,2.62,3.0,3.0,3.0,3.0,2017,2017
2724,2965.0,RAJASTHAN,22.0,22.0,8.3,8.3,1580.0,1580.0,1.3,1.3,,2.1,3.0,3.0,3.0,3.0,2017,2017
2725,2966.0,RAJASTHAN,22.5,22.5,8.5,8.5,3300.0,3300.0,1.8,1.8,,3.04,3.0,3.0,3.0,3.0,2017,2017
2726,2967.0,RAJASTHAN,23.0,25.5,7.6,8.3,1620.0,3100.0,2.4,2.5,2.8,3.15,3.0,3.0,3.0,3.0,2017,2017
2727,2968.0,RAJASTHAN,23.5,24.0,8.4,8.6,1900.0,3200.0,2.3,2.4,,3.1,3.0,3.0,3.0,3.0,2017,2017
2728,2969.0,RAJASTHAN,28.0,29.0,7.1,7.4,760.0,770.0,1.9,1.9,2.8,3.0,3.0,3.0,3.0,3.0,2017,2017
2729,2970.0,RAJASTHAN,29.0,31.0,7.3,7.4,1570.0,1650.0,2.2,2.3,3.15,3.15,3.0,3.0,3.0,3.0,2017,2017
2730,2971.0,RAJASTHAN,28.0,28.0,7.4,7.4,2100.0,2100.0,1.7,1.7,,2.2,3.0,3.0,3.0,3.0,2017,2017
2731,2972.0,RAJASTHAN,28.0,28.0,7.3,7.3,2700.0,2700.0,2.1,2.1,,3.07,3.0,3.0,3.0,3.0,2017,2017
2732,2973.0,RAJASTHAN,28.0,30.0,7.2,7.3,3700.0,4900.0,2.2,2.3,2.8,3.14,3.0,3.0,3.0,3.0,2017,2017
2733,2974.0,RAJASTHAN,28.0,29.0,7.8,8.1,1420.0,1480.0,1.5,1.6,2.8,3.1,3.0,3.0,3.0,3.0,2017,2017
2734,2975.0,RAJASTHAN,28.0,29.0,7.1,7.3,3200.0,3300.0,1.3,1.4,3.15,3.16,3.0,3.0,3.0,3.0,2017,2017
2735,2976.0,RAJASTHAN,28.0,31.0,8.0,8.4,7100.0,7900.0,25.0,25.5,13.1,15.35,150.0,460.0,1100.0,1100.0,2017,2017
2736,2977.0,RAJASTHAN,25.9,30.0,8.0,8.0,21000.0,21000.0,3.4,3.7,7.4,11.0,3.0,3.0,4.0,4.0,2017,2017
2737,2982.0,RAJASTHAN,26.0,30.0,8.0,8.0,1690.0,11000.0,3.5,3.6,3.04,3.16,3.0,3.0,4.0,4.0,2017,2017
2738,2985.0,RAJASTHAN,27.8,32.8,7.2,7.6,15000.0,15100.0,2.6,4.3,15.35,15.8,3.0,3.0,4.0,4.0,2017,2017
2739,2986.0,RAJASTHAN,24.0,32.0,7.5,8.0,9100.0,12600.0,2.9,3.0,2.8,3.07,3.0,3.0,3.0,3.0,2017,2017
2740,2987.0,RAJASTHAN,24.0,32.0,7.3,8.0,8600.0,9800.0,2.3,2.3,3.04,3.16,3.0,3.0,3.0,3.0,2017,2017
2741,2988.0,RAJASTHAN,24.0,32.0,7.6,8.1,5400.0,8200.0,2.5,2.6,3.04,3.1,3.0,3.0,3.0,3.0,2017,2017
2742,2989.0,RAJASTHAN,24.0,32.0,7.7,8.2,6000.0,13200.0,3.0,3.1,3.1,3.1,3.0,3.0,4.0,4.0,2017,2017
2743,2990.0,RAJASTHAN,24.0,32.0,7.4,8.1,10000.0,18300.0,2.4,2.7,2.74,3.07,3.0,3.0,4.0,4.0,2017,2017
2744,2991.0,RAJASTHAN,24.0,32.0,7.5,8.3,11200.0,11300.0,3.3,3.5,3.15,3.15,3.0,3.0,4.0,4.0,2017,2017
2745,2993.0,RAJASTHAN,24.0,32.0,8.3,8.6,4900.0,12000.0,3.0,3.0,2.74,3.12,3.0,3.0,4.0,4.0,2017,2017
2746,2999.0,RAJASTHAN,26.0,26.0,7.0,7.0,1350.0,1350.0,2.1,2.1,1.6,1.6,3.0,3.0,3.0,3.0,2017,2017
2747,3000.0,RAJASTHAN,26.0,27.0,6.9,7.4,1750.0,2100.0,2.0,2.3,2.74,3.07,3.0,3.0,3.0,3.0,2017,2017
2748,3001.0,RAJASTHAN,27.0,29.0,6.9,6.9,2100.0,2700.0,1.9,2.0,2.74,3.07,3.0,3.0,3.0,3.0,2017,2017
2749,3002.0,RAJASTHAN,29.0,29.0,7.1,7.3,1120.0,1260.0,2.2,2.4,2.8,3.0,3.0,3.0,3.0,3.0,2017,2017
2750,3003.0,RAJASTHAN,28.0,29.0,7.3,7.3,1700.0,2700.0,2.0,2.0,1.84,2.06,3.0,3.0,3.0,3.0,2017,2017
2751,3004.0,RAJASTHAN,28.0,29.0,7.8,7.8,1900.0,2500.0,2.3,2.3,1.84,2.1,3.0,3.0,3.0,3.0,2017,2017
2752,3005.0,RAJASTHAN,27.0,27.0,6.9,6.9,870.0,870.0,2.2,2.2,1.6,1.6,3.0,3.0,3.0,3.0,2017,2017
2753,3006.0,RAJASTHAN,27.0,29.0,8.3,8.4,2100.0,2600.0,1.9,2.1,2.46,2.74,3.0,3.0,3.0,3.0,2017,2017
2754,32.0,TAMIL NADU,26.0,28.0,7.1,7.5,317.0,1366.0,1.4,1.8,1.0,1.0,2.0,78.0,4.0,250.0,2017,2017
2755,15.0,TELANGANA,29.0,29.0,7.0,7.0,261.0,261.0,0.0,0.0,0.3,0.3,,,2.0,2.0,2017,2017
2756,16.0,TELANGANA,29.0,29.0,7.6,7.6,1244.0,1244.0,3.0,3.0,0.5,0.5,,,4.0,4.0,2017,2017
2757,27.0,TELANGANA,,,,,,,,,,,,,,,2017,2017
2758,1515.0,TELANGANA,32.0,32.0,7.6,7.6,2689.0,2689.0,3.0,3.0,6.3,6.3,,,2.0,2.0,2017,2017
2759,1525.0,TELANGANA,26.0,26.0,7.2,7.2,3330.0,3330.0,,,20.68,20.68,4.0,4.0,15.0,15.0,2017,2017
2760,1791.0,TELANGANA,30.0,30.0,7.5,7.5,1230.0,1230.0,3.0,3.0,3.7,3.7,,,12.0,12.0,2017,2017
2761,1792.0,TELANGANA,30.0,30.0,8.4,8.4,2199.0,2199.0,2.0,2.0,7.9,7.9,,,10.0,10.0,2017,2017
2762,1793.0,TELANGANA,26.0,26.0,7.7,7.7,1678.0,1678.0,2.0,2.0,0.3,0.3,,,4.0,4.0,2017,2017
2763,1794.0,TELANGANA,26.0,26.0,8.1,8.1,912.0,912.0,3.0,3.0,0.5,0.5,,,6.0,6.0,2017,2017
2764,1795.0,TELANGANA,26.0,26.0,7.1,7.1,4640.0,4640.0,,,35.7,35.7,4.0,4.0,15.0,15.0,2017,2017
2765,1810.0,TELANGANA,26.0,26.0,7.5,7.5,2875.0,2875.0,3.0,3.0,25.4,25.4,4.0,4.0,15.0,15.0,2017,2017
2766,1811.0,TELANGANA,,,,,,,,,,,,,,,2017,2017
2767,3088.0,TELANGANA,33.0,33.0,7.0,7.0,1808.0,1808.0,6.0,6.0,4.8,4.8,,,2.0,2.0,2017,2017
2768,3094.0,TELANGANA,29.0,29.0,8.4,8.4,866.0,866.0,2.0,2.0,1.3,1.3,,,2.0,2.0,2017,2017
2769,1405.0,TRIPURA,24.5,27.0,7.7,8.6,93.0,199.0,0.0,0.0,0.41,1.17,2.0,2.0,2.0,2.0,2017,2017
2770,1406.0,TRIPURA,25.0,27.0,6.5,7.7,173.0,289.0,0.0,0.0,,0.47,2.0,2.0,2.0,2.0,2017,2017
2771,1730.0,TRIPURA,25.0,27.0,6.1,7.4,127.0,198.0,0.0,0.0,0.11,0.42,2.0,2.0,2.0,2.0,2017,2017
2772,1731.0,TRIPURA,25.0,27.0,6.4,7.6,88.0,165.0,0.0,0.0,,0.26,2.0,2.0,2.0,2.0,2017,2017
2773,1732.0,TRIPURA,25.0,27.0,5.9,7.3,89.0,194.0,0.0,0.0,,0.27,2.0,2.0,2.0,2.0,2017,2017
2774,1733.0,TRIPURA,25.0,27.0,5.8,7.0,121.0,212.0,0.0,0.0,,0.2,2.0,2.0,2.0,2.0,2017,2017
2775,1734.0,TRIPURA,25.0,27.0,6.8,7.8,113.0,197.0,0.0,0.0,,0.26,2.0,2.0,2.0,2.0,2017,2017
2776,3424.0,TRIPURA,25.0,27.0,5.4,6.3,72.0,149.0,0.0,0.0,,0.25,2.0,2.0,2.0,2.0,2017,2017
2777,3425.0,TRIPURA,25.0,27.0,5.2,6.4,88.0,189.0,0.0,0.0,,0.32,2.0,2.0,2.0,2.0,2017,2017
2778,3426.0,TRIPURA,25.0,27.0,5.4,6.4,54.0,163.0,0.0,0.0,,0.31,2.0,2.0,2.0,2.0,2017,2017
2779,3427.0,TRIPURA,25.0,27.0,6.1,7.2,72.0,165.0,0.0,0.0,,0.24,2.0,2.0,2.0,2.0,2017,2017
2780,3428.0,TRIPURA,25.0,27.0,5.8,6.8,54.0,167.0,0.0,0.0,,0.23,2.0,2.0,2.0,2.0,2017,2017
2781,3429.0,TRIPURA,25.0,27.0,5.4,6.6,112.0,195.0,0.0,0.0,,0.22,2.0,2.0,2.0,2.0,2017,2017
2782,3430.0,TRIPURA,25.0,27.0,6.1,7.2,64.0,159.0,0.0,0.0,,0.21,2.0,2.0,2.0,2.0,2017,2017
2783,3431.0,TRIPURA,25.0,27.0,5.4,6.5,72.0,153.0,0.0,0.0,,0.26,2.0,2.0,2.0,2.0,2017,2017
2784,3432.0,TRIPURA,25.0,27.0,6.1,7.2,82.0,169.0,0.0,0.0,,0.33,2.0,2.0,2.0,2.0,2017,2017
2785,3433.0,TRIPURA,25.0,27.0,6.7,8.1,141.0,228.0,0.0,0.0,,0.29,2.0,2.0,2.0,2.0,2017,2017
2786,3434.0,TRIPURA,25.0,27.0,5.2,6.6,147.0,212.0,0.0,0.0,,0.27,2.0,2.0,2.0,2.0,2017,2017
2787,3435.0,TRIPURA,25.0,27.0,7.0,8.2,201.0,279.0,0.0,0.0,,0.28,2.0,2.0,2.0,2.0,2017,2017
2788,3436.0,TRIPURA,25.0,27.0,6.4,7.2,206.0,293.0,0.0,0.0,,0.26,2.0,2.0,2.0,2.0,2017,2017
2789,1736.0,UTTAR PRADESH,20.0,28.0,6.9,6.9,988.0,1104.0,3.6,3.8,,2.6,26.0,100.0,70.0,340.0,2017,2017
2790,1737.0,UTTAR PRADESH,24.0,27.0,6.9,6.9,738.0,796.0,2.9,3.2,,1.6,26.0,80.0,40.0,230.0,2017,2017
2791,1738.0,UTTAR PRADESH,26.0,26.0,7.1,7.6,757.0,877.0,,,,,2.0,2.0,2.0,2.0,2017,2017
2792,1739.0,UTTAR PRADESH,26.0,26.0,6.8,7.3,1610.0,1905.0,,,,,2.0,2.0,2.0,2.0,2017,2017
2793,1740.0,UTTAR PRADESH,26.0,26.0,7.3,7.4,1889.0,2117.0,,,,,2.0,2.0,2.0,2.0,2017,2017
2794,1741.0,UTTAR PRADESH,26.0,26.0,7.2,7.5,668.0,776.0,,,,,2.0,2.0,2.0,2.0,2017,2017
2795,1744.0,UTTAR PRADESH,28.0,34.0,7.1,7.8,1800.0,2112.0,,,3.4,3.8,2.0,2.0,2.0,2.0,2017,2017
2796,1745.0,UTTAR PRADESH,28.0,33.0,7.5,7.8,1392.0,1644.0,,,4.8,5.4,2.0,2.0,2.0,2.0,2017,2017
2797,1746.0,UTTAR PRADESH,19.0,20.0,7.7,7.7,871.0,901.0,,,0.11,0.12,2.0,2.0,2.0,2.0,2017,2017
2798,1747.0,UTTAR PRADESH,19.0,21.0,7.8,7.8,901.0,922.0,,,0.18,0.2,2.0,2.0,2.0,2.0,2017,2017
2799,1749.0,UTTAR PRADESH,18.0,19.0,7.2,7.5,670.0,710.0,,,2.9,3.4,2.0,2.0,2.0,2.0,2017,2017
2800,1750.0,UTTAR PRADESH,18.0,19.0,7.5,7.7,690.0,740.0,,,2.6,3.3,2.0,2.0,2.0,2.0,2017,2017
2801,1751.0,UTTAR PRADESH,,,7.5,7.5,889.0,889.0,,,,,,,,,2017,2017
2802,1752.0,UTTAR PRADESH,23.0,25.0,7.0,7.2,1587.0,1636.0,0.2,1.2,0.4,0.45,2.0,2.0,2.0,2.0,2017,2017
2803,1753.0,UTTAR PRADESH,23.0,25.0,7.3,7.5,554.0,586.0,0.4,0.5,0.38,0.48,2.0,2.0,2.0,2.0,2017,2017
2804,1754.0,UTTAR PRADESH,23.0,25.0,7.0,7.2,954.0,1043.0,0.5,0.6,0.4,0.45,2.0,2.0,2.0,2.0,2017,2017
2805,1755.0,UTTAR PRADESH,23.0,23.0,7.1,7.5,1578.0,1712.0,0.3,0.3,0.48,0.48,2.0,2.0,2.0,2.0,2017,2017
2806,1756.0,UTTAR PRADESH,20.0,25.2,7.5,7.7,438.0,468.0,1.4,1.4,1.5,1.8,2.0,2.0,,,2017,2017
2807,1757.0,UTTAR PRADESH,24.6,24.6,7.1,7.1,885.0,885.0,0.3,0.3,0.08,1.18,,,,,2017,2017
2808,1758.0,UTTAR PRADESH,21.0,25.8,7.6,7.8,496.0,522.0,0.8,0.8,1.9,2.2,,,,,2017,2017
2809,1759.0,UTTAR PRADESH,24.6,24.8,7.2,7.2,758.0,762.0,0.3,0.4,1.22,1.31,,,,,2017,2017
2810,1760.0,UTTAR PRADESH,24.0,24.0,7.2,7.2,1136.0,1136.0,0.4,0.4,1.42,1.42,,,,,2017,2017
2811,1761.0,UTTAR PRADESH,24.3,24.3,7.2,7.2,1193.0,1193.0,0.3,0.3,1.48,1.48,,,,,2017,2017
2812,2467.0,UTTAR PRADESH,20.6,25.4,7.5,7.6,492.0,530.0,0.8,0.8,2.2,2.5,,,,,2017,2017
2813,2468.0,UTTAR PRADESH,20.0,25.5,7.4,7.6,464.0,490.0,1.2,1.2,1.4,1.6,,,,,2017,2017
2814,2469.0,UTTAR PRADESH,24.3,24.5,7.1,7.2,1197.0,1248.0,0.2,0.3,1.38,1.44,,,,,2017,2017
2815,2470.0,UTTAR PRADESH,24.6,24.7,7.2,7.3,1578.0,1686.0,0.3,0.4,1.41,1.56,,,,,2017,2017
2816,2471.0,UTTAR PRADESH,22.0,28.0,6.9,8.1,496.0,1104.0,2.4,3.6,,0.22,26.0,40.0,70.0,80.0,2017,2017
2817,2472.0,UTTAR PRADESH,18.0,19.0,7.2,7.5,710.0,740.0,,,2.8,3.8,2.0,2.0,2.0,2.0,2017,2017
2818,2473.0,UTTAR PRADESH,16.0,18.0,7.4,7.7,760.0,780.0,,,3.2,3.5,2.0,2.0,2.0,2.0,2017,2017
2819,2474.0,UTTAR PRADESH,18.0,21.0,4.8,7.8,852.0,891.0,,,0.16,0.18,2.0,2.0,2.0,2.0,2017,2017
2820,2475.0,UTTAR PRADESH,20.0,22.0,8.0,8.0,759.0,971.0,,,0.2,0.24,2.0,2.0,2.0,2.0,2017,2017
2821,2479.0,UTTAR PRADESH,24.0,28.0,7.0,7.2,266.0,282.0,0.2,0.5,0.05,0.08,2.0,2.0,50.0,90.0,2017,2017
2822,2480.0,UTTAR PRADESH,21.0,22.0,7.1,7.4,375.0,450.0,0.0,0.0,,,,,,,2017,2017
2823,2481.0,UTTAR PRADESH,17.0,19.0,7.3,7.5,540.0,612.0,0.0,0.0,,,2.0,2.0,2.0,2.0,2017,2017
2824,1748.0,UTTARAKHAND,22.2,26.0,7.2,7.4,250.0,330.0,1.2,1.4,,,,,,,2017,2017
2825,3440.0,UTTARAKHAND,25.0,25.0,7.1,7.1,440.0,440.0,1.2,1.2,,,,,,,2017,2017
2826,3441.0,UTTARAKHAND,24.0,26.0,7.0,7.2,416.0,490.0,1.2,1.4,,,,,,,2017,2017
2827,3442.0,UTTARAKHAND,23.0,26.0,7.5,7.7,260.0,310.0,1.2,1.6,,,,,,,2017,2017
2828,3443.0,UTTARAKHAND,24.0,25.0,7.4,7.5,270.0,270.0,1.2,1.4,,,,,,,2017,2017
2829,3444.0,UTTARAKHAND,25.0,25.0,7.2,7.2,260.0,260.0,1.2,1.2,,,,,,,2017,2017
2830,3445.0,UTTARAKHAND,22.1,26.0,6.8,7.3,260.0,286.0,1.0,1.4,,,,,,,2017,2017
2831,3446.0,UTTARAKHAND,26.8,26.8,7.3,7.3,470.0,470.0,1.2,1.2,,,,,,,2017,2017
2832,3447.0,UTTARAKHAND,24.0,26.0,7.2,7.4,360.0,490.0,1.6,2.0,,,,,,,2017,2017
2833,3448.0,UTTARAKHAND,24.7,26.0,7.2,7.5,350.0,420.0,1.4,1.4,,,,,,,2017,2017
2834,3449.0,UTTARAKHAND,23.0,26.0,7.2,7.4,290.0,340.0,1.2,1.4,,,,,,,2017,2017
2835,3450.0,UTTARAKHAND,,,7.1,7.1,412.0,412.0,,,,,,,,,2017,2017
2836,3451.0,UTTARAKHAND,,,7.4,7.4,984.0,984.0,,,,,,,,,2017,2017
2837,3452.0,UTTARAKHAND,,,7.3,7.3,1610.0,1610.0,,,,,,,,,2017,2017
2838,3453.0,UTTARAKHAND,,,7.2,7.2,1138.0,1138.0,,,,,,,,,2017,2017
2839,3456.0,UTTARAKHAND,16.0,17.0,7.1,7.2,172.0,176.0,,,,,,,2.0,2.0,2017,2017
2840,3457.0,UTTARAKHAND,16.0,17.0,7.2,7.3,184.0,188.0,,,,,,,2.0,2.0,2017,2017
2841,1766.0,WEST BENGAL,34.0,34.0,8.4,8.5,729.0,804.0,0.4,0.6,0.19,0.86,2.0,2.0,2.0,2.0,2017,2017
2842,1767.0,WEST BENGAL,26.0,26.0,7.2,8.0,327.0,1108.0,0.7,1.0,0.71,0.78,2.0,2.0,2.0,2.0,2017,2017
2843,1768.0,WEST BENGAL,24.0,26.0,7.3,7.8,665.0,864.0,0.7,1.2,0.91,0.99,2.0,17.0,2.0,33.0,2017,2017
2844,1769.0,WEST BENGAL,34.0,34.0,7.5,7.8,1830.0,1870.0,0.7,0.8,0.03,0.07,2.0,2.0,2.0,2.0,2017,2017
2845,1770.0,WEST BENGAL,34.0,34.0,7.5,7.7,1890.0,2000.0,0.5,0.5,0.18,0.24,2.0,2.0,2.0,2.0,2017,2017
2846,1771.0,WEST BENGAL,27.0,28.0,7.4,7.5,791.0,804.0,0.0,1.1,1.23,1.32,2.0,2.0,2.0,2.0,2017,2017
2847,1772.0,WEST BENGAL,28.0,29.0,7.1,7.9,368.0,947.0,1.2,1.9,0.72,2.55,2.0,2.0,2.0,2.0,2017,2017
2848,1773.0,WEST BENGAL,27.0,29.0,7.2,7.6,1890.0,1928.0,1.7,4.7,0.17,0.25,2.0,170.0,2.0,300.0,2017,2017
2849,1774.0,WEST BENGAL,28.0,28.0,7.2,7.3,1691.0,1846.0,1.4,4.9,0.16,0.18,2.0,2.0,2.0,2.0,2017,2017
2850,1775.0,WEST BENGAL,28.0,29.0,7.3,7.4,1861.0,2113.0,1.8,2.0,0.1,0.17,2.0,2.0,2.0,4.0,2017,2017
2851,1776.0,WEST BENGAL,28.0,30.0,7.2,7.8,1263.0,1991.0,1.9,2.0,0.08,0.11,2.0,2.0,2.0,2.0,2017,2017
2852,1777.0,WEST BENGAL,28.0,28.0,7.6,8.3,917.0,1023.0,1.0,4.7,0.25,0.3,2.0,2.0,2.0,2.0,2017,2017
2853,1778.0,WEST BENGAL,29.0,29.0,7.7,8.0,676.0,786.0,0.4,1.6,0.2,0.24,2.0,2.0,2.0,2.0,2017,2017
2854,1779.0,WEST BENGAL,27.0,28.0,7.6,7.7,1077.0,1096.0,2.1,2.3,0.03,0.06,2.0,2.0,2.0,2.0,2017,2017
2855,1813.0,WEST BENGAL,27.5,28.0,7.2,8.2,758.0,778.0,0.4,0.8,0.03,0.13,2.0,2.0,2.0,2.0,2017,2017
2856,1931.0,WEST BENGAL,28.0,29.0,7.6,7.6,1474.0,2336.0,1.3,1.6,0.32,0.38,2.0,130.0,2.0,500.0,2017,2017
2857,1932.0,WEST BENGAL,28.0,28.0,7.6,7.8,621.0,1112.0,0.4,0.9,0.18,0.3,2.0,80.0,2.0,240.0,2017,2017
2858,1933.0,WEST BENGAL,27.0,28.5,7.5,7.5,1161.0,1256.0,0.9,1.3,0.14,0.2,4.0,8.0,8.0,13.0,2017,2017
2859,1934.0,WEST BENGAL,27.0,28.5,7.4,7.7,2255.0,2390.0,0.5,2.6,0.14,0.23,2.0,2.0,2.0,2.0,2017,2017
2860,1935.0,WEST BENGAL,29.0,30.0,7.6,7.9,1421.0,1576.0,0.6,1.3,0.11,0.14,2.0,2.0,2.0,9.0,2017,2017
2861,1936.0,WEST BENGAL,28.0,31.0,7.5,8.0,880.0,1496.0,1.4,1.9,0.11,0.26,2.0,2.0,2.0,2.0,2017,2017
2862,1937.0,WEST BENGAL,28.0,28.0,7.4,7.5,2219.0,2457.0,1.7,4.7,0.22,0.3,2.0,2.0,2.0,2.0,2017,2017
2863,1938.0,WEST BENGAL,28.0,32.0,8.0,8.3,1774.0,1791.0,0.3,1.7,4.05,7.72,2.0,2.0,2.0,2.0,2017,2017
2864,1939.0,WEST BENGAL,28.0,29.0,7.5,7.8,363.0,374.0,0.7,1.7,0.12,0.13,2.0,2.0,2.0,2.0,2017,2017
2865,1940.0,WEST BENGAL,28.0,28.0,7.5,7.7,524.0,547.0,0.7,1.0,0.08,0.14,2.0,2.0,2.0,2.0,2017,2017
2866,1941.0,WEST BENGAL,27.0,27.5,7.3,7.3,305.0,397.0,0.6,1.0,0.36,0.49,2.0,2.0,2.0,2.0,2017,2017
2867,1942.0,WEST BENGAL,32.0,34.0,7.7,7.9,1355.0,1390.0,0.2,0.3,0.09,0.45,2.0,2.0,2.0,2.0,2017,2017
2868,1943.0,WEST BENGAL,30.5,32.0,7.2,7.2,433.0,487.0,0.6,0.9,0.04,0.05,2.0,2.0,2.0,2.0,2017,2017
2869,1944.0,WEST BENGAL,30.0,30.0,6.5,6.9,113.0,117.0,0.4,0.9,0.62,0.79,2.0,2.0,2.0,2.0,2017,2017
2870,1945.0,WEST BENGAL,22.0,24.0,7.2,7.4,598.0,599.0,0.7,0.8,0.12,0.22,2.0,2.0,2.0,2.0,2017,2017
2871,2510.0,WEST BENGAL,28.0,28.5,7.7,8.1,990.0,1061.0,0.2,0.7,0.03,0.1,2.0,2.0,2.0,2.0,2017,2017
2872,2515.0,WEST BENGAL,28.0,28.0,7.7,7.9,577.0,596.0,1.1,1.6,0.04,0.75,2.0,2.0,2.0,2.0,2017,2017
2873,2516.0,WEST BENGAL,28.0,28.0,7.7,7.7,744.0,759.0,0.8,2.9,0.12,0.76,2.0,2.0,2.0,2.0,2017,2017
2874,2526.0,WEST BENGAL,24.0,27.0,6.1,6.4,100.0,126.0,1.1,1.4,0.42,0.46,60.0,170.0,140.0,350.0,2017,2017
2875,2528.0,WEST BENGAL,28.0,29.5,7.4,7.5,419.0,465.0,1.3,2.2,0.65,0.87,2.0,7.0,2.0,12.0,2017,2017
2876,2529.0,WEST BENGAL,28.0,28.5,7.1,7.1,908.0,1072.0,0.9,1.4,0.26,0.42,2.0,4.0,2.0,6.0,2017,2017
2877,2530.0,WEST BENGAL,65.0,68.0,9.0,9.4,537.0,568.0,1.1,1.1,0.41,0.6,2.0,2.0,2.0,2.0,2017,2017
2878,2533.0,WEST BENGAL,29.0,29.0,7.2,7.3,709.0,841.0,0.9,0.9,0.35,0.81,6.0,21.0,11.0,33.0,2017,2017
2879,2535.0,WEST BENGAL,29.0,35.0,7.3,7.3,484.0,538.0,1.2,1.6,0.26,0.93,2.0,2.0,2.0,2.0,2017,2017
2880,2536.0,WEST BENGAL,28.0,28.5,6.9,6.9,860.0,932.0,1.3,1.9,0.67,1.1,2.0,4.0,2.0,9.0,2017,2017
2881,2537.0,WEST BENGAL,27.0,29.0,6.1,6.5,528.0,824.0,0.9,1.5,0.31,1.18,2.0,2.0,2.0,2.0,2017,2017
2882,2538.0,WEST BENGAL,28.0,28.0,7.0,7.1,334.0,418.0,1.2,1.8,0.45,1.1,2.0,6.0,2.0,11.0,2017,2017
2883,2540.0,WEST BENGAL,30.0,31.0,7.1,7.1,1336.0,2019.0,0.9,1.2,0.05,0.55,2.0,2.0,2.0,2.0,2017,2017
2884,2542.0,WEST BENGAL,30.0,32.0,6.5,7.0,1021.0,1284.0,1.1,1.3,0.67,0.96,2.0,4.0,2.0,7.0,2017,2017
2885,2543.0,WEST BENGAL,30.0,30.0,7.5,7.9,171.0,178.0,0.7,1.0,0.89,0.96,2.0,2.0,2.0,2.0,2017,2017
2886,2545.0,WEST BENGAL,29.0,34.0,7.0,7.1,1457.0,1703.0,0.9,1.6,0.59,1.28,2.0,2.0,2.0,2.0,2017,2017
2887,2546.0,WEST BENGAL,29.0,34.0,7.6,8.2,928.0,1066.0,0.6,2.2,0.07,0.1,2.0,2.0,2.0,4.0,2017,2017
2888,2547.0,WEST BENGAL,27.0,27.0,7.4,8.2,1906.0,10380.0,1.0,6.3,0.51,0.64,2.0,8.0,2.0,14.0,2017,2017
2889,2548.0,WEST BENGAL,29.0,29.0,7.9,8.7,356.0,2250.0,1.4,2.6,0.07,0.17,2.0,22.0,2.0,80.0,2017,2017
2890,3148.0,BIHAR,29.0,29.0,8.6,8.6,1190.0,1190.0,,,,,2.0,2.0,2.0,2.0,2018,2018
2891,3149.0,BIHAR,26.0,30.0,7.0,7.0,505.0,766.0,,,,0.2,2.0,2.0,2.0,2.0,2018,2018
2892,3150.0,BIHAR,23.0,24.0,7.2,7.8,559.0,600.0,,,0.1,3.7,2.0,2.0,2.0,2.0,2018,2018
2893,3151.0,BIHAR,23.0,29.0,7.0,7.5,464.0,511.0,,,0.1,0.2,2.0,2.0,2.0,2.0,2018,2018
2894,3152.0,BIHAR,23.0,28.0,7.4,7.5,464.0,480.0,,,,0.2,2.0,2.0,2.0,2.0,2018,2018
2895,3153.0,BIHAR,27.0,28.0,7.0,7.2,478.0,601.0,,,,0.5,2.0,2.0,2.0,2.0,2018,2018
2896,3154.0,BIHAR,26.0,27.0,7.0,7.0,504.0,841.0,,,0.1,0.3,2.0,2.0,2.0,2.0,2018,2018
2897,3155.0,BIHAR,29.0,29.0,7.0,7.2,198.0,303.0,,,,1.0,2.0,2.0,2.0,2.0,2018,2018
2898,3156.0,BIHAR,30.0,30.0,7.2,7.2,736.0,736.0,,,,,,,,,2018,2018
2899,3157.0,BIHAR,28.0,29.0,7.0,7.1,717.0,872.0,,,,6.3,2.0,2.0,2.0,2.0,2018,2018
2900,3158.0,BIHAR,26.0,29.0,7.0,7.0,598.0,889.0,,,0.1,0.2,2.0,2.0,2.0,2.0,2018,2018
2901,3159.0,BIHAR,22.0,23.0,7.2,7.2,780.0,1460.0,,,0.1,8.6,2.0,2.0,2.0,2.0,2018,2018
2902,3161.0,BIHAR,28.0,28.0,6.9,7.5,256.0,264.0,,,,2.7,2.0,2.0,2.0,2.0,2018,2018
2903,3162.0,BIHAR,21.0,22.0,7.1,7.2,804.0,822.0,,,,0.2,2.0,2.0,2.0,2.0,2018,2018
2904,2039.0,CHANDIGARH,22.0,25.0,7.0,7.6,878.0,938.0,1.0,1.0,1.7,5.9,2.0,2.0,7.0,7.0,2018,2018
2905,2040.0,CHANDIGARH,22.0,22.0,7.0,7.0,853.0,853.0,1.0,1.0,1.6,1.6,22.0,22.0,26.0,26.0,2018,2018
2906,2041.0,CHANDIGARH,22.0,24.0,7.0,7.3,863.0,905.0,1.0,1.0,4.7,5.2,2.0,2.0,2.0,2.0,2018,2018
2907,2042.0,CHANDIGARH,21.0,24.0,7.2,7.4,662.0,721.0,1.0,1.0,4.6,4.9,2.0,2.0,2.0,2.0,2018,2018
2908,2043.0,CHANDIGARH,22.0,24.0,7.0,7.2,1181.0,1210.0,1.0,2.0,0.4,1.0,11.0,11.0,32.0,32.0,2018,2018
2909,2044.0,CHANDIGARH,23.0,24.0,7.2,7.3,664.0,1210.0,1.0,2.0,1.0,2.6,11.0,84.0,32.0,94.0,2018,2018
2910,2045.0,CHANDIGARH,22.0,24.0,7.6,7.6,746.0,753.0,1.0,1.0,2.5,2.8,2.0,34.0,2.0,39.0,2018,2018
2911,1620.0,CHHATTISGARH,24.0,30.0,7.4,7.5,446.0,456.0,,,,,,,2.0,2.0,2018,2018
2912,1621.0,CHHATTISGARH,25.0,28.0,7.3,7.4,436.0,458.0,,,,,,,2.0,2.0,2018,2018
2913,1622.0,CHHATTISGARH,30.0,33.0,7.5,7.5,412.0,430.0,0.1,0.1,0.3,0.5,,,2.0,2.0,2018,2018
2914,1623.0,CHHATTISGARH,27.0,30.0,7.5,7.5,432.0,451.0,0.1,0.2,0.3,0.3,,,2.0,2.0,2018,2018
2915,3171.0,CHHATTISGARH,23.0,23.0,7.2,7.4,,,,,,,,,,,2018,2018
2916,3172.0,CHHATTISGARH,7.0,27.0,7.1,7.2,0.0,0.0,0.4,0.6,,,,,,,2018,2018
2917,3173.0,CHHATTISGARH,26.0,27.0,7.2,7.2,,,0.4,0.4,,1.0,,,,,2018,2018
2918,3174.0,CHHATTISGARH,26.0,27.0,7.2,26.2,,,0.2,0.4,,,,,,,2018,2018
2919,1440.0,"DAMAN & DIU, DADRA & NAGAR HAVELI",30.0,31.0,7.2,7.5,430.0,434.0,2.0,2.0,2.4,6.0,12.0,33.0,15.0,84.0,2018,2018
2920,2448.0,"DAMAN & DIU, DADRA & NAGAR HAVELI",31.0,31.0,7.2,7.2,437.0,468.0,1.0,3.0,5.8,7.4,22.0,70.0,94.0,280.0,2018,2018
2921,2449.0,"DAMAN & DIU, DADRA & NAGAR HAVELI",30.0,30.0,7.2,7.4,590.0,604.0,3.0,3.0,1.4,1.8,94.0,220.0,170.0,540.0,2018,2018
2922,2450.0,"DAMAN & DIU, DADRA & NAGAR HAVELI",31.0,31.0,7.0,7.4,576.0,586.0,1.0,2.0,1.4,2.6,130.0,350.0,430.0,920.0,2018,2018
2923,2451.0,"DAMAN & DIU, DADRA & NAGAR HAVELI",30.0,30.0,7.3,7.4,1092.0,1128.0,1.0,5.0,2.1,6.1,9.0,22.0,26.0,94.0,2018,2018
2924,2452.0,"DAMAN & DIU, DADRA & NAGAR HAVELI",30.0,31.0,7.3,7.3,955.0,974.0,2.0,4.0,1.2,5.8,130.0,220.0,350.0,540.0,2018,2018
2925,2453.0,"DAMAN & DIU, DADRA & NAGAR HAVELI",30.0,31.0,7.5,7.6,641.0,662.0,1.0,4.0,0.9,1.0,70.0,540.0,350.0,1600.0,2018,2018
2926,2454.0,"DAMAN & DIU, DADRA & NAGAR HAVELI",30.0,31.0,7.2,7.4,398.0,428.0,1.0,3.0,0.6,0.8,280.0,350.0,920.0,920.0,2018,2018
2927,2455.0,"DAMAN & DIU, DADRA & NAGAR HAVELI",30.0,31.0,7.3,7.5,1098.0,1128.0,1.0,3.0,0.7,0.7,79.0,540.0,240.0,1600.0,2018,2018
2928,2456.0,"DAMAN & DIU, DADRA & NAGAR HAVELI",30.0,30.0,7.3,7.4,1064.0,1157.0,1.0,3.0,1.4,2.1,120.0,220.0,350.0,540.0,2018,2018
2929,2457.0,"DAMAN & DIU, DADRA & NAGAR HAVELI",30.0,30.0,7.0,7.2,760.0,792.0,1.0,4.0,0.6,0.8,8.0,17.0,39.0,42.0,2018,2018
2930,2458.0,"DAMAN & DIU, DADRA & NAGAR HAVELI",30.0,31.0,7.5,7.7,1210.0,1385.0,2.0,4.0,0.8,1.3,80.0,94.0,170.0,240.0,2018,2018
2931,3477.0,DELHI,,,7.8,7.8,2870.0,2870.0,,,,,2.0,2.0,2.0,2.0,2018,2018
2932,3479.0,DELHI,,,7.6,7.8,1717.0,2730.0,,,37.0,551.3,23.0,46.0,46.0,110.0,2018,2018
2933,3480.0,DELHI,,,8.0,8.0,3390.0,3390.0,,,,,2.0,2.0,11.0,11.0,2018,2018
2934,3483.0,DELHI,,,7.6,7.6,2040.0,2040.0,,,2.4,2.4,2.0,2.0,2.0,2.0,2018,2018
2935,3485.0,DELHI,,,7.9,7.9,1350.0,1350.0,,,24.8,24.8,2.0,2.0,4.0,4.0,2018,2018
2936,3488.0,DELHI,,,7.1,7.7,1220.0,1260.0,,,58.0,78.0,2.0,49.0,33.0,49.0,2018,2018
2937,3489.0,DELHI,,,,,6230.0,6230.0,,,3.3,3.3,2.0,2.0,510.0,510.0,2018,2018
2938,3490.0,DELHI,,,7.2,7.5,473.0,724.0,,,38.4,67.5,2.0,5.0,5.0,17.0,2018,2018
2939,3492.0,DELHI,,,,,6150.0,6150.0,,,,,2.0,2.0,2.0,2.0,2018,2018
2940,3493.0,DELHI,,,,,1608.0,1608.0,,,,,2.0,2.0,2.0,2.0,2018,2018
2941,3494.0,DELHI,,,7.7,7.7,787.0,816.0,,,,6.1,130.0,200.0,240.0,330.0,2018,2018
2942,3496.0,DELHI,,,7.5,7.5,1200.0,1200.0,,,7.8,7.8,2.0,2.0,6.0,6.0,2018,2018
2943,3498.0,DELHI,,,7.5,7.5,936.0,936.0,1.0,1.0,27.8,27.8,2.0,2.0,130.0,130.0,2018,2018
2944,3500.0,DELHI,,,7.8,7.8,1140.0,1140.0,,,,,4900.0,4900.0,17000.0,17000.0,2018,2018
2945,3503.0,DELHI,,,7.4,7.4,792.0,792.0,,,3.8,3.8,4.0,4.0,13.0,13.0,2018,2018
2946,3514.0,DELHI,,,,,1150.0,1150.0,,,21.8,21.8,27.0,27.0,170.0,170.0,2018,2018
2947,3515.0,DELHI,,,7.6,7.6,2530.0,2530.0,,,38.6,38.6,9.0,9.0,79.0,79.0,2018,2018
2948,3516.0,DELHI,,,,,1825.0,1825.0,,,,,920.0,920.0,1600.0,1600.0,2018,2018
2949,3517.0,DELHI,,,,,2890.0,2890.0,,,258.9,258.9,39.0,39.0,920.0,920.0,2018,2018
2950,3518.0,DELHI,,,7.7,7.7,1375.0,1375.0,,,73.0,73.0,2.0,2.0,2.0,2.0,2018,2018
2951,3520.0,DELHI,,,6.8,6.8,1450.0,1450.0,,,51.1,51.1,2.0,2.0,2.0,2.0,2018,2018
2952,3523.0,DELHI,,,7.1,7.9,2900.0,3060.0,,,6.0,7.0,2.0,2.0,2.0,2.0,2018,2018
2953,3525.0,DELHI,,,7.4,7.4,3690.0,3690.0,,,67.6,67.6,2.0,2.0,5.0,5.0,2018,2018
2954,3526.0,DELHI,,,,,1141.0,1141.0,,,,,2.0,2.0,2.0,2.0,2018,2018
2955,3528.0,DELHI,,,7.6,7.6,5950.0,5950.0,,,11.9,11.9,4.0,4.0,43.0,43.0,2018,2018
2956,3531.0,DELHI,,,7.6,7.9,86.0,3130.0,,,,24.7,2.0,2.0,2.0,200.0,2018,2018
2957,3534.0,DELHI,,,7.9,7.9,1635.0,1635.0,,,92.0,92.0,170.0,170.0,920.0,920.0,2018,2018
2958,3535.0,DELHI,,,7.3,7.4,415.0,559.0,,,,4.6,2.0,450.0,2.0,4000.0,2018,2018
2959,3536.0,DELHI,,,7.4,7.7,1286.0,1320.0,,,53.8,70.0,2.0,7.0,33.0,49.0,2018,2018
2960,3537.0,DELHI,,,7.2,7.8,2170.0,2210.0,,,6.7,15.0,2.0,2.0,2.0,2.0,2018,2018
2961,3543.0,DELHI,,,,,1380.0,1380.0,,,,,79.0,79.0,79.0,79.0,2018,2018
2962,3546.0,DELHI,,,7.8,7.8,1680.0,1680.0,,,91.0,91.0,11.0,11.0,33.0,33.0,2018,2018
2963,2277.0,GOA,29.0,30.0,6.7,6.8,292.0,522.0,0.5,2.6,0.5,1.7,2.0,2.0,2.0,2.0,2018,2018
2964,2278.0,GOA,29.0,29.0,6.5,7.1,84.0,106.0,1.4,2.0,1.3,1.4,2.0,2.0,2.0,2.0,2018,2018
2965,2280.0,GOA,29.0,31.0,6.7,6.7,279.0,290.0,0.1,0.6,0.1,0.3,,,2.0,2.0,2018,2018
2966,2281.0,GOA,30.0,30.0,5.5,6.0,69.0,119.0,0.4,0.8,0.1,1.2,13.0,790.0,23.0,2400.0,2018,2018
2967,2282.0,GOA,28.0,32.0,6.6,8.3,247.0,363.0,1.1,2.0,,0.1,5.0,5.0,2.0,13.0,2018,2018
2968,3192.0,GOA,32.0,32.0,6.6,6.6,247.0,247.0,2.0,2.0,0.1,0.1,,,2.0,2.0,2018,2018
2969,3193.0,GOA,28.0,32.0,6.8,7.0,419.0,436.0,0.6,5.4,,0.6,2.0,2.0,2.0,2.0,2018,2018
2970,3194.0,GOA,30.0,31.0,5.9,6.6,97.0,179.0,0.7,2.7,1.8,2.1,2.0,130.0,4.0,220.0,2018,2018
2971,3195.0,GOA,29.0,30.0,6.2,6.4,70.0,95.0,0.9,1.7,0.7,0.9,2.0,2.0,2.0,2.0,2018,2018
2972,3.0,GUJARAT,18.0,30.0,7.7,8.0,1330.0,1336.0,1.3,1.8,1.4,2.3,2.0,2.0,2.0,2.0,2018,2018
2973,6.0,GUJARAT,0.0,29.0,8.2,8.5,471.0,484.0,0.0,0.3,0.5,0.6,2.0,2.0,2.0,2.0,2018,2018
2974,1226.0,GUJARAT,33.0,33.0,8.1,8.6,320.0,390.0,1.3,1.5,0.4,0.6,2.0,2.0,2.0,2.0,2018,2018
2975,1948.0,GUJARAT,28.0,30.0,8.0,8.1,1460.0,1650.0,1.6,1.6,0.2,0.2,2.0,2.0,2.0,2.0,2018,2018
2976,1949.0,GUJARAT,28.0,31.0,8.0,8.1,1200.0,1320.0,1.4,1.8,0.2,0.4,2.0,2.0,2.0,2.0,2018,2018
2977,1950.0,GUJARAT,23.0,26.0,7.6,8.0,1190.0,1530.0,0.4,0.4,0.9,1.6,2.0,2.0,2.0,2.0,2018,2018
2978,1951.0,GUJARAT,28.0,28.0,7.9,7.9,1210.0,1210.0,0.5,0.5,,1.8,2.0,2.0,2.0,2.0,2018,2018
2979,1953.0,GUJARAT,26.0,26.0,7.8,7.8,1020.0,1020.0,0.4,0.4,,0.3,2.0,2.0,2.0,2.0,2018,2018
2980,1954.0,GUJARAT,29.0,29.0,7.6,7.6,3740.0,3740.0,1.3,1.3,3.1,3.1,2.0,2.0,2.0,2.0,2018,2018
2981,1955.0,GUJARAT,30.0,30.0,7.4,7.7,1365.0,1395.0,1.4,1.6,1.4,2.0,2.0,2.0,2.0,2.0,2018,2018
2982,1956.0,GUJARAT,28.0,30.0,7.4,8.0,605.0,2873.0,1.2,1.6,1.0,4.2,2.0,2.0,2.0,2.0,2018,2018
2983,1957.0,GUJARAT,27.0,27.0,7.5,8.6,1628.0,1818.0,1.6,1.7,0.5,1.3,2.0,2.0,2.0,2.0,2018,2018
2984,1958.0,GUJARAT,28.0,28.0,8.1,8.1,814.0,814.0,1.4,1.4,2.2,2.2,2.0,2.0,2.0,2.0,2018,2018
2985,1959.0,GUJARAT,25.0,25.0,7.8,8.2,1728.0,1768.0,0.3,0.4,0.4,0.7,2.0,2.0,2.0,2.0,2018,2018
2986,1960.0,GUJARAT,30.0,30.0,8.0,8.4,817.0,977.0,0.3,0.4,0.4,0.7,2.0,2.0,2.0,2.0,2018,2018
2987,1961.0,GUJARAT,30.0,30.0,7.2,8.1,1051.0,1098.0,0.4,0.4,0.5,0.6,2.0,2.0,2.0,2.0,2018,2018
2988,1962.0,GUJARAT,28.0,29.0,7.1,7.3,3520.0,3760.0,0.9,5.0,0.1,0.7,2.0,2.0,2.0,2.0,2018,2018
2989,1963.0,GUJARAT,31.0,32.0,7.3,7.5,3890.0,4230.0,0.4,5.0,0.3,0.5,2.0,2.0,2.0,2.0,2018,2018
2990,1965.0,GUJARAT,32.0,32.0,8.1,8.5,1377.0,2328.0,0.8,1.2,,0.1,2.0,9.0,8.0,45.0,2018,2018
2991,1966.0,GUJARAT,32.0,32.0,7.3,8.2,835.0,2178.0,0.8,1.4,0.1,0.1,3.0,120.0,42.0,348.0,2018,2018
2992,1967.0,GUJARAT,26.0,27.0,7.1,7.2,335.0,1636.0,2.3,2.3,0.3,0.5,2.0,2.0,2.0,2.0,2018,2018
2993,1968.0,GUJARAT,26.0,27.0,7.3,7.8,671.0,1593.0,1.9,2.9,0.1,0.4,2.0,2.0,2.0,2.0,2018,2018
2994,1969.0,GUJARAT,28.0,29.0,7.2,7.6,772.0,907.0,2.0,2.7,0.5,1.0,2.0,2.0,2.0,2.0,2018,2018
2995,1970.0,GUJARAT,27.0,27.0,7.4,7.8,620.0,754.0,2.0,2.3,0.2,0.3,2.0,2.0,2.0,2.0,2018,2018
2996,2083.0,GUJARAT,26.0,30.0,7.1,8.9,2417.0,3026.0,1.1,1.9,0.2,8.4,2.0,2.0,2.0,2.0,2018,2018
2997,2084.0,GUJARAT,28.0,32.0,8.1,8.3,1187.0,2858.0,1.2,2.1,,0.7,2.0,12.0,2.0,22.0,2018,2018
2998,2085.0,GUJARAT,28.0,28.0,7.7,7.7,1987.0,1987.0,1.5,1.5,,1.1,2.0,2.0,2.0,2.0,2018,2018
2999,2087.0,GUJARAT,32.0,32.0,7.5,8.1,508.0,4555.0,0.9,2.2,,0.2,8.0,9.0,2.0,64.0,2018,2018
3000,2088.0,GUJARAT,32.0,32.0,7.4,7.5,8571.0,9018.0,0.9,2.2,0.1,0.1,2.0,13.0,8.0,83.0,2018,2018
3001,2089.0,GUJARAT,30.0,30.0,8.1,8.1,2780.0,2780.0,1.5,1.5,0.1,0.1,9.0,9.0,34.0,34.0,2018,2018
3002,2090.0,GUJARAT,31.0,32.0,7.3,7.5,10580.0,15260.0,0.9,2.2,0.1,0.2,9.0,14.0,48.0,66.0,2018,2018
3003,2091.0,GUJARAT,30.0,31.0,8.1,8.1,607.0,1792.0,0.9,1.2,0.1,0.1,2.0,9.0,2.0,63.0,2018,2018
3004,2093.0,GUJARAT,32.0,32.0,7.6,8.1,1619.0,1668.0,0.8,2.0,0.1,0.1,6.0,120.0,42.0,346.0,2018,2018
3005,2094.0,GUJARAT,32.0,32.0,7.2,7.4,4360.0,6420.0,0.3,0.9,0.2,0.5,2.0,2.0,2.0,2.0,2018,2018
3006,2095.0,GUJARAT,27.0,28.0,7.1,7.3,1900.0,2067.0,0.2,0.5,1.1,1.5,2.0,2.0,2.0,2.0,2018,2018
3007,2096.0,GUJARAT,28.0,29.0,7.3,7.5,4563.0,4572.0,1.2,1.5,0.7,2.4,2.0,2.0,2.0,2.0,2018,2018
3008,2097.0,GUJARAT,28.0,29.0,7.8,7.9,3990.0,4634.0,1.1,1.4,1.2,2.3,2.0,2.0,2.0,2.0,2018,2018
3009,2098.0,GUJARAT,18.0,30.0,7.3,7.7,2889.0,3123.0,1.2,1.5,1.5,2.1,2.0,2.0,2.0,2.0,2018,2018
3010,3207.0,GUJARAT,33.0,33.0,7.2,7.8,1610.0,1610.0,0.2,0.3,0.4,0.4,2.0,2.0,2.0,2.0,2018,2018
3011,3208.0,GUJARAT,26.0,26.0,7.2,7.4,7.0,634.0,2.3,2.3,0.3,0.5,2.0,2.0,2.0,2.0,2018,2018
3012,3209.0,GUJARAT,28.0,29.0,7.3,7.4,971.0,1378.0,1.9,2.6,0.3,0.3,2.0,2.0,2.0,2.0,2018,2018
3013,3210.0,GUJARAT,32.0,33.0,7.6,7.7,3366.0,3532.0,1.1,1.8,0.1,0.2,2.0,9.0,6.0,84.0,2018,2018
3014,3211.0,GUJARAT,32.0,32.0,8.1,8.3,1599.0,1672.0,0.9,1.2,0.1,0.2,2.0,3.0,11.0,64.0,2018,2018
3015,4136.0,PUNJAB,,,6.8,6.9,1316.0,1756.0,0.0,0.0,3.3,7.2,,,,,2018,2018
3016,1999.0,MAHARASHTRA,,,7.8,8.2,880.0,1030.0,3.1,10.0,0.3,0.5,,,,,2018,2018
3017,3212.0,GUJARAT,33.0,33.0,7.4,7.7,2432.0,3267.0,1.1,1.6,1.3,2.3,2.0,2.0,2.0,2.0,2018,2018
3018,3213.0,GUJARAT,34.0,34.0,7.5,7.8,1525.0,1554.0,1.2,1.4,1.3,1.8,2.0,2.0,2.0,2.0,2018,2018
3019,3214.0,GUJARAT,33.0,33.0,7.5,7.5,1674.0,1735.0,1.3,1.8,0.6,1.9,2.0,2.0,2.0,2.0,2018,2018
3020,3215.0,GUJARAT,18.0,32.0,7.3,8.7,5267.0,6251.0,1.1,1.6,,2.7,2.0,2.0,2.0,2.0,2018,2018
3021,4558.0,LAKSHADWEEP,29.8,29.8,,,1975.0,2040.0,,,,,,,,,2019,2019
3022,3216.0,GUJARAT,33.0,34.0,7.3,7.4,2521.0,2883.0,1.6,1.7,1.2,2.1,2.0,2.0,2.0,2.0,2018,2018
3023,3217.0,GUJARAT,33.0,33.0,7.5,7.9,1930.0,2011.0,1.3,1.4,1.6,2.1,2.0,2.0,2.0,2.0,2018,2018
3024,3218.0,GUJARAT,28.0,28.0,7.6,7.6,1508.0,1508.0,1.3,1.3,3.1,3.1,2.0,2.0,2.0,2.0,2018,2018
3025,3219.0,GUJARAT,27.0,27.0,7.3,7.3,1768.0,1768.0,1.2,1.2,2.9,2.9,2.0,2.0,2.0,2.0,2018,2018
3026,2897.0,NAGALAND,27.0,28.0,6.4,6.5,212.0,288.0,,,0.1,0.6,,,,,2018,2018
3027,3220.0,GUJARAT,25.0,25.0,7.6,8.4,2880.0,2880.0,0.3,0.4,0.5,0.8,2.0,2.0,2.0,2.0,2018,2018
3028,3221.0,GUJARAT,31.0,32.0,7.7,7.7,814.0,844.0,0.3,0.9,0.3,0.3,2.0,2.0,2.0,2.0,2018,2018
3029,3222.0,GUJARAT,31.0,32.0,7.6,7.6,4340.0,4660.0,0.3,0.4,0.2,0.5,2.0,2.0,2.0,2.0,2018,2018
3030,3223.0,GUJARAT,27.0,30.0,7.8,8.1,1667.0,1840.0,1.0,1.7,0.8,3.4,2.0,2.0,2.0,2.0,2018,2018
3031,3224.0,GUJARAT,32.0,32.0,7.6,7.8,781.0,985.0,1.5,1.8,1.3,1.8,2.0,2.0,2.0,2.0,2018,2018
3032,3225.0,GUJARAT,28.0,30.0,7.1,8.1,1786.0,1890.0,1.4,1.5,0.7,2.4,2.0,2.0,2.0,2.0,2018,2018
3033,3226.0,GUJARAT,27.0,27.0,7.6,8.6,1628.0,1882.0,1.0,1.3,1.9,2.3,2.0,2.0,2.0,2.0,2018,2018
3034,3227.0,GUJARAT,28.0,30.0,6.9,8.0,1755.0,2037.0,1.2,1.4,0.7,1.5,2.0,2.0,2.0,2.0,2018,2018
3035,3228.0,GUJARAT,30.0,30.0,7.6,8.0,983.0,2870.0,0.3,0.3,0.7,0.7,2.0,2.0,2.0,2.0,2018,2018
3036,3229.0,GUJARAT,30.0,30.0,7.1,8.0,1027.0,1450.0,0.3,0.3,0.6,0.7,2.0,2.0,2.0,2.0,2018,2018
3037,3230.0,GUJARAT,26.0,26.0,7.1,7.5,4750.0,5569.0,0.3,0.4,0.9,1.6,2.0,2.0,2.0,2.0,2018,2018
3038,3231.0,GUJARAT,30.0,32.0,7.3,8.3,2310.0,3690.0,3.4,3.7,2.8,2.9,2.0,2.0,2.0,2.0,2018,2018
3039,3232.0,GUJARAT,31.0,33.0,7.9,8.1,1794.0,2513.0,0.8,1.2,0.1,0.1,4.0,6.0,6.0,42.0,2018,2018
3040,3233.0,GUJARAT,30.0,31.0,8.1,8.3,2046.0,2649.0,0.8,1.2,0.1,0.1,2.0,21.0,4.0,102.0,2018,2018
3041,3234.0,GUJARAT,29.0,29.0,7.0,7.1,8980.0,11360.0,14.0,45.0,0.8,1.0,2.0,2.0,2.0,2.0,2018,2018
3042,3235.0,GUJARAT,29.0,29.0,7.1,7.8,2814.0,3238.0,1.3,1.3,,2.0,2.0,2.0,2.0,2.0,2018,2018
3043,3236.0,GUJARAT,28.0,29.0,7.4,7.6,2015.0,2319.0,1.1,1.2,1.1,2.2,2.0,2.0,2.0,2.0,2018,2018
3044,3237.0,GUJARAT,28.0,29.0,7.1,7.3,5777.0,6412.0,1.6,2.2,0.1,2.7,2.0,2.0,12.0,12.0,2018,2018
3045,3238.0,GUJARAT,30.0,30.0,7.8,8.4,4290.0,4490.0,0.3,0.5,0.5,0.5,2.0,2.0,2.0,2.0,2018,2018
3046,3239.0,GUJARAT,29.0,31.0,8.0,8.1,3090.0,3150.0,0.0,0.4,0.5,0.6,2.0,2.0,2.0,2.0,2018,2018
3047,3240.0,GUJARAT,28.0,28.0,7.3,8.1,2205.0,2540.0,0.1,0.3,1.0,1.7,2.0,2.0,2.0,2.0,2018,2018
3048,3242.0,GUJARAT,28.0,29.0,7.7,8.0,1790.0,1980.0,1.6,2.2,0.2,0.3,2.0,2.0,2.0,2.0,2018,2018
3049,3243.0,GUJARAT,28.0,30.0,8.1,8.2,2740.0,3120.0,2.2,2.2,0.3,0.3,2.0,2.0,2.0,2.0,2018,2018
3050,3244.0,GUJARAT,30.0,33.0,7.0,7.1,3750.0,4510.0,0.8,5.0,0.1,0.6,2.0,2.0,2.0,2.0,2018,2018
3051,3246.0,GUJARAT,27.0,29.0,7.5,7.9,1850.0,1850.0,0.4,0.4,0.3,0.3,2.0,2.0,2.0,2.0,2018,2018
3052,3247.0,GUJARAT,27.0,28.0,7.3,8.3,1700.0,2410.0,0.4,0.4,0.2,0.3,2.0,2.0,2.0,2.0,2018,2018
3053,1555.0,HIMACHAL PRADESH,,,8.3,8.3,535.0,669.0,0.1,0.2,1.1,2.5,2.0,2.0,2.0,2.0,2018,2018
3054,1556.0,HIMACHAL PRADESH,,,7.8,8.1,543.0,562.0,0.1,0.2,1.9,2.8,2.0,2.0,2.0,2.0,2018,2018
3055,1557.0,HIMACHAL PRADESH,,,7.3,7.3,707.0,707.0,0.2,0.2,,0.8,2.0,2.0,2.0,2.0,2018,2018
3056,1558.0,HIMACHAL PRADESH,21.0,21.0,7.5,7.5,1262.0,1262.0,0.5,0.5,,0.1,2.0,2.0,2.0,2.0,2018,2018
3057,1559.0,HIMACHAL PRADESH,21.0,21.0,7.6,7.6,454.0,454.0,0.6,0.6,,0.1,2.0,2.0,2.0,2.0,2018,2018
3058,1560.0,HIMACHAL PRADESH,23.0,23.0,7.4,8.0,540.0,718.0,0.2,0.4,0.5,0.5,2.0,2.0,2.0,2.0,2018,2018
3059,1561.0,HIMACHAL PRADESH,16.0,17.0,7.1,7.8,188.0,626.0,0.1,0.1,0.2,0.5,,,,,2018,2018
3060,1562.0,HIMACHAL PRADESH,14.0,18.0,7.1,8.2,328.0,768.0,0.1,0.2,0.3,2.9,2.0,2.0,49.0,49.0,2018,2018
3061,1872.0,HIMACHAL PRADESH,10.0,19.0,6.8,8.5,98.0,1137.0,1.0,15.0,0.8,30.9,22.0,170.0,70.0,540.0,2018,2018
3062,1873.0,HIMACHAL PRADESH,16.0,17.0,6.6,6.8,319.0,324.0,0.1,0.2,1.4,2.5,4.0,4.0,94.0,94.0,2018,2018
3063,1874.0,HIMACHAL PRADESH,,,7.7,8.3,264.0,537.0,0.4,6.4,0.3,8.5,2.0,17.0,2.0,43.0,2018,2018
3064,1875.0,HIMACHAL PRADESH,22.0,22.0,8.1,8.5,270.0,323.0,1.8,6.0,0.7,0.7,2.0,120.0,5.0,920.0,2018,2018
3065,1877.0,HIMACHAL PRADESH,22.0,22.0,7.4,8.2,664.0,952.0,0.2,0.4,0.3,0.5,2.0,2.0,2.0,2.0,2018,2018
3066,1878.0,HIMACHAL PRADESH,22.0,22.0,7.4,8.0,557.0,628.0,0.2,0.5,0.3,0.3,2.0,2.0,2.0,2.0,2018,2018
3067,1879.0,HIMACHAL PRADESH,23.0,23.0,7.6,8.3,967.0,994.0,0.2,0.5,0.2,0.2,2.0,2.0,2.0,2.0,2018,2018
3068,1880.0,HIMACHAL PRADESH,,,7.7,8.3,505.0,639.0,0.1,0.2,1.2,2.2,2.0,2.0,2.0,3.0,2018,2018
3069,1881.0,HIMACHAL PRADESH,,,7.9,8.0,657.0,686.0,0.2,0.2,1.9,2.2,2.0,2.0,2.0,4.0,2018,2018
3070,1882.0,HIMACHAL PRADESH,14.0,14.0,7.4,8.3,304.0,796.0,0.1,0.2,0.2,0.4,2.0,2.0,70.0,70.0,2018,2018
3071,1883.0,HIMACHAL PRADESH,13.0,13.0,8.2,8.2,533.0,690.0,0.1,0.1,0.3,0.5,,,,,2018,2018
3072,2628.0,HIMACHAL PRADESH,15.0,19.0,7.8,8.5,432.0,626.0,0.0,0.1,,2.1,2.0,2.0,2.0,2.0,2018,2018
3073,2629.0,HIMACHAL PRADESH,24.0,25.0,8.2,8.2,362.0,456.0,0.0,0.1,,,2.0,2.0,2.0,2.0,2018,2018
3074,2630.0,HIMACHAL PRADESH,13.0,18.0,7.1,8.2,306.0,796.0,0.1,0.1,0.3,2.3,2.0,2.0,46.0,46.0,2018,2018
3075,2631.0,HIMACHAL PRADESH,13.0,17.0,7.2,8.1,284.0,788.0,0.1,1.0,0.4,2.7,2.0,2.0,63.0,63.0,2018,2018
3076,2632.0,HIMACHAL PRADESH,17.0,24.0,8.0,8.4,77.0,908.0,0.0,0.1,,0.4,2.0,13.0,2.0,79.0,2018,2018
3077,2633.0,HIMACHAL PRADESH,,,7.3,8.1,100.0,342.0,0.1,1.0,,1.0,,,,,2018,2018
3078,2634.0,HIMACHAL PRADESH,13.0,14.0,7.4,8.0,99.0,326.0,0.5,0.5,0.2,0.6,2.0,2.0,2.0,2.0,2018,2018
3079,2635.0,HIMACHAL PRADESH,,,7.5,7.7,97.0,101.0,0.3,0.6,0.5,1.0,,,,,2018,2018
3080,2636.0,HIMACHAL PRADESH,15.0,16.0,8.1,8.2,484.0,780.0,0.1,0.2,0.2,0.5,,,,,2018,2018
3081,2637.0,HIMACHAL PRADESH,13.0,13.0,7.1,7.1,1125.0,1125.0,0.1,0.1,2.0,2.0,,,,,2018,2018
3082,2638.0,HIMACHAL PRADESH,,,7.4,7.4,151.0,151.0,0.1,0.1,0.4,0.4,2.0,2.0,70.0,70.0,2018,2018
3083,2639.0,HIMACHAL PRADESH,14.0,14.0,7.2,7.8,94.0,134.0,0.1,0.1,0.3,0.3,2.0,2.0,63.0,63.0,2018,2018
3084,2640.0,HIMACHAL PRADESH,15.0,15.0,7.5,8.0,369.0,617.0,0.1,0.1,0.4,0.5,4.0,4.0,70.0,70.0,2018,2018
3085,2645.0,HIMACHAL PRADESH,,,7.7,7.9,582.0,1240.0,0.1,0.1,2.2,7.1,2.0,2.0,2.0,2.0,2018,2018
3086,2646.0,HIMACHAL PRADESH,,,7.5,7.8,853.0,1373.0,0.2,0.2,2.2,5.2,2.0,2.0,2.0,4.0,2018,2018
3087,2647.0,HIMACHAL PRADESH,13.0,14.0,8.2,8.4,639.0,643.0,0.1,0.1,0.2,0.5,2.0,2.0,63.0,63.0,2018,2018
3088,2648.0,HIMACHAL PRADESH,15.0,15.0,8.3,8.3,383.0,383.0,0.0,0.0,,,2.0,2.0,2.0,2.0,2018,2018
3089,2759.0,JAMMU & KASHMIR,16.0,16.0,7.3,7.8,440.0,480.0,,,,0.2,,,,,2018,2018
3090,2760.0,JAMMU & KASHMIR,17.0,21.0,7.3,9.0,280.0,315.0,2.4,2.7,,,,,,,2018,2018
3091,2761.0,JAMMU & KASHMIR,15.0,16.0,7.2,7.2,220.0,385.0,36.0,36.0,,,,,,,2018,2018
3092,2762.0,JAMMU & KASHMIR,16.0,21.0,7.8,8.4,1210.0,1506.0,20.0,20.0,0.3,0.6,,,,,2018,2018
3093,3288.0,JAMMU & KASHMIR,19.0,19.0,7.6,7.6,902.0,902.0,6.1,6.1,,,,,,,2018,2018
3094,3290.0,JAMMU & KASHMIR,18.0,18.0,7.6,7.6,966.0,966.0,1.6,1.6,,,,,,,2018,2018
3095,3291.0,JAMMU & KASHMIR,17.0,17.0,7.6,7.6,969.0,969.0,1.4,1.4,,,,,,,2018,2018
3096,3292.0,JAMMU & KASHMIR,13.0,13.0,7.7,7.7,1000.0,1000.0,2.7,2.7,,,,,,,2018,2018
3097,3564.0,KARNATAKA,27.0,29.0,6.9,7.2,146.0,182.0,2.0,3.0,0.6,1.6,2.0,14.0,2.0,300.0,2018,2018
3098,4093.0,KARNATAKA,28.0,35.0,6.9,7.3,5053.0,5053.0,7.0,18.0,,0.5,2.0,2.0,30.0,70.0,2018,2018
3099,19.0,KERALA,27.0,28.0,5.6,5.8,142.0,181.0,0.9,1.6,,4.1,2.0,400.0,2.0,1200.0,2018,2018
3100,22.0,KERALA,25.0,28.0,6.5,7.3,74.0,120.0,0.5,1.0,0.4,0.7,40.0,310.0,130.0,490.0,2018,2018
3101,35.0,KERALA,24.0,25.0,6.1,6.7,190.0,228.0,1.1,1.2,0.7,0.8,20.0,31.0,120.0,140.0,2018,2018
3102,1581.0,KERALA,31.0,32.0,6.2,6.9,140.0,180.0,0.7,1.8,,10.0,10.0,13.0,34.0,40.0,2018,2018
3103,1582.0,KERALA,31.0,31.0,6.7,7.1,170.0,300.0,0.6,1.1,,15.0,10.0,12.0,35.0,40.0,2018,2018
3104,1583.0,KERALA,26.0,27.0,6.6,6.9,148.0,160.0,1.0,1.1,0.6,0.6,10.0,20.0,58.0,79.0,2018,2018
3105,1584.0,KERALA,28.0,29.0,7.5,8.2,259.0,350.0,0.5,1.3,,0.1,2.0,200.0,10.0,310.0,2018,2018
3106,1585.0,KERALA,28.0,30.0,6.9,7.0,250.0,420.0,2.0,2.4,4.4,10.1,200.0,1100.0,1200.0,2000.0,2018,2018
3107,1586.0,KERALA,28.0,28.0,5.6,5.6,197.0,197.0,3.0,3.0,0.8,0.8,2.0,2.0,20.0,20.0,2018,2018
3108,1587.0,KERALA,26.0,28.0,6.3,7.0,334.0,354.0,0.5,0.6,6.1,7.4,2.0,2100.0,4.0,5400.0,2018,2018
3109,1588.0,KERALA,26.0,29.0,6.2,6.4,210.0,302.0,0.6,0.8,0.3,2.6,250.0,1700.0,490.0,2000.0,2018,2018
3110,1589.0,KERALA,30.0,32.0,6.2,6.3,270.0,398.0,1.2,3.0,0.8,11.0,15.0,23.0,46.0,60.0,2018,2018
3111,1590.0,KERALA,27.0,27.0,6.3,7.7,75.0,92.0,0.5,0.5,0.1,2.0,70.0,140.0,120.0,220.0,2018,2018
3112,1591.0,KERALA,27.0,30.0,5.1,6.7,90.0,100.0,0.5,2.1,0.7,4.9,84.0,310.0,100.0,490.0,2018,2018
3113,1592.0,KERALA,28.0,28.0,6.8,7.9,200.0,320.0,0.5,0.5,1.1,4.0,120.0,1300.0,150.0,1500.0,2018,2018
3114,2308.0,KERALA,27.0,28.0,6.8,7.0,174.0,199.0,0.5,0.5,2.4,5.0,2.0,810.0,2.0,1600.0,2018,2018
3115,2309.0,KERALA,27.0,28.0,6.3,7.5,73.0,87.0,0.5,0.5,,3.2,1000.0,1700.0,2000.0,2600.0,2018,2018
3116,2310.0,KERALA,28.0,28.0,6.7,7.5,146.0,184.0,0.5,0.5,,3.5,2.0,2.0,2.0,2.0,2018,2018
3117,2311.0,KERALA,27.0,29.0,6.5,7.1,80.0,126.0,0.5,0.5,2.0,3.1,400.0,1200.0,790.0,2000.0,2018,2018
3118,2313.0,KERALA,29.0,29.0,7.4,8.3,199.0,311.0,2.6,3.0,,0.1,2.0,170.0,20.0,320.0,2018,2018
3119,2314.0,KERALA,23.0,28.0,6.4,6.6,168.0,185.0,1.2,1.3,0.8,1.0,100.0,100.0,280.0,350.0,2018,2018
3120,2315.0,KERALA,22.0,28.0,7.6,7.8,250.0,262.0,0.0,1.0,0.8,0.9,110.0,120.0,320.0,400.0,2018,2018
3121,2316.0,KERALA,26.0,28.0,6.7,7.5,40.0,306.0,0.5,0.6,,8.7,400.0,1200.0,430.0,1400.0,2018,2018
3122,3989.0,ODISHA,26.0,29.0,7.7,7.8,1365.0,2960.0,1.6,1.7,2.3,4.1,2.0,2.0,2.0,2.0,2018,2018
3123,2317.0,KERALA,28.0,28.0,6.1,7.4,132.0,330.0,0.5,0.5,1.9,2.0,480.0,1100.0,1200.0,1300.0,2018,2018
3124,2320.0,KERALA,30.0,31.0,6.0,6.4,200.0,269.0,0.8,1.2,0.8,11.0,4.0,31.0,20.0,60.0,2018,2018
3125,2321.0,KERALA,27.0,30.0,4.7,5.8,200.0,250.0,0.5,0.5,0.4,1.8,310.0,600.0,790.0,920.0,2018,2018
3126,2322.0,KERALA,29.0,30.0,4.6,5.0,187.0,200.0,0.7,1.6,4.9,11.5,2.0,250.0,2.0,460.0,2018,2018
3127,2323.0,KERALA,26.0,30.0,6.5,6.5,224.0,335.0,0.9,1.2,1.4,3.5,30.0,250.0,790.0,1100.0,2018,2018
3128,2324.0,KERALA,28.0,30.0,5.4,6.0,125.0,142.0,2.1,4.8,2.4,5.0,2.0,8.0,4.0,12.0,2018,2018
3129,2327.0,KERALA,28.0,33.0,6.2,7.5,420.0,670.0,0.5,1.6,0.8,2.8,2.0,20.0,40.0,100.0,2018,2018
3130,3463.0,KERALA,27.0,29.0,6.4,7.0,76.0,81.0,0.5,0.6,1.3,1.4,60.0,250.0,150.0,350.0,2018,2018
3131,3472.0,KERALA,26.0,28.0,7.4,8.0,800.0,1000.0,0.5,2.5,1.0,1.2,200.0,280.0,310.0,310.0,2018,2018
3132,3474.0,KERALA,27.0,28.0,7.3,7.8,90.0,200.0,1.0,1.3,0.7,3.5,100.0,140.0,170.0,200.0,2018,2018
3133,3475.0,KERALA,24.0,27.0,5.8,7.4,97.0,110.0,1.5,1.8,1.0,3.1,100.0,140.0,170.0,200.0,2018,2018
3134,1402.0,LAKSHADWEEP,29.0,30.0,6.5,6.9,979.0,1319.0,,,,,,,,,2018,2018
3135,1593.0,LAKSHADWEEP,29.0,30.0,7.3,7.7,1218.0,1619.0,,,,,,,,,2018,2018
3136,1594.0,LAKSHADWEEP,30.0,30.0,6.7,7.6,2050.0,2190.0,,,,,,,,,2018,2018
3137,1595.0,LAKSHADWEEP,30.0,30.0,6.6,7.5,1042.0,1206.0,,,,,,,,,2018,2018
3138,1596.0,LAKSHADWEEP,30.0,30.0,6.7,7.7,1606.0,1810.0,,,,,,,,,2018,2018
3139,1597.0,LAKSHADWEEP,30.0,30.0,7.1,8.1,832.0,833.0,,,,,,,,,2018,2018
3140,1598.0,LAKSHADWEEP,30.0,30.0,6.7,7.7,792.0,836.0,,,,,,,,,2018,2018
3141,1599.0,LAKSHADWEEP,29.0,30.0,6.3,6.6,1038.0,1078.0,,,,,,,,,2018,2018
3142,1600.0,LAKSHADWEEP,30.0,30.0,6.2,6.5,1170.0,1250.0,,,,,,,,,2018,2018
3143,1601.0,LAKSHADWEEP,30.0,31.0,6.9,7.4,1474.0,2420.0,,,,,,,,,2018,2018
3144,1602.0,LAKSHADWEEP,30.0,30.0,6.8,7.5,1106.0,1220.0,,,,,,,,,2018,2018
3145,1603.0,LAKSHADWEEP,30.0,31.0,6.6,7.2,3100.0,5030.0,,,,,,,,,2018,2018
3146,1604.0,LAKSHADWEEP,30.0,31.0,6.7,6.9,6000.0,7460.0,,,,,,,,,2018,2018
3147,1605.0,LAKSHADWEEP,29.0,31.0,6.8,7.3,1701.0,2370.0,,,,,,,,,2018,2018
3148,1606.0,LAKSHADWEEP,30.0,31.0,6.9,7.7,945.0,1080.0,,,,,,,,,2018,2018
3149,1742.0,UTTAR PRADESH,26.1,26.1,7.3,7.5,456.0,963.0,,,1.0,1.4,68.0,350.0,40.0,40.0,2019,2019
3150,52.0,MADHYA PRADESH,25.0,27.0,7.9,8.3,1156.0,1447.0,0.6,0.9,2.2,4.9,2.0,2.0,7.0,10.0,2018,2018
3151,1616.0,MADHYA PRADESH,29.0,30.0,7.2,7.8,625.0,2500.0,0.9,1.0,1.6,46.9,2.0,2.0,34.0,43.0,2018,2018
3152,1617.0,MADHYA PRADESH,25.0,26.0,7.7,8.1,286.0,1201.0,0.5,0.9,1.1,1.3,2.0,2.0,39.0,43.0,2018,2018
3153,1618.0,MADHYA PRADESH,26.0,27.0,7.5,8.1,830.0,1203.0,1.3,1.6,0.8,1.3,2.0,2.0,14.0,15.0,2018,2018
3154,1619.0,MADHYA PRADESH,26.0,26.0,7.5,8.1,716.0,1280.0,1.2,1.7,0.8,1.0,2.0,2.0,15.0,17.0,2018,2018
3155,1897.0,MADHYA PRADESH,25.0,28.0,7.8,7.9,1083.0,1230.0,0.8,0.8,1.1,3.1,2.0,2.0,7.0,8.0,2018,2018
3156,2143.0,MADHYA PRADESH,21.0,21.0,7.5,7.6,360.0,440.0,0.2,0.4,0.3,0.6,2.0,18.0,2.0,18.0,2018,2018
3157,2144.0,MADHYA PRADESH,22.0,22.0,7.2,7.6,368.0,460.0,0.2,0.3,0.3,1.1,2.0,18.0,2.0,18.0,2018,2018
3158,2145.0,MADHYA PRADESH,26.0,26.0,7.9,7.9,1516.0,1516.0,1.0,1.0,4.1,4.1,,,,,2018,2018
3159,2146.0,MADHYA PRADESH,26.0,26.0,7.4,7.8,1733.0,1812.0,1.6,2.0,3.2,4.9,,,,,2018,2018
3160,2147.0,MADHYA PRADESH,21.0,21.0,7.7,7.9,2662.0,2662.0,1.2,2.0,0.5,4.9,,,,,2018,2018
3161,2148.0,MADHYA PRADESH,27.0,27.0,7.0,7.0,1860.0,1860.0,1.8,1.8,5.0,5.0,2.0,2.0,25.0,25.0,2018,2018
3162,2149.0,MADHYA PRADESH,,,7.9,7.9,1530.0,1530.0,2.0,2.0,2.6,2.6,,,,,2018,2018
3163,2150.0,MADHYA PRADESH,25.0,30.0,7.8,7.8,1444.0,1669.0,0.5,0.6,0.8,4.5,2.0,2.0,6.0,7.0,2018,2018
3164,2151.0,MADHYA PRADESH,25.0,30.0,7.4,7.8,1760.0,3118.0,0.9,1.2,8.3,8.4,2.0,2.0,7.0,17.0,2018,2018
3165,2152.0,MADHYA PRADESH,25.0,29.0,7.6,7.9,1655.0,2419.0,0.9,1.4,4.4,9.0,2.0,2.0,6.0,7.0,2018,2018
3166,2153.0,MADHYA PRADESH,25.0,28.0,7.2,8.1,510.0,547.0,0.7,0.8,3.1,5.7,2.0,2.0,26.0,70.0,2018,2018
3167,2154.0,MADHYA PRADESH,22.0,29.0,7.6,8.7,291.0,2100.0,1.4,2.2,,3.2,,,,,2018,2018
3168,3332.0,MADHYA PRADESH,,,7.8,7.8,2495.0,2495.0,1.0,1.0,5.1,5.1,,,,,2018,2018
3169,3333.0,MADHYA PRADESH,25.0,29.0,7.3,7.8,434.0,497.0,0.7,0.9,2.0,4.2,2.0,2.0,34.0,40.0,2018,2018
3170,3334.0,MADHYA PRADESH,29.0,29.0,7.4,7.7,326.0,330.0,1.0,1.0,1.0,1.3,2.0,2.0,130.0,220.0,2018,2018
3171,3335.0,MADHYA PRADESH,21.0,21.0,7.3,7.5,430.0,680.0,0.2,0.4,0.2,0.3,2.0,18.0,2.0,18.0,2018,2018
3172,3336.0,MADHYA PRADESH,24.0,28.0,8.1,8.4,830.0,830.0,1.2,1.6,,2.6,3.0,3.0,11.0,11.0,2018,2018
3173,3337.0,MADHYA PRADESH,24.0,24.0,7.5,8.0,360.0,830.0,0.2,0.2,0.2,1.1,2.0,18.0,2.0,18.0,2018,2018
3174,3338.0,MADHYA PRADESH,26.0,26.0,7.3,7.6,567.0,738.0,1.4,1.8,0.8,1.1,2.0,2.0,17.0,18.0,2018,2018
3175,3339.0,MADHYA PRADESH,25.0,29.0,7.1,7.6,1335.0,2263.0,1.0,1.8,4.3,8.3,2.0,2.0,12.0,34.0,2018,2018
3176,3340.0,MADHYA PRADESH,25.0,30.0,7.6,7.9,2239.0,2500.0,0.7,1.0,10.3,110.3,2.0,2.0,5.0,6.0,2018,2018
3177,3341.0,MADHYA PRADESH,25.0,30.0,7.6,7.8,1565.0,3289.0,0.4,1.2,4.3,5.1,2.0,2.0,6.0,7.0,2018,2018
3178,3342.0,MADHYA PRADESH,25.0,30.0,7.9,8.3,610.0,620.0,0.8,1.2,1.9,2.2,2.0,2.0,3.0,12.0,2018,2018
3179,3343.0,MADHYA PRADESH,26.0,30.0,7.0,7.3,1.0,3.0,0.8,1.0,3.4,5.2,2.0,2.0,6.0,14.0,2018,2018
3180,3344.0,MADHYA PRADESH,25.0,30.0,7.4,7.9,786.0,826.0,0.2,0.3,0.8,1.2,,,2.0,2.0,2018,2018
3181,3345.0,MADHYA PRADESH,28.0,30.0,7.0,8.0,526.0,683.0,0.1,0.2,0.8,1.2,,,2.0,2.0,2018,2018
3182,3822.0,MADHYA PRADESH,20.0,20.0,7.3,8.4,380.0,567.0,0.2,0.2,1.0,2.5,2.0,2.0,2.0,2.0,2018,2018
3183,3823.0,MADHYA PRADESH,24.0,24.0,7.4,7.5,369.0,450.0,0.2,0.2,0.2,2.0,2.0,2.0,2.0,2.0,2018,2018
3184,3824.0,MADHYA PRADESH,24.0,24.0,7.4,7.6,380.0,450.0,0.2,0.3,0.2,0.3,2.0,2.0,2.0,2.0,2018,2018
3185,3825.0,MADHYA PRADESH,21.0,21.0,6.9,7.1,372.0,410.0,0.2,0.2,0.5,0.6,2.0,2.0,2.0,2.0,2018,2018
3186,3826.0,MADHYA PRADESH,24.0,24.0,6.4,7.5,360.0,411.0,0.2,0.2,0.2,0.8,2.0,2.0,2.0,2.0,2018,2018
3187,3827.0,MADHYA PRADESH,22.0,22.0,7.2,7.6,450.0,460.0,0.3,0.4,0.3,0.3,2.0,2.0,2.0,2.0,2018,2018
3188,3837.0,MADHYA PRADESH,21.0,21.0,7.5,7.5,280.0,290.0,,,,,,,,,2018,2018
3189,3838.0,MADHYA PRADESH,21.0,21.0,7.5,7.5,270.0,300.0,,,,,,,,,2018,2018
3190,3839.0,MADHYA PRADESH,21.0,23.0,7.4,7.6,270.0,310.0,,,,,,,,,2018,2018
3191,3840.0,MADHYA PRADESH,21.0,23.0,7.3,7.5,280.0,320.0,,,,,,,,,2018,2018
3192,3841.0,MADHYA PRADESH,21.0,21.0,7.3,7.5,280.0,320.0,,,,,,,,,2018,2018
3193,3842.0,MADHYA PRADESH,21.0,22.0,7.3,7.5,310.0,470.0,,,,,,,,,2018,2018
3194,3843.0,MADHYA PRADESH,21.0,22.0,7.3,7.6,310.0,320.0,,,,,,,,,2018,2018
3195,3844.0,MADHYA PRADESH,21.0,23.0,7.3,7.5,280.0,330.0,,,,,,,,,2018,2018
3196,3854.0,MADHYA PRADESH,26.0,30.0,7.0,7.8,1.0,1.0,0.9,1.1,2.2,3.9,2.0,2.0,7.0,12.0,2018,2018
3197,1985.0,MAHARASHTRA,30.0,30.0,8.0,8.1,3138.0,3213.0,3.0,3.8,1.0,1.0,2.0,2.0,5.0,17.0,2018,2018
3198,1986.0,MAHARASHTRA,28.0,30.0,7.8,8.4,149.0,541.0,3.0,3.2,0.2,1.5,4.0,8.0,21.0,94.0,2018,2018
3199,1987.0,MAHARASHTRA,30.0,30.0,7.4,7.5,1974.0,2322.0,3.0,3.6,0.7,1.1,8.0,13.0,13.0,130.0,2018,2018
3200,1988.0,MAHARASHTRA,28.0,30.0,7.4,7.8,1613.0,2187.0,3.4,7.0,1.5,1.6,7.0,21.0,48.0,110.0,2018,2018
3201,1989.0,MAHARASHTRA,28.0,29.0,7.4,7.8,287.0,1529.0,3.0,5.0,0.8,1.9,4.0,26.0,40.0,170.0,2018,2018
3202,1991.0,MAHARASHTRA,34.0,34.0,8.3,8.3,462.0,462.0,4.0,4.0,,0.5,2.0,2.0,140.0,140.0,2018,2018
3203,1992.0,MAHARASHTRA,26.0,30.0,7.9,8.4,88.0,838.0,2.6,8.5,0.1,5.4,35.0,55.0,425.0,550.0,2018,2018
3204,1994.0,MAHARASHTRA,21.0,26.0,7.2,7.8,934.0,1145.0,4.2,5.3,0.1,3.6,2.0,26.0,26.0,140.0,2018,2018
3205,1995.0,MAHARASHTRA,30.0,32.0,7.2,7.7,1012.0,1212.0,3.6,6.0,1.0,4.9,4.0,21.0,39.0,94.0,2018,2018
3206,1996.0,MAHARASHTRA,30.0,30.0,7.3,7.3,1254.0,1254.0,5.9,5.9,,9.4,4.0,4.0,40.0,40.0,2018,2018
3207,1997.0,MAHARASHTRA,27.0,27.0,8.0,8.0,992.0,992.0,3.4,3.4,,0.7,,,,,2018,2018
3208,1998.0,MAHARASHTRA,30.0,30.0,7.5,7.9,846.0,890.0,4.8,10.0,0.4,3.7,2.0,2.0,38.0,38.0,2018,2018
3209,2001.0,MAHARASHTRA,23.0,23.0,7.6,7.6,960.0,960.0,5.4,5.4,,10.3,2.0,2.0,8.0,8.0,2018,2018
3210,2002.0,MAHARASHTRA,25.0,27.0,7.5,8.1,686.0,865.0,3.0,5.1,0.5,0.9,4.0,13.0,26.0,50.0,2018,2018
3211,2003.0,MAHARASHTRA,22.0,24.0,7.4,7.6,916.0,1790.0,5.4,56.4,6.8,7.9,21.0,46.0,170.0,220.0,2018,2018
3212,2004.0,MAHARASHTRA,,,7.3,7.4,1680.0,2623.0,2.2,2.4,0.6,1.3,9.0,9.0,120.0,120.0,2018,2018
3213,2005.0,MAHARASHTRA,,,7.5,7.6,1091.0,2040.0,2.0,2.2,0.5,1.2,13.0,13.0,210.0,210.0,2018,2018
3214,2006.0,MAHARASHTRA,,,7.2,7.9,335.0,552.0,2.2,2.2,0.4,0.8,7.0,7.0,49.0,49.0,2018,2018
3215,2007.0,MAHARASHTRA,22.0,23.0,7.7,7.7,701.0,5826.0,2.0,2.4,0.8,0.9,5.0,14.0,49.0,120.0,2018,2018
3216,2008.0,MAHARASHTRA,20.0,22.0,7.6,7.8,958.0,2036.0,2.2,2.6,0.4,0.8,6.0,12.0,48.0,84.0,2018,2018
3217,2202.0,MAHARASHTRA,23.0,28.0,6.3,7.5,106.0,542.0,2.0,2.6,0.4,0.4,4.0,9.0,22.0,34.0,2018,2018
3218,2203.0,MAHARASHTRA,26.0,26.0,7.6,7.6,962.0,962.0,3.2,3.2,,0.5,,,,,2018,2018
3219,2819.0,MAHARASHTRA,29.0,30.0,8.1,8.2,2084.0,2592.0,3.4,8.5,2.5,9.2,30.0,200.0,350.0,1800.0,2018,2018
3220,2820.0,MAHARASHTRA,26.0,30.0,8.2,8.5,452.0,1690.0,2.8,3.6,1.9,2.9,8.0,25.0,25.0,350.0,2018,2018
3221,2821.0,MAHARASHTRA,35.0,35.0,8.1,8.1,658.0,658.0,6.4,6.4,,1.7,30.0,30.0,550.0,550.0,2018,2018
3222,2822.0,MAHARASHTRA,27.0,27.0,8.1,8.1,1545.0,1545.0,3.8,3.8,,3.4,40.0,40.0,425.0,425.0,2018,2018
3223,2823.0,MAHARASHTRA,28.0,28.0,8.5,8.5,985.0,985.0,3.2,3.2,,2.9,40.0,40.0,425.0,425.0,2018,2018
3224,2826.0,MAHARASHTRA,26.0,31.0,7.8,7.8,858.0,989.0,5.7,6.0,0.7,4.2,,,,,2018,2018
3225,2828.0,MAHARASHTRA,20.0,27.0,7.4,7.5,976.0,990.0,4.0,5.8,0.1,2.9,6.0,25.0,40.0,150.0,2018,2018
3226,2829.0,MAHARASHTRA,,,7.6,8.0,694.0,2718.0,2.0,2.4,0.6,0.9,14.0,14.0,170.0,170.0,2018,2018
3227,2830.0,MAHARASHTRA,,,7.3,7.5,834.0,1140.0,2.0,2.6,0.4,1.1,8.0,8.0,84.0,84.0,2018,2018
3228,2831.0,MAHARASHTRA,20.0,24.0,7.5,7.7,2177.0,2330.0,2.0,2.2,0.7,1.0,6.0,14.0,47.0,110.0,2018,2018
3229,2832.0,MAHARASHTRA,23.0,28.0,7.2,7.4,98.0,321.0,2.2,2.6,0.3,0.3,4.0,11.0,31.0,58.0,2018,2018
3230,2833.0,MAHARASHTRA,23.0,28.0,6.3,7.6,184.0,4526.0,2.6,6.0,0.4,0.6,5.0,12.0,26.0,41.0,2018,2018
3231,2834.0,MAHARASHTRA,23.0,28.0,6.6,7.3,383.0,4667.0,2.4,2.6,0.8,0.9,6.0,12.0,39.0,48.0,2018,2018
3232,2835.0,MAHARASHTRA,23.0,28.0,7.2,7.6,225.0,276.0,2.0,2.4,0.5,0.6,4.0,11.0,33.0,33.0,2018,2018
3233,1920.0,MANIPUR,27.0,27.0,7.4,7.4,755.0,755.0,,,,,,,15.0,15.0,2018,2018
3234,1921.0,MANIPUR,25.0,25.0,7.5,7.5,885.0,885.0,,,,,,,5.0,5.0,2018,2018
3235,1922.0,MANIPUR,25.0,25.0,6.3,6.3,651.0,651.0,,,,,,,10.0,10.0,2018,2018
3236,1923.0,MANIPUR,28.0,28.0,7.5,7.5,8731.0,8731.0,,,,,,,35.0,35.0,2018,2018
3237,1924.0,MANIPUR,25.0,25.0,6.3,6.3,,,,,,,,,,,2018,2018
3238,2882.0,MANIPUR,26.0,26.0,7.3,7.3,581.0,581.0,,,,,,,,,2018,2018
3239,1634.0,MEGHALAYA,17.0,17.0,5.4,6.0,250.0,260.0,1.0,1.6,19.0,43.9,8.0,14.0,70.0,94.0,2018,2018
3240,1635.0,MEGHALAYA,18.0,18.0,5.7,5.7,288.0,288.0,1.9,1.9,27.6,27.6,6.0,6.0,44.0,44.0,2018,2018
3241,1636.0,MEGHALAYA,20.0,23.0,6.1,6.1,99.0,120.0,1.6,2.1,0.3,0.4,2.0,6.0,33.0,34.0,2018,2018
3242,1637.0,MEGHALAYA,14.0,17.0,6.2,6.3,107.0,112.0,1.0,6.8,2.5,3.1,2.0,2.0,4.0,11.0,2018,2018
3243,1638.0,MEGHALAYA,18.0,19.0,5.0,5.2,145.0,155.0,1.0,1.5,0.3,9.4,2.0,2.0,2.0,18.0,2018,2018
3244,3385.0,MEGHALAYA,19.0,22.0,6.6,6.7,48.0,55.0,1.5,1.5,0.4,0.4,2.0,4.0,20.0,21.0,2018,2018
3245,3386.0,MEGHALAYA,40.0,45.0,9.2,9.5,350.0,365.0,0.0,1.2,0.8,0.9,2.0,2.0,11.0,18.0,2018,2018
3246,2054.0,MIZORAM,18.0,23.0,5.7,7.2,102.0,181.0,0.4,1.4,,0.2,2.0,2.0,53.0,53.0,2018,2018
3247,2055.0,MIZORAM,14.0,21.0,6.7,7.9,118.0,713.0,0.4,2.9,,0.2,2.0,2.0,2400.0,2400.0,2018,2018
3248,3729.0,MIZORAM,18.0,22.0,5.8,7.2,114.0,739.0,0.5,1.8,,0.3,,,,,2018,2018
3249,3730.0,MIZORAM,17.0,23.0,5.8,7.9,113.0,745.0,0.5,1.7,,0.2,,,,,2018,2018
3250,3731.0,MIZORAM,19.0,23.0,6.2,7.8,105.0,721.0,0.4,0.9,,0.2,,,,,2018,2018
3251,3732.0,MIZORAM,18.0,22.0,5.8,7.5,123.0,741.0,0.2,1.8,,0.4,,,,,2018,2018
3252,3733.0,MIZORAM,17.0,22.0,6.2,7.4,118.0,854.0,0.4,1.5,,0.3,,,,,2018,2018
3253,3734.0,MIZORAM,18.0,26.0,6.2,7.4,102.0,786.0,0.2,1.6,,0.1,,,,,2018,2018
3254,3735.0,MIZORAM,17.0,27.0,6.7,7.2,103.0,524.0,0.6,1.4,,0.1,,,,,2018,2018
3255,3736.0,MIZORAM,18.0,26.0,7.2,8.0,113.0,570.0,1.1,1.5,,0.1,,,,,2018,2018
3256,3737.0,MIZORAM,9.0,25.0,7.0,7.4,111.0,1258.0,0.8,1.4,,0.2,,,,,2018,2018
3257,3738.0,MIZORAM,8.0,24.0,6.8,7.2,114.0,505.0,0.9,1.6,,0.1,,,,,2018,2018
3258,3739.0,MIZORAM,17.0,25.0,7.0,7.4,107.0,471.0,0.5,2.1,,0.3,,,,,2018,2018
3259,3742.0,MIZORAM,17.0,26.0,6.2,7.6,108.0,731.0,0.4,1.5,,0.1,,,,,2018,2018
3260,4128.0,MIZORAM,16.0,23.0,6.7,7.4,127.0,171.0,0.9,1.9,,0.1,,,,,2018,2018
3261,2896.0,NAGALAND,18.0,19.0,6.7,7.5,641.0,784.0,,,0.8,9.7,,,,,2018,2018
3262,2898.0,NAGALAND,25.0,27.0,5.5,6.0,140.0,174.0,,,2.6,2.9,,,,,2018,2018
3263,2899.0,NAGALAND,26.0,26.0,7.0,7.1,246.0,256.0,,,0.1,0.5,,,,,2018,2018
3264,2900.0,NAGALAND,27.0,28.0,6.9,7.0,176.0,227.0,,,1.1,1.9,,,,,2018,2018
3265,2901.0,NAGALAND,31.0,33.0,6.5,6.5,212.0,221.0,,,7.7,12.2,,,,,2018,2018
3266,2902.0,NAGALAND,25.0,27.0,7.5,8.5,371.0,377.0,,,0.1,0.4,,,,,2018,2018
3267,2903.0,NAGALAND,25.0,27.0,7.1,7.2,512.0,1050.0,,,0.1,0.6,,,,,2018,2018
3268,2904.0,NAGALAND,26.0,26.0,6.5,6.8,620.0,827.0,,,3.2,8.6,,,,,2018,2018
3269,2905.0,NAGALAND,27.0,27.0,6.7,6.7,778.0,811.0,,,0.1,0.7,,,,,2018,2018
3270,1644.0,ODISHA,25.0,28.0,8.0,8.2,689.0,819.0,0.2,0.3,8.1,8.3,2.0,2.0,2.0,2.0,2018,2018
3271,1645.0,ODISHA,25.0,28.0,8.0,8.2,382.0,435.0,0.3,0.4,0.2,1.3,2.0,2.0,2.0,2.0,2018,2018
3272,1646.0,ODISHA,25.0,27.0,7.9,8.0,153.0,175.0,0.4,0.6,0.2,1.4,2.0,2.0,2.0,2.0,2018,2018
3273,1647.0,ODISHA,24.0,28.0,7.7,8.4,218.0,403.0,0.6,0.7,0.6,1.2,2.0,2.0,2.0,2.0,2018,2018
3274,1838.0,BIHAR,26.0,26.0,6.9,6.9,907.0,907.0,,,0.1,0.1,,,,,2018,2018
3275,1648.0,ODISHA,25.0,28.0,7.8,8.4,217.0,324.0,0.3,0.6,0.2,1.9,2.0,7.0,5.0,33.0,2018,2018
3276,1649.0,ODISHA,26.0,28.0,5.4,7.4,382.0,624.0,0.4,0.6,1.6,4.8,2.0,2.0,2.0,2.0,2018,2018
3277,1650.0,ODISHA,26.0,30.0,6.2,6.7,91.0,263.0,0.3,0.7,0.7,2.7,2.0,130.0,2.0,350.0,2018,2018
3278,1651.0,ODISHA,26.0,27.0,6.8,7.3,658.0,762.0,0.4,0.5,3.3,4.6,2.0,2.0,2.0,2.0,2018,2018
3279,1652.0,ODISHA,27.0,27.0,5.8,6.8,276.0,624.0,0.4,0.5,3.5,4.6,2.0,2.0,2.0,2.0,2018,2018
3280,1653.0,ODISHA,25.0,27.0,6.6,6.8,84.0,197.0,0.3,0.6,0.9,1.0,2.0,2.0,2.0,2.0,2018,2018
3281,1654.0,ODISHA,26.0,26.0,6.7,7.2,302.0,329.0,0.6,0.6,1.2,2.0,2.0,540.0,2.0,920.0,2018,2018
3282,1655.0,ODISHA,22.0,27.0,8.1,8.2,2480.0,18510.0,0.2,0.5,3.3,5.3,2.0,2.0,2.0,13.0,2018,2018
3283,1656.0,ODISHA,23.0,27.0,8.0,8.3,1013.0,1051.0,0.2,0.4,0.7,11.2,2.0,2.0,2.0,2.0,2018,2018
3284,1657.0,ODISHA,24.0,27.0,7.6,8.5,398.0,1122.0,0.2,0.8,0.5,3.2,2.0,2.0,2.0,2.0,2018,2018
3285,1658.0,ODISHA,23.0,27.0,7.0,8.4,335.0,594.0,0.6,0.7,0.4,1.5,2.0,2.0,2.0,2.0,2018,2018
3286,3964.0,ODISHA,22.0,26.0,7.8,8.1,264.0,854.0,0.3,0.7,0.1,1.3,2.0,940.0,2.0,2200.0,2018,2018
3287,3965.0,ODISHA,22.0,22.0,7.7,7.7,1083.0,1232.0,0.4,0.6,0.1,1.8,2.0,2.0,2.0,2.0,2018,2018
3288,3966.0,ODISHA,18.0,20.0,7.4,7.9,904.0,1439.0,0.5,0.5,0.2,20.7,2.0,2.0,2.0,2.0,2018,2018
3289,3967.0,ODISHA,20.0,26.0,7.4,7.9,973.0,1545.0,0.4,0.8,0.4,7.6,2.0,2.0,2.0,2.0,2018,2018
3290,3968.0,ODISHA,26.0,28.0,7.8,8.3,688.0,724.0,0.4,1.3,0.5,3.9,2.0,2.0,2.0,23.0,2018,2018
3291,3969.0,ODISHA,27.0,28.0,7.5,8.1,1164.0,1268.0,0.2,0.4,5.8,7.1,2.0,2.0,2.0,2.0,2018,2018
3292,3970.0,ODISHA,26.0,28.0,6.8,8.0,375.0,466.0,0.4,0.6,4.8,7.1,2.0,2.0,2.0,2.0,2018,2018
3293,3971.0,ODISHA,26.0,27.0,7.3,7.8,1120.0,1136.0,0.3,0.6,2.4,7.8,2.0,5.0,2.0,23.0,2018,2018
3294,3972.0,ODISHA,25.0,27.0,7.9,8.1,519.0,703.0,0.5,0.5,0.9,1.7,2.0,5.0,2.0,5.0,2018,2018
3295,3973.0,ODISHA,24.0,26.0,7.3,8.0,395.0,571.0,0.2,0.4,1.0,1.5,2.0,2.0,2.0,2.0,2018,2018
3296,3974.0,ODISHA,26.0,27.0,7.6,8.5,515.0,538.0,0.2,0.4,0.8,1.1,2.0,2.0,2.0,2.0,2018,2018
3297,3975.0,ODISHA,26.0,27.0,7.0,8.4,927.0,989.0,0.2,0.5,4.5,9.7,2.0,2.0,2.0,2.0,2018,2018
3298,3976.0,ODISHA,26.0,26.0,7.8,8.1,920.0,1037.0,0.3,0.7,2.0,4.5,2.0,2.0,2.0,2.0,2018,2018
3299,3977.0,ODISHA,26.0,26.0,7.3,7.9,1383.0,1646.0,0.2,0.4,0.6,1.2,2.0,2.0,2.0,2.0,2018,2018
3300,3978.0,ODISHA,23.0,26.0,7.4,7.9,901.0,993.0,0.2,0.4,0.1,5.1,2.0,2.0,2.0,2.0,2018,2018
3301,3979.0,ODISHA,26.0,26.0,7.9,8.5,611.0,736.0,0.3,0.3,0.5,9.4,2.0,2.0,2.0,2.0,2018,2018
3302,3980.0,ODISHA,18.0,22.0,6.5,7.6,145.0,515.0,0.3,0.3,0.5,7.8,2.0,2.0,2.0,2.0,2018,2018
3303,3981.0,ODISHA,18.0,23.0,6.1,8.1,198.0,314.0,0.2,0.3,0.5,3.4,2.0,2.0,2.0,2.0,2018,2018
3304,3982.0,ODISHA,18.0,22.0,6.1,8.0,12.0,189.0,0.3,0.5,3.4,3.9,2.0,2.0,2.0,2.0,2018,2018
3305,3983.0,ODISHA,17.0,21.0,5.9,7.8,157.0,176.0,0.1,0.4,3.7,6.5,2.0,2.0,2.0,2.0,2018,2018
3306,3984.0,ODISHA,17.0,24.0,6.5,7.9,138.0,325.0,0.2,0.4,0.5,3.7,2.0,22.0,2.0,79.0,2018,2018
3307,3985.0,ODISHA,17.0,26.0,6.6,8.1,187.0,329.0,0.5,1.8,0.2,0.6,2.0,2.0,2.0,2.0,2018,2018
3308,3986.0,ODISHA,17.0,24.0,6.7,8.2,294.0,333.0,0.4,0.6,0.2,0.6,2.0,240.0,2.0,540.0,2018,2018
3309,3987.0,ODISHA,17.0,25.0,6.9,7.9,177.0,705.0,0.4,0.6,0.4,0.6,2.0,540.0,2.0,920.0,2018,2018
3310,3988.0,ODISHA,26.0,30.0,7.8,7.9,1937.0,1939.0,0.4,1.3,0.6,2.1,2.0,2.0,2.0,13.0,2018,2018
3311,3990.0,ODISHA,23.0,24.0,7.8,8.3,285.0,312.0,0.3,0.7,3.5,3.7,2.0,540.0,5.0,1600.0,2018,2018
3312,3991.0,ODISHA,22.0,24.0,7.0,7.0,257.0,298.0,0.2,0.8,2.3,4.0,2.0,2.0,2.0,2.0,2018,2018
3313,3992.0,ODISHA,23.0,23.0,7.5,7.7,234.0,234.0,0.2,0.4,0.3,1.1,2.0,2.0,2.0,8.0,2018,2018
3314,3993.0,ODISHA,21.0,22.0,7.5,8.1,142.0,491.0,0.3,14.6,0.3,1.4,2.0,5.0,2.0,79.0,2018,2018
3315,3994.0,ODISHA,24.0,26.0,6.8,8.1,339.0,459.0,0.3,1.3,1.5,1.6,2.0,2.0,2.0,13.0,2018,2018
3316,3995.0,ODISHA,24.0,26.0,7.6,8.6,253.0,344.0,0.5,0.5,0.3,0.5,2.0,2.0,5.0,23.0,2018,2018
3317,3996.0,ODISHA,24.0,26.0,7.0,8.1,131.0,182.0,0.2,0.8,,1.6,2.0,2.0,2.0,33.0,2018,2018
3318,1397.0,PUDUCHERRY,30.0,32.0,6.3,7.0,376.0,458.0,0.0,0.0,5.4,9.2,2.0,2.0,2.0,2.0,2018,2018
3319,1398.0,PUDUCHERRY,31.0,33.0,6.7,7.6,1361.0,1438.0,0.0,0.0,,0.3,2.0,2.0,2.0,2.0,2018,2018
3320,1453.0,PUDUCHERRY,30.0,31.0,6.6,7.6,625.0,695.0,0.0,0.0,2.5,2.7,2.0,2.0,50.0,50.0,2018,2018
3321,1454.0,PUDUCHERRY,30.0,31.0,6.9,7.3,302.0,349.0,0.0,0.0,0.8,1.3,2.0,2.0,2.0,280.0,2018,2018
3322,1687.0,PUDUCHERRY,30.0,30.0,7.3,7.4,1901.0,2120.0,0.0,0.0,1.8,2.5,33.0,33.0,280.0,280.0,2018,2018
3323,1688.0,PUDUCHERRY,30.0,30.0,7.3,7.5,602.0,677.0,0.0,0.0,,0.6,2.0,2.0,2.0,300.0,2018,2018
3324,2009.0,PUDUCHERRY,31.0,31.0,6.5,7.7,560.0,574.0,0.0,0.0,2.9,6.0,2.0,2.0,130.0,170.0,2018,2018
3325,2010.0,PUDUCHERRY,31.0,32.0,6.5,7.6,1184.0,1200.0,0.0,0.0,0.6,0.6,2.0,2.0,2.0,300.0,2018,2018
3326,2011.0,PUDUCHERRY,31.0,32.0,7.6,8.1,5600.0,5710.0,0.0,0.0,,,2.0,2.0,110.0,300.0,2018,2018
3327,2012.0,PUDUCHERRY,30.0,31.0,7.0,7.7,1200.0,2600.0,0.0,0.0,0.6,0.7,13.0,13.0,500.0,500.0,2018,2018
3328,2013.0,PUDUCHERRY,29.0,35.0,8.3,8.4,1826.0,1920.0,0.0,0.0,0.7,1.5,,,,,2018,2018
3329,2014.0,PUDUCHERRY,29.0,34.0,8.3,8.3,1236.0,1450.0,0.0,0.0,0.7,1.1,,,,,2018,2018
3330,2446.0,PUDUCHERRY,28.0,28.0,6.2,6.2,328.0,328.0,0.0,0.0,11.5,11.5,,,,,2018,2018
3331,2447.0,PUDUCHERRY,28.0,28.0,6.2,6.2,142.0,142.0,0.0,0.0,2.2,2.2,,,,,2018,2018
3332,3882.0,PUDUCHERRY,32.0,33.0,6.6,7.7,435.0,471.0,0.0,0.0,,,2.0,2.0,8.0,8.0,2018,2018
3333,3883.0,PUDUCHERRY,31.0,31.0,7.0,7.6,361.0,370.0,0.0,0.0,,,2.0,170.0,2.0,300.0,2018,2018
3334,3884.0,PUDUCHERRY,29.0,30.0,7.0,7.2,760.0,952.0,0.0,0.0,5.0,5.9,2.0,110.0,2.0,280.0,2018,2018
3335,3885.0,PUDUCHERRY,30.0,32.0,7.0,7.6,1977.0,17409.0,0.0,0.0,0.4,0.9,2.0,2.0,2.0,280.0,2018,2018
3336,3886.0,PUDUCHERRY,31.0,32.0,7.7,7.7,1170.0,1240.0,0.0,0.0,2.3,2.6,2.0,2.0,2.0,240.0,2018,2018
3337,1898.0,PUNJAB,,,6.4,7.2,1206.0,1224.0,0.0,0.0,14.3,24.1,,,,,2018,2018
3338,1899.0,PUNJAB,,,7.5,7.5,586.0,586.0,0.0,0.0,0.9,0.9,,,,,2018,2018
3339,1900.0,PUNJAB,,,7.1,7.3,664.0,907.0,0.0,0.0,2.3,12.7,,,,,2018,2018
3340,1901.0,PUNJAB,,,6.6,7.4,808.0,840.0,0.0,0.0,13.8,14.9,,,,,2018,2018
3341,1902.0,PUNJAB,,,6.8,7.0,1373.0,1381.0,0.0,0.0,7.5,9.3,,,,,2018,2018
3342,1903.0,PUNJAB,,,7.3,7.3,528.0,542.0,0.0,0.0,2.8,4.1,,,,,2018,2018
3343,2916.0,PUNJAB,,,7.1,7.2,742.0,1266.0,0.0,0.0,0.7,9.1,,,,,2018,2018
3344,2917.0,PUNJAB,,,7.1,7.3,1031.0,1197.0,0.0,0.0,2.5,6.2,,,,,2018,2018
3345,2918.0,PUNJAB,,,7.1,7.1,1070.0,2378.0,0.0,0.0,0.7,15.0,,,,,2018,2018
3346,2919.0,PUNJAB,,,7.1,7.2,1747.0,2532.0,0.0,0.0,4.4,27.0,,,,,2018,2018
3347,2920.0,PUNJAB,,,7.3,7.5,412.0,1431.0,0.0,0.0,0.2,6.9,,,,,2018,2018
3348,2921.0,PUNJAB,,,7.5,7.6,412.0,429.0,0.0,0.0,,0.6,,,,,2018,2018
3349,2922.0,PUNJAB,,,7.2,7.7,1549.0,1875.0,0.0,0.0,8.0,11.4,,,,,2018,2018
3350,2923.0,PUNJAB,,,7.4,7.9,384.0,1623.0,0.0,0.0,0.5,9.7,,,,,2018,2018
3351,2924.0,PUNJAB,,,7.1,7.8,606.0,1126.0,0.0,0.0,1.4,19.9,,,,,2018,2018
3352,2925.0,PUNJAB,,,6.9,7.9,608.0,2443.0,0.0,0.0,1.8,3.8,,,,,2018,2018
3353,2926.0,PUNJAB,,,7.0,7.9,713.0,1147.0,0.0,0.0,3.6,14.8,,,,,2018,2018
3354,2927.0,PUNJAB,,,7.0,7.7,885.0,1485.0,0.0,0.0,9.0,11.2,,,,,2018,2018
3355,2928.0,PUNJAB,,,7.4,7.5,446.0,909.0,0.0,0.0,0.6,3.3,,,,,2018,2018
3356,2929.0,PUNJAB,,,7.1,7.6,446.0,546.0,0.0,0.0,0.4,0.6,,,,,2018,2018
3357,1539.0,ASSAM,28.0,28.0,6.9,7.4,222.0,580.0,1.0,1.5,0.2,0.7,2.0,2.0,2.0,2.0,2018,2018
3358,2930.0,PUNJAB,,,7.6,7.7,402.0,2129.0,0.0,0.0,,0.2,,,,,2018,2018
3359,2931.0,PUNJAB,,,7.4,7.7,1397.0,1854.0,0.0,0.0,0.1,0.6,,,,,2018,2018
3360,4134.0,PUNJAB,,,7.3,7.5,563.0,581.0,0.0,0.0,0.2,0.4,,,,,2018,2018
3361,4135.0,PUNJAB,,,7.1,7.3,573.0,676.0,0.0,0.0,,0.1,,,,,2018,2018
3362,4137.0,PUNJAB,,,6.9,7.0,564.0,1128.0,0.0,0.0,1.2,24.4,,,,,2018,2018
3363,4138.0,PUNJAB,,,7.0,7.1,943.0,1171.0,0.0,0.0,7.8,9.0,,,,,2018,2018
3364,4139.0,PUNJAB,,,6.4,6.9,124.0,1171.0,0.0,0.0,21.0,22.2,,,,,2018,2018
3365,4140.0,PUNJAB,,,7.1,7.8,1393.0,2232.0,0.0,0.0,,,,,,,2018,2018
3366,4141.0,PUNJAB,,,6.5,6.8,338.0,388.0,0.0,0.0,4.5,5.2,,,,,2018,2018
3367,4142.0,PUNJAB,,,7.0,7.3,524.0,668.0,0.0,0.0,1.3,2.5,,,,,2018,2018
3368,4143.0,PUNJAB,,,7.2,7.5,1022.0,1147.0,0.0,0.0,0.2,0.3,,,,,2018,2018
3369,4144.0,PUNJAB,,,7.0,7.5,943.0,1367.0,0.0,0.0,5.0,9.1,,,,,2018,2018
3370,4145.0,PUNJAB,,,7.0,7.1,1418.0,1490.0,0.0,0.0,,0.5,,,,,2018,2018
3371,4147.0,PUNJAB,,,7.3,8.1,2175.0,3430.0,0.0,0.0,4.8,9.0,,,,,2018,2018
3372,4148.0,PUNJAB,,,7.5,8.0,286.0,4460.0,0.0,0.0,0.1,16.1,,,,,2018,2018
3373,1743.0,UTTAR PRADESH,25.8,25.8,7.2,7.6,508.0,520.0,,,3.8,4.28,2.0,49.0,2.0,2.0,2019,2019
3374,4149.0,PUNJAB,,,7.3,8.0,684.0,2117.0,0.0,0.0,1.6,4.8,,,,,2018,2018
3375,4150.0,PUNJAB,,,7.1,7.6,946.0,2066.0,0.0,0.0,,2.0,,,,,2018,2018
3376,4151.0,PUNJAB,,,7.9,8.1,344.0,2833.0,0.0,0.0,1.5,29.2,,,,,2018,2018
3377,4152.0,PUNJAB,,,7.7,8.0,2631.0,2850.0,0.0,0.0,3.8,5.5,,,,,2018,2018
3378,4153.0,PUNJAB,,,6.2,7.5,620.0,747.0,0.0,0.0,11.8,17.0,,,,,2018,2018
3379,4154.0,PUNJAB,,,6.5,7.3,809.0,878.0,0.0,0.0,17.7,18.3,,,,,2018,2018
3380,4155.0,PUNJAB,27.0,27.0,6.8,7.7,910.0,1967.0,0.0,1.9,3.1,21.7,3.0,3.0,4.0,4.0,2018,2018
3381,4156.0,PUNJAB,,,6.8,6.8,851.0,1392.0,0.0,0.0,10.9,17.4,,,,,2018,2018
3382,4157.0,PUNJAB,,,6.6,7.6,802.0,1248.0,0.0,0.0,13.7,13.9,,,,,2018,2018
3383,1415.0,RAJASTHAN,25.0,29.0,7.9,8.3,3300.0,11200.0,1.8,4.4,2.3,2.7,3.0,3.0,3.0,3.0,2018,2018
3384,1706.0,RAJASTHAN,28.0,30.0,7.2,7.4,1080.0,1300.0,1.6,1.6,2.3,2.7,3.0,3.0,3.0,3.0,2018,2018
3385,1707.0,RAJASTHAN,29.0,29.0,7.1,7.5,2000.0,2300.0,1.3,1.7,0.3,2.1,3.0,3.0,4.0,4.0,2018,2018
3386,1708.0,RAJASTHAN,29.0,31.0,7.1,7.4,1400.0,1420.0,1.3,1.9,2.1,3.1,3.0,3.0,4.0,4.0,2018,2018
3387,1709.0,RAJASTHAN,27.0,27.0,7.4,7.5,1620.0,2400.0,0.6,1.2,2.5,3.1,3.0,3.0,3.0,4.0,2018,2018
3388,1710.0,RAJASTHAN,26.0,29.0,7.2,7.5,2500.0,3600.0,1.8,1.9,2.4,2.7,3.0,3.0,3.0,4.0,2018,2018
3389,1711.0,RAJASTHAN,27.0,27.0,7.2,7.5,2700.0,3000.0,1.3,1.9,2.3,2.7,3.0,3.0,3.0,3.0,2018,2018
3390,1712.0,RAJASTHAN,26.0,28.0,7.3,7.5,1900.0,2200.0,0.1,1.8,2.1,2.2,3.0,3.0,3.0,3.0,2018,2018
3391,1713.0,RAJASTHAN,26.0,28.0,7.2,7.6,650.0,940.0,1.3,1.8,2.4,2.7,3.0,3.0,3.0,3.0,2018,2018
3392,1715.0,RAJASTHAN,25.0,28.0,6.9,7.4,1130.0,1230.0,0.6,2.9,2.3,2.5,3.0,3.0,3.0,3.0,2018,2018
3393,1720.0,RAJASTHAN,27.0,28.0,7.5,7.8,930.0,1040.0,1.3,2.4,2.4,2.7,3.0,3.0,3.0,3.0,2018,2018
3394,1721.0,RAJASTHAN,27.0,28.0,7.7,8.0,590.0,650.0,0.5,1.5,1.8,2.1,3.0,3.0,3.0,3.0,2018,2018
3395,1723.0,RAJASTHAN,28.0,28.0,7.7,8.2,2100.0,3400.0,1.3,1.4,2.3,3.1,3.0,3.0,3.0,3.0,2018,2018
3396,1724.0,RAJASTHAN,28.0,30.0,8.0,8.3,470.0,2800.0,1.1,1.5,2.7,3.2,3.0,3.0,3.0,3.0,2018,2018
3397,1725.0,RAJASTHAN,27.0,29.0,7.4,8.0,510.0,2000.0,1.1,1.3,2.8,3.1,3.0,3.0,3.0,3.0,2018,2018
3398,2015.0,RAJASTHAN,27.0,35.0,6.8,8.2,4500.0,5000.0,2.1,2.6,3.7,4.4,3.0,3.0,4.0,4.0,2018,2018
3399,2016.0,RAJASTHAN,22.0,30.0,6.7,8.5,2600.0,3200.0,1.2,8.3,2.3,2.8,3.0,3.0,4.0,4.0,2018,2018
3400,2017.0,RAJASTHAN,22.0,30.0,6.8,8.6,2800.0,2800.0,1.3,2.2,2.0,2.3,3.0,3.0,4.0,4.0,2018,2018
3401,2018.0,RAJASTHAN,24.0,31.0,6.7,8.5,7600.0,7600.0,2.4,5.2,7.7,9.2,3.0,3.0,4.0,4.0,2018,2018
3402,2019.0,RAJASTHAN,18.0,20.0,6.8,6.9,1400.0,2200.0,0.7,2.1,1.8,2.8,3.0,4.0,4.0,4.0,2018,2018
3403,2020.0,RAJASTHAN,18.0,20.0,7.1,7.1,2100.0,2500.0,1.3,3.6,1.8,1.8,3.0,3.0,3.0,3.0,2018,2018
3404,2021.0,RAJASTHAN,18.0,20.0,6.8,7.0,2300.0,2700.0,1.3,1.5,1.8,2.2,3.0,3.0,3.0,3.0,2018,2018
3405,2022.0,RAJASTHAN,18.0,20.0,7.2,7.3,1510.0,1530.0,2.2,2.6,2.2,2.7,3.0,3.0,3.0,3.0,2018,2018
3406,2023.0,RAJASTHAN,20.0,22.0,7.2,7.3,1280.0,1400.0,1.3,2.1,2.1,2.8,3.0,3.0,4.0,4.0,2018,2018
3407,2024.0,RAJASTHAN,25.0,28.0,7.0,7.5,2400.0,3800.0,1.3,1.4,3.0,3.1,3.0,3.0,3.0,3.0,2018,2018
3408,2025.0,RAJASTHAN,27.0,27.0,7.4,8.1,1900.0,1900.0,1.2,1.4,2.7,3.1,3.0,3.0,3.0,3.0,2018,2018
3409,2026.0,RAJASTHAN,27.0,27.0,8.1,8.1,1090.0,1090.0,1.3,1.3,2.5,2.5,,,,,2018,2018
3410,2027.0,RAJASTHAN,26.0,26.0,7.3,8.0,1800.0,2200.0,0.5,2.0,2.4,3.1,3.0,3.0,3.0,3.0,2018,2018
3411,2028.0,RAJASTHAN,28.0,28.0,7.6,7.9,880.0,960.0,0.8,1.7,3.0,3.1,3.0,3.0,3.0,3.0,2018,2018
3412,2029.0,RAJASTHAN,26.0,27.0,7.8,8.2,760.0,1010.0,1.3,1.5,2.4,2.5,3.0,3.0,3.0,3.0,2018,2018
3413,2030.0,RAJASTHAN,26.0,26.0,8.1,8.1,3200.0,3200.0,1.4,1.4,2.8,2.8,3.0,3.0,3.0,3.0,2018,2018
3414,2031.0,RAJASTHAN,26.0,27.0,7.9,8.1,550.0,1030.0,1.6,2.2,2.5,2.8,3.0,3.0,4.0,4.0,2018,2018
3415,2032.0,RAJASTHAN,26.0,28.0,7.8,8.2,420.0,1070.0,1.5,1.6,1.8,2.1,3.0,3.0,3.0,3.0,2018,2018
3416,2960.0,RAJASTHAN,28.0,29.0,7.4,8.0,3900.0,5200.0,1.5,1.7,2.7,3.0,3.0,3.0,4.0,4.0,2018,2018
3417,2961.0,RAJASTHAN,25.0,26.0,8.0,8.3,730.0,910.0,0.6,1.6,2.1,2.7,3.0,3.0,3.0,3.0,2018,2018
3418,2962.0,RAJASTHAN,25.0,26.0,7.8,8.5,760.0,1100.0,0.6,1.2,2.3,3.1,3.0,3.0,4.0,4.0,2018,2018
3419,2963.0,RAJASTHAN,27.0,27.0,7.6,8.0,1810.0,2200.0,0.8,1.3,2.8,3.0,3.0,3.0,3.0,3.0,2018,2018
3420,2964.0,RAJASTHAN,27.0,27.0,7.6,7.8,1680.0,2100.0,0.7,1.3,2.2,2.8,3.0,3.0,3.0,3.0,2018,2018
3421,2965.0,RAJASTHAN,25.0,28.0,8.4,8.6,4500.0,4700.0,0.7,1.9,2.7,3.1,3.0,3.0,3.0,3.0,2018,2018
3422,2966.0,RAJASTHAN,23.0,28.0,8.2,8.4,6700.0,8600.0,2.1,2.4,2.7,2.8,3.0,3.0,4.0,4.0,2018,2018
3423,2967.0,RAJASTHAN,26.0,28.0,8.0,8.2,4300.0,6600.0,2.5,9.2,2.4,2.8,3.0,3.0,4.0,4.0,2018,2018
3424,2968.0,RAJASTHAN,24.0,27.0,8.1,8.4,6100.0,7100.0,0.6,2.3,2.6,3.1,3.0,3.0,4.0,4.0,2018,2018
3425,2969.0,RAJASTHAN,28.0,29.0,6.9,7.2,960.0,1050.0,1.1,2.0,1.8,2.5,3.0,3.0,3.0,3.0,2018,2018
3426,3446.0,UTTARAKHAND,25.0,27.0,7.2,7.4,410.0,500.0,1.2,1.4,,,,,,,2018,2018
3427,2970.0,RAJASTHAN,28.0,31.0,7.0,7.4,1460.0,1540.0,0.7,1.9,2.1,3.0,3.0,3.0,3.0,3.0,2018,2018
3428,2971.0,RAJASTHAN,28.0,30.0,7.0,7.4,2000.0,2400.0,1.7,2.3,1.8,2.5,3.0,3.0,4.0,4.0,2018,2018
3429,2972.0,RAJASTHAN,28.0,30.0,7.3,7.3,2800.0,2800.0,1.3,2.1,2.1,3.0,3.0,3.0,3.0,3.0,2018,2018
3430,2973.0,RAJASTHAN,29.0,32.0,7.1,7.1,4100.0,5200.0,1.2,1.8,2.2,2.7,3.0,3.0,3.0,3.0,2018,2018
3431,2974.0,RAJASTHAN,28.0,29.0,7.2,8.0,1420.0,1460.0,1.2,1.5,2.3,3.0,3.0,3.0,3.0,3.0,2018,2018
3432,2975.0,RAJASTHAN,29.0,29.0,7.1,7.2,3300.0,3900.0,0.8,1.3,2.4,3.0,3.0,3.0,3.0,3.0,2018,2018
3433,2976.0,RAJASTHAN,28.0,31.0,7.9,8.4,7900.0,8900.0,18.3,24.9,13.1,15.4,150.0,150.0,,,2018,2018
3434,2977.0,RAJASTHAN,22.0,30.0,7.1,9.5,18000.0,20000.0,2.6,19.4,6.2,9.2,3.0,3.0,4.0,4.0,2018,2018
3435,2982.0,RAJASTHAN,21.0,31.0,7.0,8.4,14000.0,14000.0,2.3,12.7,2.8,3.2,3.0,3.0,4.0,4.0,2018,2018
3436,1944.0,WEST BENGAL,27.0,30.0,5.8,7.6,113.0,144.0,0.8,1.1,0.28,1.24,,,,,2019,2019
3437,2985.0,RAJASTHAN,22.0,31.0,6.8,7.6,15000.0,16000.0,2.3,6.7,8.3,15.4,3.0,3.0,4.0,4.0,2018,2018
3438,2986.0,RAJASTHAN,24.0,24.0,7.7,8.1,2000.0,3800.0,1.8,4.2,2.1,2.8,3.0,3.0,3.0,3.0,2018,2018
3439,2987.0,RAJASTHAN,24.0,24.0,7.8,7.8,6200.0,8700.0,1.8,1.8,1.8,2.8,3.0,3.0,3.0,3.0,2018,2018
3440,2988.0,RAJASTHAN,24.0,24.0,7.6,8.4,5000.0,5500.0,1.3,1.9,1.7,2.8,3.0,3.0,3.0,3.0,2018,2018
3441,2989.0,RAJASTHAN,24.0,24.0,7.6,8.4,7100.0,10200.0,1.9,5.7,1.8,2.8,3.0,3.0,4.0,7.0,2018,2018
3442,4265.0,TELANGANA,26.0,27.0,6.9,7.0,1480.0,2034.0,,,47.2,63.3,,,,,2018,2018
3443,2990.0,RAJASTHAN,25.0,25.0,8.1,8.4,14400.0,14400.0,1.8,16.4,1.8,3.1,3.0,3.0,4.0,7.0,2018,2018
3444,2991.0,RAJASTHAN,25.0,25.0,8.1,8.2,10500.0,10800.0,2.2,14.8,1.7,2.8,3.0,4.0,4.0,7.0,2018,2018
3445,2993.0,RAJASTHAN,25.0,25.0,7.9,8.4,4400.0,8200.0,1.8,6.7,2.1,2.7,3.0,3.0,4.0,4.0,2018,2018
3446,2999.0,RAJASTHAN,26.0,26.0,7.0,7.5,1560.0,1610.0,0.3,2.2,2.2,2.6,3.0,3.0,3.0,3.0,2018,2018
3447,3000.0,RAJASTHAN,26.0,27.0,6.9,7.6,990.0,1020.0,0.5,1.3,2.3,3.1,3.0,3.0,3.0,3.0,2018,2018
3448,3001.0,RAJASTHAN,27.0,29.0,6.9,7.6,1260.0,1410.0,0.6,1.3,1.8,2.6,3.0,3.0,3.0,3.0,2018,2018
3449,3002.0,RAJASTHAN,26.0,29.0,7.1,7.6,1130.0,1560.0,0.6,1.3,2.3,2.7,3.0,3.0,3.0,3.0,2018,2018
3450,3003.0,RAJASTHAN,25.0,28.0,7.3,7.7,1290.0,1870.0,0.5,1.5,2.2,2.3,3.0,3.0,3.0,3.0,2018,2018
3451,3004.0,RAJASTHAN,26.0,28.0,7.7,7.8,1240.0,1390.0,0.5,2.0,1.8,2.1,3.0,3.0,3.0,3.0,2018,2018
3452,3005.0,RAJASTHAN,27.0,27.0,6.9,7.8,1010.0,1010.0,0.7,1.5,1.5,1.7,3.0,3.0,3.0,3.0,2018,2018
3453,3006.0,RAJASTHAN,26.0,26.0,7.6,8.3,2100.0,2300.0,1.5,1.8,2.6,2.7,3.0,3.0,3.0,3.0,2018,2018
3454,4168.0,RAJASTHAN,17.0,17.0,7.5,7.5,5700.0,5700.0,1.3,1.3,3.0,3.0,,,,,2018,2018
3455,4169.0,RAJASTHAN,18.0,21.0,7.3,7.6,1140.0,1390.0,1.2,2.0,1.8,2.5,4.0,4.0,11.0,11.0,2018,2018
3456,4170.0,RAJASTHAN,18.0,22.0,7.3,7.8,1290.0,1480.0,0.8,1.8,2.5,2.8,4.0,4.0,7.0,7.0,2018,2018
3457,4176.0,RAJASTHAN,20.0,29.0,7.4,7.6,3100.0,3300.0,1.2,1.7,2.5,3.1,4.0,4.0,7.0,7.0,2018,2018
3458,4177.0,RAJASTHAN,16.0,32.0,8.3,8.6,580.0,630.0,0.6,2.2,2.4,3.0,7.0,14.0,11.0,150.0,2018,2018
3459,4178.0,RAJASTHAN,16.0,32.0,8.2,8.6,1050.0,1270.0,1.1,4.3,2.3,3.1,7.0,20.0,20.0,75.0,2018,2018
3460,4180.0,RAJASTHAN,26.0,26.0,7.8,7.8,1240.0,1240.0,0.4,0.4,1.1,1.1,3.0,3.0,4.0,4.0,2018,2018
3461,4181.0,RAJASTHAN,27.0,27.0,7.7,7.7,1410.0,1410.0,1.2,1.2,1.1,1.1,3.0,3.0,4.0,4.0,2018,2018
3462,4183.0,RAJASTHAN,26.0,26.0,7.5,7.5,2200.0,2200.0,0.8,0.8,1.2,1.2,3.0,3.0,4.0,4.0,2018,2018
3463,4184.0,RAJASTHAN,26.0,26.0,7.5,7.5,2000.0,2000.0,0.6,0.6,1.3,1.3,3.0,3.0,4.0,4.0,2018,2018
3464,1449.0,TAMIL NADU,20.0,28.0,7.2,7.2,612.0,1218.0,6.2,6.3,0.6,13.9,2.0,4.0,4.0,7.0,2018,2018
3465,15.0,TELANGANA,29.0,29.0,7.3,7.3,880.0,880.0,2.0,2.0,,1.3,24.0,24.0,700.0,700.0,2018,2018
3466,16.0,TELANGANA,28.0,29.0,7.9,7.9,739.0,822.0,4.0,4.0,1.1,15.9,2.0,26.0,15.0,400.0,2018,2018
3467,27.0,TELANGANA,26.0,27.0,6.4,8.2,684.0,2606.0,3.0,3.0,0.7,32.6,8.0,50.0,45.0,400.0,2018,2018
3468,1515.0,TELANGANA,30.0,30.0,7.2,7.3,1001.0,1170.0,6.0,7.0,7.9,25.4,2.0,26.0,18.0,3125.0,2018,2018
3469,1525.0,TELANGANA,26.0,30.0,7.2,7.3,3050.0,3120.0,,,22.6,28.7,2.0,2.0,2.0,2.0,2018,2018
3470,1791.0,TELANGANA,28.0,31.0,7.2,7.3,1188.0,1528.0,8.0,12.0,3.7,8.2,2.0,25.0,12.0,12050.0,2018,2018
3471,1792.0,TELANGANA,28.0,30.0,7.0,8.0,1396.0,1511.0,4.0,6.0,14.5,18.3,2.0,27.0,13.0,14.0,2018,2018
3472,1793.0,TELANGANA,26.0,26.0,7.3,7.7,1692.0,1945.0,4.0,6.0,0.2,1.5,18.0,28.0,540.0,650.0,2018,2018
3473,1794.0,TELANGANA,26.0,28.0,7.2,7.3,1065.0,1161.0,6.0,7.0,,4.3,2.0,22.0,230.0,550.0,2018,2018
3474,1795.0,TELANGANA,26.0,29.0,7.1,7.5,3560.0,3640.0,,,45.8,49.9,2.0,2.0,2.0,2.0,2018,2018
3475,1810.0,TELANGANA,26.0,26.0,7.0,8.0,2918.0,2938.0,,,24.6,32.5,2.0,2.0,2.0,2.0,2018,2018
3476,1811.0,TELANGANA,24.0,25.0,6.6,7.8,1845.0,2011.0,,,12.5,22.3,2.0,2.0,2.0,2.0,2018,2018
3477,3088.0,TELANGANA,29.0,30.0,6.5,6.8,1674.0,1776.0,7.0,8.0,11.4,41.9,2.0,25.0,6.0,8025.0,2018,2018
3478,3094.0,TELANGANA,26.0,29.0,7.8,7.9,855.0,889.0,4.0,6.0,,,8.0,26.0,130.0,600.0,2018,2018
3479,4260.0,TELANGANA,31.0,31.0,7.7,7.8,1168.0,1250.0,2.0,3.0,6.7,6.8,,,,,2018,2018
3480,4261.0,TELANGANA,27.0,27.0,6.4,6.4,5560.0,5560.0,,,62.5,62.5,,,,,2018,2018
3481,4262.0,TELANGANA,27.0,28.0,6.9,6.9,1694.0,2117.0,3.0,3.0,20.5,62.5,,,,,2018,2018
3482,4263.0,TELANGANA,27.0,32.0,7.0,7.3,3170.0,3590.0,,,25.3,30.3,,,,,2018,2018
3483,4264.0,TELANGANA,27.0,27.0,6.6,7.6,2842.0,3380.0,,,21.1,48.2,,,,,2018,2018
3484,4266.0,TELANGANA,28.0,28.0,6.9,6.9,1694.0,1694.0,3.0,3.0,62.5,62.5,,,,,2018,2018
3485,4267.0,TELANGANA,29.0,29.0,7.0,7.8,2036.0,3520.0,53.0,53.0,48.4,53.0,49.0,49.0,530.0,530.0,2018,2018
3486,4268.0,TELANGANA,26.0,26.0,6.7,7.4,1401.0,1722.0,12.0,16.0,0.5,10.9,2.0,2.0,430.0,430.0,2018,2018
3487,4269.0,TELANGANA,25.0,27.0,6.6,7.8,2676.0,3140.0,16.0,24.0,1.2,6.1,8.0,8.0,540.0,540.0,2018,2018
3488,4270.0,TELANGANA,25.0,29.0,7.1,7.3,2264.0,2448.0,8.0,10.0,12.6,32.6,4.0,4.0,220.0,220.0,2018,2018
3489,4271.0,TELANGANA,26.0,28.0,6.9,7.3,1853.0,1883.0,10.0,12.0,25.6,28.1,6.0,6.0,540.0,540.0,2018,2018
3490,4272.0,TELANGANA,28.0,30.0,7.4,7.6,709.0,791.0,2.0,6.0,1.2,2.7,2.0,2.0,220.0,220.0,2018,2018
3491,4273.0,TELANGANA,28.0,32.0,6.8,7.2,2954.0,3030.0,16.0,22.0,17.5,23.9,10.0,10.0,280.0,280.0,2018,2018
3492,4274.0,TELANGANA,28.0,33.0,7.1,7.6,1678.0,1953.0,3.0,10.0,18.3,20.7,2.0,2.0,540.0,540.0,2018,2018
3493,4275.0,TELANGANA,28.0,28.0,7.4,7.4,2185.0,2185.0,18.0,18.0,11.2,11.2,2.0,2.0,430.0,430.0,2018,2018
3494,4276.0,TELANGANA,27.0,29.0,7.5,7.8,1954.0,2036.0,,,48.4,55.5,,,,,2018,2018
3495,4277.0,TELANGANA,28.0,32.0,6.5,6.7,5940.0,6980.0,,,50.8,61.0,7.0,7.0,38.0,38.0,2018,2018
3496,4278.0,TELANGANA,28.0,33.0,6.5,7.1,798.0,4340.0,,,7.6,30.7,,,,,2018,2018
3497,4279.0,TELANGANA,28.0,28.0,8.2,8.2,2909.0,2909.0,,,16.3,16.3,7.0,7.0,38.0,38.0,2018,2018
3498,4280.0,TELANGANA,25.0,28.0,7.3,7.4,1807.0,7250.0,22.0,72.0,0.3,4.6,2.0,2.0,10.0,15.0,2018,2018
3499,4281.0,TELANGANA,27.0,27.0,6.7,7.0,3550.0,3820.0,,,11.1,16.2,,,,,2018,2018
3500,4282.0,TELANGANA,28.0,28.0,6.7,7.0,1401.0,1565.0,,,20.5,25.3,,,,,2018,2018
3501,4283.0,TELANGANA,26.0,27.0,6.9,7.2,4690.0,5680.0,0.0,0.0,52.1,66.1,4.0,4.0,70.0,70.0,2018,2018
3502,1944.0,WEST BENGAL,31.0,31.0,6.3,6.4,123.0,168.0,0.6,0.9,0.3,0.5,2.0,2.0,2.0,2.0,2018,2018
3503,4284.0,TELANGANA,26.0,27.0,7.1,7.2,1950.0,3390.0,,,40.6,66.5,5.0,5.0,62.0,62.0,2018,2018
3504,4285.0,TELANGANA,27.0,27.0,6.5,6.9,2687.0,2962.0,,,58.4,63.3,4.0,4.0,32.0,32.0,2018,2018
3505,4286.0,TELANGANA,27.0,27.0,7.0,7.6,456.0,3240.0,,,5.7,65.6,,,,,2018,2018
3506,4287.0,TELANGANA,32.0,32.0,6.9,7.0,1986.0,2494.0,,,36.6,63.5,,,,,2018,2018
3507,4288.0,TELANGANA,31.0,31.0,7.1,7.1,979.0,979.0,,,48.1,48.1,3.0,3.0,34.0,34.0,2018,2018
3508,4289.0,TELANGANA,27.0,29.0,6.6,7.0,1376.0,1436.0,,,32.5,51.5,5.0,5.0,39.0,39.0,2018,2018
3509,4290.0,TELANGANA,28.0,28.0,6.7,7.2,976.0,1237.0,24.0,24.0,7.2,26.3,38.0,38.0,,,2018,2018
3510,1405.0,TRIPURA,25.0,27.0,7.5,7.8,129.0,157.0,0.0,0.0,0.4,0.9,2.0,2.0,2.0,2.0,2018,2018
3511,1406.0,TRIPURA,25.0,28.0,5.9,6.5,134.0,181.0,0.0,0.0,0.3,0.4,2.0,2.0,2.0,2.0,2018,2018
3512,1730.0,TRIPURA,26.0,27.0,5.8,6.0,116.0,129.0,0.0,0.0,0.4,0.4,2.0,2.0,2.0,2.0,2018,2018
3513,1731.0,TRIPURA,25.0,27.0,6.4,6.5,108.0,113.0,0.0,0.0,0.2,0.3,2.0,2.0,2.0,2.0,2018,2018
3514,1732.0,TRIPURA,26.0,27.0,5.9,6.0,124.0,131.0,0.0,0.0,0.3,0.4,2.0,2.0,2.0,2.0,2018,2018
3515,1733.0,TRIPURA,25.0,27.0,6.3,6.4,124.0,156.0,0.0,0.0,0.2,0.3,2.0,2.0,2.0,2.0,2018,2018
3516,1734.0,TRIPURA,25.0,27.0,6.7,6.8,118.0,131.0,0.0,0.0,0.2,0.4,2.0,2.0,2.0,2.0,2018,2018
3517,3423.0,TRIPURA,26.0,28.0,6.4,6.8,137.0,138.0,0.0,0.0,0.3,0.4,2.0,2.0,2.0,2.0,2018,2018
3518,3424.0,TRIPURA,26.0,28.0,6.4,6.6,118.0,125.0,0.0,0.5,0.2,0.3,2.0,2.0,2.0,2.0,2018,2018
3519,3425.0,TRIPURA,27.0,28.0,6.2,6.9,135.0,147.0,0.0,0.0,0.3,0.3,2.0,2.0,2.0,2.0,2018,2018
3520,3426.0,TRIPURA,25.0,27.0,6.2,6.3,118.0,137.0,0.0,0.0,0.2,0.3,2.0,2.0,2.0,2.0,2018,2018
3521,3427.0,TRIPURA,27.0,27.0,6.4,6.4,109.0,122.0,0.0,0.5,0.2,0.2,2.0,2.0,2.0,2.0,2018,2018
3522,3428.0,TRIPURA,26.0,27.0,6.1,6.9,123.0,134.0,0.0,0.0,0.2,0.2,2.0,2.0,2.0,2.0,2018,2018
3523,3429.0,TRIPURA,26.0,27.0,6.3,6.6,128.0,145.0,0.0,0.2,0.2,0.2,2.0,2.0,2.0,2.0,2018,2018
3524,3430.0,TRIPURA,25.0,26.0,6.2,6.5,126.0,144.0,0.0,0.0,0.2,0.2,2.0,2.0,2.0,2.0,2018,2018
3525,3431.0,TRIPURA,26.0,27.0,5.9,5.9,122.0,137.0,0.0,0.4,0.1,0.2,2.0,2.0,2.0,2.0,2018,2018
3526,3432.0,TRIPURA,26.0,26.0,6.1,6.2,128.0,145.0,0.0,0.2,0.3,0.4,2.0,2.0,2.0,2.0,2018,2018
3527,3433.0,TRIPURA,25.0,26.0,6.3,6.6,138.0,177.0,0.0,0.4,0.3,0.3,2.0,2.0,2.0,2.0,2018,2018
3528,3434.0,TRIPURA,26.0,26.0,6.2,6.9,132.0,151.0,0.0,0.0,0.3,0.4,2.0,2.0,2.0,2.0,2018,2018
3529,3435.0,TRIPURA,25.0,26.0,6.5,7.0,142.0,187.0,0.0,0.1,0.2,0.3,2.0,2.0,2.0,2.0,2018,2018
3530,3436.0,TRIPURA,26.0,26.0,5.9,6.1,184.0,206.0,0.0,0.2,0.3,0.4,2.0,2.0,2.0,2.0,2018,2018
3531,4185.0,TRIPURA,26.0,26.0,7.1,7.1,135.0,135.0,0.2,0.2,0.2,0.2,,,,,2018,2018
3532,4186.0,TRIPURA,27.0,27.0,6.3,6.3,96.0,96.0,0.1,0.1,0.3,0.3,,,,,2018,2018
3533,4187.0,TRIPURA,27.0,27.0,7.0,7.0,96.0,96.0,0.1,0.1,0.3,0.3,,,,,2018,2018
3534,4188.0,TRIPURA,26.0,26.0,7.2,7.2,108.0,108.0,0.2,0.2,0.2,0.2,,,,,2018,2018
3535,4189.0,TRIPURA,27.0,27.0,6.9,6.9,97.0,97.0,0.1,0.1,0.2,0.2,,,,,2018,2018
3536,4190.0,TRIPURA,27.0,27.0,6.3,6.3,112.0,112.0,0.1,0.1,0.3,0.3,,,,,2018,2018
3537,4191.0,TRIPURA,26.0,26.0,7.0,7.0,106.0,106.0,0.1,0.1,0.3,0.3,,,,,2018,2018
3538,4200.0,TRIPURA,26.0,26.0,6.9,6.9,137.0,137.0,0.0,0.0,0.2,0.2,,,,,2018,2018
3539,4201.0,TRIPURA,27.0,27.0,5.9,5.9,143.0,143.0,0.1,0.1,0.2,0.2,,,,,2018,2018
3540,4202.0,TRIPURA,27.0,27.0,5.7,5.7,157.0,157.0,0.1,0.1,0.2,0.2,2.0,2.0,2.0,2.0,2018,2018
3541,4203.0,TRIPURA,26.0,26.0,6.1,6.1,151.0,151.0,0.1,0.1,0.3,0.3,2.0,2.0,2.0,2.0,2018,2018
3542,4204.0,TRIPURA,26.0,26.0,6.2,6.2,149.0,149.0,0.1,0.1,0.3,0.3,2.0,2.0,2.0,2.0,2018,2018
3543,4205.0,TRIPURA,27.0,27.0,6.3,6.3,144.0,144.0,0.1,0.1,0.4,0.4,2.0,2.0,2.0,2.0,2018,2018
3544,4206.0,TRIPURA,27.0,27.0,5.9,5.9,137.0,137.0,0.1,0.1,0.5,0.5,2.0,2.0,2.0,2.0,2018,2018
3545,4207.0,TRIPURA,27.0,27.0,6.5,6.5,148.0,148.0,0.1,0.1,0.3,0.3,2.0,2.0,2.0,2.0,2018,2018
3546,4208.0,TRIPURA,26.0,26.0,6.3,6.3,189.0,189.0,0.1,0.1,0.4,0.4,2.0,2.0,2.0,2.0,2018,2018
3547,4209.0,TRIPURA,27.0,27.0,6.5,6.5,151.0,151.0,0.0,0.0,0.3,0.3,2.0,2.0,2.0,2.0,2018,2018
3548,4210.0,TRIPURA,26.0,26.0,6.1,6.1,145.0,145.0,0.1,0.1,0.3,0.3,2.0,2.0,2.0,2.0,2018,2018
3549,4211.0,TRIPURA,26.0,26.0,6.3,6.3,150.0,150.0,0.0,0.0,0.3,0.3,2.0,2.0,2.0,2.0,2018,2018
3550,4212.0,TRIPURA,26.0,26.0,6.3,6.3,157.0,157.0,0.1,0.1,0.4,0.4,2.0,2.0,2.0,2.0,2018,2018
3551,4213.0,TRIPURA,27.0,27.0,6.3,6.3,135.0,135.0,0.2,0.2,0.3,0.3,2.0,2.0,2.0,2.0,2018,2018
3552,4214.0,TRIPURA,26.0,26.0,5.5,5.5,157.0,157.0,0.0,0.0,0.4,0.4,2.0,2.0,2.0,2.0,2018,2018
3553,4215.0,TRIPURA,26.0,26.0,5.4,5.4,183.0,183.0,0.0,0.0,0.4,0.4,2.0,2.0,2.0,2.0,2018,2018
3554,4216.0,TRIPURA,27.0,27.0,5.8,5.8,151.0,151.0,0.1,0.1,0.2,0.2,2.0,2.0,2.0,2.0,2018,2018
3555,4217.0,TRIPURA,26.0,26.0,6.1,6.1,165.0,165.0,0.0,0.0,0.2,0.2,2.0,2.0,2.0,2.0,2018,2018
3556,4218.0,TRIPURA,26.0,26.0,6.1,6.1,133.0,133.0,0.1,0.1,0.2,0.2,2.0,2.0,2.0,2.0,2018,2018
3557,1736.0,UTTAR PRADESH,20.0,26.0,5.2,7.6,142.0,990.0,1.4,5.6,,,180.0,200.0,360.0,400.0,2018,2018
3558,1737.0,UTTAR PRADESH,23.0,28.0,5.7,8.4,482.0,670.0,3.1,4.6,,0.3,180.0,2200.0,360.0,3400.0,2018,2018
3559,1738.0,UTTAR PRADESH,29.0,29.0,7.5,7.5,868.0,868.0,0.1,0.1,0.9,0.9,2.0,2.0,2.0,2.0,2018,2018
3560,1739.0,UTTAR PRADESH,29.0,29.0,7.2,7.2,1562.0,1562.0,2.7,2.7,0.8,0.8,2.0,2.0,2.0,2.0,2018,2018
3561,1740.0,UTTAR PRADESH,29.0,29.0,7.3,7.3,2475.0,2475.0,0.0,0.0,0.6,0.6,2.0,2.0,23.0,23.0,2018,2018
3562,1741.0,UTTAR PRADESH,29.0,29.0,7.4,7.4,786.0,786.0,0.0,0.0,0.5,0.5,2.0,2.0,2.0,2.0,2018,2018
3563,1742.0,UTTAR PRADESH,,,7.7,7.7,620.0,620.0,0.5,0.5,0.3,0.3,2.0,2.0,2.0,2.0,2018,2018
3564,1743.0,UTTAR PRADESH,,,7.7,7.7,886.0,886.0,0.0,0.0,6.3,6.3,2.0,2.0,2.0,2.0,2018,2018
3565,1744.0,UTTAR PRADESH,30.0,30.0,7.1,7.1,2056.0,2056.0,,,,,2.0,2.0,2.0,2.0,2018,2018
3566,1745.0,UTTAR PRADESH,30.0,30.0,7.3,7.3,1757.0,1757.0,,,,,2.0,2.0,2.0,2.0,2018,2018
3567,1746.0,UTTAR PRADESH,18.0,18.0,7.7,7.8,802.0,891.0,,,0.1,0.1,,,,,2018,2018
3568,1747.0,UTTAR PRADESH,19.0,19.0,7.8,7.8,869.0,901.0,,,0.2,0.2,,,,,2018,2018
3569,1751.0,UTTAR PRADESH,,,7.4,7.4,840.0,840.0,1.0,1.0,1.1,1.1,2.0,2.0,2.0,2.0,2018,2018
3570,1752.0,UTTAR PRADESH,23.0,24.0,7.3,7.4,1620.0,2060.0,1.0,1.1,0.4,0.4,2.0,2.0,2.0,2.0,2018,2018
3571,1753.0,UTTAR PRADESH,23.0,24.0,7.1,7.3,527.0,576.0,0.3,0.3,0.4,0.4,2.0,2.0,2.0,2.0,2018,2018
3572,1754.0,UTTAR PRADESH,23.0,24.0,7.2,7.5,760.0,890.0,0.2,0.3,0.3,0.4,2.0,2.0,2.0,2.0,2018,2018
3573,1755.0,UTTAR PRADESH,0.0,24.0,7.2,7.5,1490.0,1525.0,0.2,0.2,0.3,0.3,2.0,2.0,2.0,2.0,2018,2018
3574,1538.0,ASSAM,24.0,24.0,5.5,6.5,95.0,120.0,0.7,1.8,2.4,3.7,2.0,2.0,2.0,2.0,2018,2018
3575,1756.0,UTTAR PRADESH,21.0,27.0,7.5,7.7,457.0,470.0,1.4,1.4,,1.5,,,,,2018,2018
3576,1758.0,UTTAR PRADESH,21.0,27.0,7.6,7.7,502.0,525.0,0.9,0.9,,1.7,,,,,2018,2018
3577,1759.0,UTTAR PRADESH,25.0,26.0,6.7,7.2,796.0,848.0,0.3,0.4,1.3,1.5,,,,,2018,2018
3578,2467.0,UTTAR PRADESH,21.0,27.0,7.5,7.5,488.0,517.0,1.0,1.0,,1.9,,,,,2018,2018
3579,2468.0,UTTAR PRADESH,21.0,27.0,7.4,7.5,465.0,485.0,1.3,1.3,,1.3,,,,,2018,2018
3580,2469.0,UTTAR PRADESH,25.0,26.0,7.2,7.4,1082.0,1116.0,0.3,0.5,1.4,1.9,,,,,2018,2018
3581,2470.0,UTTAR PRADESH,25.0,26.0,6.9,7.3,1138.0,1382.0,0.3,0.5,1.5,1.8,,,,,2018,2018
3582,2471.0,UTTAR PRADESH,22.0,28.0,7.8,8.2,496.0,564.0,2.4,5.6,,0.5,180.0,43000.0,360.0,63000.0,2018,2018
3583,2474.0,UTTAR PRADESH,18.0,18.0,7.8,7.8,816.0,861.0,,,0.2,0.2,,,,,2018,2018
3584,2475.0,UTTAR PRADESH,19.0,19.0,7.9,8.1,851.0,977.0,,,0.2,0.2,,,,,2018,2018
3585,2478.0,UTTAR PRADESH,,,8.0,8.0,539.0,539.0,0.8,0.8,0.4,0.4,2.0,2.0,2.0,2.0,2018,2018
3586,1748.0,UTTARAKHAND,24.0,26.0,7.2,7.4,280.0,370.0,1.2,2.0,,,,,,,2018,2018
3587,3440.0,UTTARAKHAND,25.0,25.0,7.2,7.2,410.0,410.0,1.4,1.4,,,,,,,2018,2018
3588,3441.0,UTTARAKHAND,26.0,26.0,7.2,7.3,270.0,450.0,1.2,1.2,,,,,,,2018,2018
3589,3442.0,UTTARAKHAND,24.0,26.0,7.2,7.4,280.0,320.0,1.2,1.6,,,,,,,2018,2018
3590,3443.0,UTTARAKHAND,25.0,26.0,7.2,7.3,310.0,310.0,1.2,2.0,,,,,,,2018,2018
3591,3444.0,UTTARAKHAND,23.0,25.0,7.2,7.3,250.0,370.0,1.4,2.0,,,,,,,2018,2018
3592,3445.0,UTTARAKHAND,25.0,25.0,6.8,6.8,450.0,450.0,1.2,1.2,,,,,,,2018,2018
3593,3447.0,UTTARAKHAND,25.0,26.0,7.1,7.2,330.0,370.0,1.2,1.8,,,,,,,2018,2018
3594,3448.0,UTTARAKHAND,24.0,25.0,7.4,7.4,240.0,440.0,1.2,1.2,,,,,,,2018,2018
3595,3449.0,UTTARAKHAND,25.0,25.0,7.1,7.6,300.0,310.0,1.2,2.0,,,,,,,2018,2018
3596,3456.0,UTTARAKHAND,17.0,18.0,7.2,7.3,,,,,,,,,2.0,2.0,2018,2018
3597,3457.0,UTTARAKHAND,16.0,17.0,7.3,7.4,,,,,,,,,2.0,2.0,2018,2018
3598,1766.0,WEST BENGAL,30.0,31.0,7.1,7.5,681.0,835.0,0.6,0.6,0.1,0.1,2.0,8.0,2.0,11.0,2018,2018
3599,1767.0,WEST BENGAL,28.0,28.0,7.2,7.7,167.0,324.0,0.5,0.6,0.4,0.7,4.0,8.0,7.0,11.0,2018,2018
3600,1768.0,WEST BENGAL,28.0,31.0,7.3,7.5,737.0,810.0,0.5,0.7,0.9,1.0,2.0,4.0,2.0,8.0,2018,2018
3601,1769.0,WEST BENGAL,33.0,35.0,7.3,7.4,1889.0,2025.0,0.6,0.7,0.2,0.3,2.0,2.0,2.0,2.0,2018,2018
3602,1770.0,WEST BENGAL,32.0,34.0,7.2,7.2,2327.0,2380.0,0.4,0.6,0.3,0.4,2.0,2.0,2.0,2.0,2018,2018
3603,1771.0,WEST BENGAL,28.0,28.0,7.8,8.1,834.0,1258.0,0.2,3.0,0.1,0.4,2.0,2.0,2.0,2.0,2018,2018
3604,1772.0,WEST BENGAL,27.0,29.0,7.0,7.8,1176.0,1216.0,0.2,0.5,0.2,2.3,2.0,2.0,2.0,2.0,2018,2018
3605,1773.0,WEST BENGAL,29.0,32.0,7.2,8.0,1801.0,2087.0,0.6,1.9,0.3,0.4,130.0,220.0,350.0,900.0,2018,2018
3606,1774.0,WEST BENGAL,29.0,34.0,6.9,7.2,1949.0,6070.0,1.4,2.2,0.3,0.4,2.0,4.0,2.0,11.0,2018,2018
3607,1775.0,WEST BENGAL,28.0,32.0,7.2,8.0,1823.0,2378.0,1.7,1.9,0.3,0.3,2.0,2.0,2.0,4.0,2018,2018
3608,1776.0,WEST BENGAL,27.0,29.0,7.4,7.7,921.0,930.0,1.0,1.4,0.1,0.3,2.0,2.0,2.0,2.0,2018,2018
3609,1777.0,WEST BENGAL,27.0,28.0,7.6,7.9,981.0,1097.0,0.7,0.7,,0.3,2.0,2.0,2.0,2.0,2018,2018
3610,1778.0,WEST BENGAL,28.0,30.0,7.6,7.6,664.0,797.0,0.6,1.7,,0.5,2.0,13.0,2.0,23.0,2018,2018
3611,1779.0,WEST BENGAL,26.0,28.0,7.9,8.2,976.0,1032.0,0.3,0.3,0.1,0.1,2.0,2.0,2.0,2.0,2018,2018
3612,1813.0,WEST BENGAL,27.0,29.0,7.9,7.9,372.0,754.0,0.2,0.5,0.1,0.2,2.0,2.0,2.0,2.0,2018,2018
3613,1931.0,WEST BENGAL,27.0,33.0,7.4,8.2,270.0,2506.0,0.6,2.1,0.2,0.3,2.0,2.0,2.0,2.0,2018,2018
3614,1932.0,WEST BENGAL,27.0,28.0,7.8,8.5,758.0,897.0,0.8,2.2,0.4,0.8,2.0,2.0,2.0,2.0,2018,2018
3615,1933.0,WEST BENGAL,27.0,28.0,7.5,7.5,1354.0,1472.0,0.4,0.6,0.2,0.2,2.0,8.0,11.0,70.0,2018,2018
3616,1934.0,WEST BENGAL,28.0,28.0,7.6,7.8,2287.0,2546.0,1.3,1.5,0.3,0.4,2.0,2.0,2.0,2.0,2018,2018
3617,1935.0,WEST BENGAL,26.0,28.0,7.2,7.4,1611.0,1648.0,1.4,3.2,0.3,0.3,2.0,8.0,2.0,17.0,2018,2018
3618,1936.0,WEST BENGAL,27.0,28.0,6.9,7.5,871.0,937.0,0.9,2.7,,0.4,2.0,2.0,2.0,2.0,2018,2018
3619,1937.0,WEST BENGAL,27.0,31.0,7.5,8.3,294.0,2328.0,1.4,2.0,0.4,0.5,2.0,2.0,2.0,2.0,2018,2018
3620,1938.0,WEST BENGAL,28.0,31.0,8.1,8.7,1722.0,1749.0,0.9,1.3,0.1,1.2,2.0,2.0,2.0,2.0,2018,2018
3621,1939.0,WEST BENGAL,28.0,29.0,7.3,8.5,367.0,408.0,0.1,0.3,0.1,0.1,2.0,2.0,2.0,2.0,2018,2018
3622,1940.0,WEST BENGAL,29.0,29.0,7.8,8.7,520.0,524.0,0.4,0.5,0.1,0.2,2.0,2.0,2.0,2.0,2018,2018
3623,1941.0,WEST BENGAL,27.0,27.0,8.0,8.1,395.0,407.0,0.2,0.2,0.1,0.1,2.0,2.0,2.0,2.0,2018,2018
3624,1942.0,WEST BENGAL,31.0,32.0,7.2,7.5,1490.0,1501.0,0.4,0.5,0.2,0.4,2.0,2.0,2.0,2.0,2018,2018
3625,1943.0,WEST BENGAL,32.0,32.0,6.6,7.1,514.0,569.0,0.7,0.9,0.3,0.4,2.0,2.0,2.0,2.0,2018,2018
3626,1945.0,WEST BENGAL,23.0,24.0,7.1,7.9,602.0,610.0,0.1,0.7,0.1,0.1,2.0,2.0,2.0,2.0,2018,2018
3627,2510.0,WEST BENGAL,30.0,31.0,7.2,7.4,1035.0,1113.0,0.3,0.5,0.3,0.3,2.0,2.0,2.0,2.0,2018,2018
3628,2515.0,WEST BENGAL,27.0,28.0,7.7,8.5,587.0,695.0,0.1,0.2,0.1,0.1,2.0,2.0,2.0,2.0,2018,2018
3629,2516.0,WEST BENGAL,28.0,28.0,7.7,7.8,748.0,748.0,0.2,0.4,0.1,0.1,2.0,2.0,2.0,2.0,2018,2018
3630,2526.0,WEST BENGAL,18.0,29.0,6.2,7.1,180.0,181.0,0.4,1.6,0.4,0.6,70.0,110.0,260.0,350.0,2018,2018
3631,2528.0,WEST BENGAL,30.0,30.0,6.8,7.2,472.0,503.0,0.4,0.7,0.7,0.9,4.0,4.0,8.0,8.0,2018,2018
3632,2529.0,WEST BENGAL,28.0,29.0,6.8,8.0,862.0,957.0,0.5,0.8,0.6,1.0,2.0,2.0,2.0,2.0,2018,2018
3633,2530.0,WEST BENGAL,62.0,69.0,8.4,8.4,551.0,581.0,0.4,0.6,0.5,0.8,2.0,2.0,2.0,2.0,2018,2018
3634,2533.0,WEST BENGAL,29.0,30.0,6.9,7.1,742.0,754.0,0.8,1.0,0.2,0.6,2.0,2.0,2.0,2.0,2018,2018
3635,2535.0,WEST BENGAL,29.0,31.0,7.0,7.4,491.0,498.0,0.7,0.9,0.1,1.0,4.0,4.0,7.0,7.0,2018,2018
3636,2536.0,WEST BENGAL,27.0,30.0,6.2,6.6,915.0,956.0,0.7,0.8,0.9,1.0,2.0,2.0,2.0,2.0,2018,2018
3637,2537.0,WEST BENGAL,29.0,29.0,6.7,6.8,434.0,887.0,0.8,0.9,0.9,1.0,2.0,2.0,2.0,2.0,2018,2018
3638,2538.0,WEST BENGAL,27.0,30.0,7.0,7.1,348.0,372.0,0.7,0.9,0.2,1.0,2.0,2.0,2.0,2.0,2018,2018
3639,2540.0,WEST BENGAL,26.0,26.0,7.1,7.2,1308.0,1567.0,0.9,1.0,,0.1,2.0,9.0,4.0,14.0,2018,2018
3640,2542.0,WEST BENGAL,26.0,27.0,7.5,7.6,977.0,1048.0,0.5,0.7,0.8,0.9,2.0,2.0,2.0,2.0,2018,2018
3641,2543.0,WEST BENGAL,26.0,28.0,6.3,7.2,193.0,203.0,0.7,0.7,1.0,1.0,2.0,2.0,2.0,2.0,2018,2018
3642,2545.0,WEST BENGAL,28.0,33.0,6.7,7.0,1602.0,2097.0,0.6,0.8,0.2,1.0,2.0,4.0,2.0,9.0,2018,2018
3643,2546.0,WEST BENGAL,28.0,29.0,7.4,7.8,937.0,959.0,0.5,2.1,0.2,0.3,2.0,2.0,2.0,2.0,2018,2018
3644,2547.0,WEST BENGAL,27.0,32.0,7.2,7.7,9612.0,9631.0,0.8,1.2,,0.4,8.0,8.0,11.0,11.0,2018,2018
3645,2548.0,WEST BENGAL,29.0,30.0,7.7,8.5,395.0,2602.0,1.3,1.6,0.4,0.4,2.0,4.0,2.0,7.0,2018,2018
3646,26.0,ANDHRA PRADESH,25.0,25.0,7.4,7.8,1440.0,1808.0,1.0,1.2,3.6,3.7,2.0,2.0,400.0,400.0,2018,2018
3647,1513.0,ANDHRA PRADESH,26.0,26.0,7.6,8.1,1614.0,1751.0,1.0,1.2,2.7,3.6,2.0,2.0,400.0,800.0,2018,2018
3648,1514.0,ANDHRA PRADESH,25.0,25.0,7.3,7.5,1685.0,2039.0,1.0,1.6,0.9,3.9,2.0,2.0,400.0,400.0,2018,2018
3649,1516.0,ANDHRA PRADESH,25.0,25.0,7.6,8.7,845.0,2160.0,1.0,1.2,2.2,30.0,2.0,2.0,400.0,800.0,2018,2018
3650,1517.0,ANDHRA PRADESH,22.0,26.0,7.4,7.4,4340.0,5500.0,0.5,2.0,3.7,15.2,2.0,2.0,2.0,2.0,2018,2018
3651,1518.0,ANDHRA PRADESH,22.0,27.0,7.1,7.5,6140.0,6180.0,0.8,2.0,3.0,34.2,2.0,2.0,2.0,2.0,2018,2018
3652,1519.0,ANDHRA PRADESH,28.0,29.0,7.3,7.6,2120.0,2180.0,0.5,2.0,4.7,24.8,2.0,2.0,2.0,2.0,2018,2018
3653,1520.0,ANDHRA PRADESH,28.0,28.0,7.3,7.6,762.0,928.0,0.5,2.0,2.4,19.0,2.0,2.0,2.0,2.0,2018,2018
3654,1521.0,ANDHRA PRADESH,25.0,28.0,7.0,8.0,1938.0,2355.0,1.2,1.4,6.5,10.6,15.0,21.0,460.0,460.0,2018,2018
3655,1522.0,ANDHRA PRADESH,27.0,27.0,7.0,8.0,529.0,560.0,1.4,1.7,0.6,0.7,9.0,15.0,150.0,210.0,2018,2018
3656,1523.0,ANDHRA PRADESH,25.0,27.0,7.0,8.0,391.0,434.0,1.2,1.4,0.6,3.4,7.0,11.0,75.0,150.0,2018,2018
3657,1524.0,ANDHRA PRADESH,27.0,29.0,7.0,8.0,1057.0,1817.0,1.3,1.4,2.3,3.6,9.0,11.0,110.0,150.0,2018,2018
3658,3087.0,ANDHRA PRADESH,26.0,26.0,7.6,7.9,1360.0,2164.0,1.0,1.8,3.0,8.1,2.0,2.0,800.0,800.0,2018,2018
3659,3089.0,ANDHRA PRADESH,27.0,30.0,7.8,8.0,2238.0,2431.0,1.0,1.3,10.7,12.2,15.0,21.0,240.0,460.0,2018,2018
3660,3090.0,ANDHRA PRADESH,28.0,29.0,7.0,7.2,2277.0,2710.0,1.2,2.0,4.8,17.3,11.0,15.0,110.0,210.0,2018,2018
3661,3091.0,ANDHRA PRADESH,28.0,29.0,7.0,8.0,3100.0,4369.0,1.4,2.2,2.9,11.2,9.0,11.0,350.0,350.0,2018,2018
3662,3092.0,ANDHRA PRADESH,28.0,28.0,7.0,8.0,862.0,1191.0,1.3,1.7,5.7,7.3,11.0,15.0,150.0,150.0,2018,2018
3663,3093.0,ANDHRA PRADESH,30.0,30.0,7.0,7.0,1710.0,1935.0,0.8,1.4,7.2,12.1,9.0,11.0,75.0,210.0,2018,2018
3664,1533.0,ASSAM,18.0,22.0,6.0,6.1,45.0,448.0,1.1,2.5,0.3,0.4,2.0,2.0,2.0,2.0,2018,2018
3665,1534.0,ASSAM,26.0,26.0,5.4,6.4,105.0,1240.0,1.9,2.5,0.4,0.4,2.0,2.0,2.0,2.0,2018,2018
3666,1535.0,ASSAM,24.0,25.0,6.7,7.5,212.0,217.0,1.1,1.6,0.1,2.4,,,,,2018,2018
3667,1536.0,ASSAM,22.0,25.0,6.7,7.0,217.0,228.0,1.5,1.6,0.1,0.6,2.0,2.0,2.0,2.0,2018,2018
3668,1537.0,ASSAM,27.0,29.0,6.7,7.7,225.0,416.0,1.5,2.6,0.2,1.6,2.0,2.0,2.0,2.0,2018,2018
3669,1540.0,ASSAM,27.0,27.0,7.0,7.4,96.0,139.0,1.1,1.2,0.1,5.0,2.0,2.0,2.0,2.0,2018,2018
3670,1541.0,ASSAM,26.0,29.0,6.4,6.8,238.0,265.0,1.5,1.5,0.7,1.1,2.0,2.0,2.0,2.0,2018,2018
3671,1542.0,ASSAM,26.0,30.0,6.6,7.9,256.0,565.0,1.2,1.6,0.2,0.4,2.0,2.0,2.0,2.0,2018,2018
3672,2243.0,ASSAM,18.0,22.0,5.2,5.7,153.0,227.0,1.0,2.0,0.4,0.5,2.0,2.0,2.0,2.0,2018,2018
3673,2244.0,ASSAM,22.0,25.0,6.7,7.8,246.0,254.0,0.9,1.5,0.2,2.1,2.0,2.0,2.0,2.0,2018,2018
3674,2245.0,ASSAM,27.0,28.0,5.6,5.7,72.0,198.0,1.7,2.2,0.2,0.4,2.0,2.0,2.0,2.0,2018,2018
3675,2246.0,ASSAM,15.0,22.0,6.9,7.0,110.0,152.0,1.0,1.3,0.3,0.7,2.0,2.0,2.0,2.0,2018,2018
3676,2247.0,ASSAM,15.0,24.0,6.3,6.4,234.0,250.0,4.6,4.8,0.6,1.9,2.0,2.0,2.0,2.0,2018,2018
3677,2248.0,ASSAM,26.0,26.0,5.8,6.1,124.0,242.0,1.6,3.4,0.6,9.2,2.0,2.0,2.0,2.0,2018,2018
3678,2249.0,ASSAM,25.0,25.0,6.6,6.7,179.0,208.0,1.0,1.8,0.7,1.3,2.0,2.0,2.0,2.0,2018,2018
3679,2250.0,ASSAM,26.0,28.0,6.3,7.1,256.0,287.0,1.4,2.0,0.6,0.7,2.0,2.0,2.0,2.0,2018,2018
3680,2251.0,ASSAM,26.0,30.0,5.7,5.8,271.0,685.0,2.7,4.0,0.6,5.8,2.0,2.0,2.0,2.0,2018,2018
3681,2252.0,ASSAM,26.0,29.0,6.6,7.0,169.0,170.0,1.4,1.9,0.2,0.4,2.0,2.0,2.0,2.0,2018,2018
3682,2253.0,ASSAM,29.0,30.0,6.3,6.8,188.0,195.0,1.0,1.5,0.2,2.3,2.0,2.0,2.0,2.0,2018,2018
3683,2254.0,ASSAM,29.0,29.0,7.4,7.8,362.0,480.0,1.1,1.4,0.6,0.7,2.0,2.0,2.0,2.0,2018,2018
3684,2255.0,ASSAM,25.0,30.0,7.2,7.5,80.0,140.0,1.2,1.2,0.2,4.1,2.0,2.0,2.0,2.0,2018,2018
3685,2256.0,ASSAM,29.0,29.0,6.1,6.8,101.0,336.0,1.2,1.2,0.1,0.6,2.0,2.0,2.0,2.0,2018,2018
3686,2257.0,ASSAM,30.0,32.0,6.7,6.8,330.0,422.0,1.3,1.6,0.3,0.5,2.0,2.0,2.0,2.0,2018,2018
3687,2258.0,ASSAM,28.0,29.0,6.6,7.2,324.0,333.0,1.3,1.8,0.3,3.3,2.0,2.0,2.0,2.0,2018,2018
3688,2259.0,ASSAM,27.0,27.0,6.9,7.0,716.0,785.0,2.0,2.0,0.3,0.5,2.0,2.0,2.0,2.0,2018,2018
3689,2260.0,ASSAM,28.0,28.0,6.8,6.9,33.0,265.0,1.5,2.1,0.2,0.7,2.0,2.0,2.0,2.0,2018,2018
3690,2261.0,ASSAM,21.0,23.0,5.7,7.3,120.0,120.0,1.0,1.4,0.1,0.1,2.0,2.0,2.0,2.0,2018,2018
3691,2262.0,ASSAM,24.0,24.0,5.7,6.8,120.0,138.0,1.0,1.0,0.3,0.6,2.0,2.0,2.0,2.0,2018,2018
3692,2263.0,ASSAM,24.0,25.0,6.6,7.3,192.0,192.0,1.0,1.2,0.3,0.4,2.0,2.0,2.0,2.0,2018,2018
3693,2264.0,ASSAM,24.0,25.0,6.6,7.2,142.0,162.0,4.0,4.8,0.3,1.7,2.0,2.0,2.0,2.0,2018,2018
3694,3761.0,ASSAM,25.0,25.0,6.4,7.2,181.0,258.0,1.1,2.4,0.1,0.5,2.0,2.0,2.0,2.0,2018,2018
3695,3762.0,ASSAM,26.0,26.0,6.5,6.7,260.0,370.0,1.4,1.6,0.6,2.3,2.0,2.0,2.0,2.0,2018,2018
3696,3766.0,ASSAM,24.0,30.0,6.3,7.3,113.0,159.0,1.5,2.1,0.8,1.0,2.0,2.0,2.0,2.0,2018,2018
3697,3770.0,ASSAM,27.0,29.0,6.8,7.6,226.0,227.0,1.7,2.5,0.1,4.7,2.0,2.0,2.0,2.0,2018,2018
3698,3771.0,ASSAM,26.0,28.0,7.2,7.6,316.0,316.0,1.8,2.3,0.3,2.1,2.0,2.0,2.0,2.0,2018,2018
3699,3779.0,ASSAM,24.0,28.0,5.7,7.5,165.0,297.0,1.6,1.8,0.4,2.4,2.0,2.0,2.0,2.0,2018,2018
3700,3790.0,ASSAM,15.0,23.0,5.9,6.7,151.0,265.0,1.1,1.8,0.8,1.0,2.0,2.0,2.0,2.0,2018,2018
3701,3793.0,ASSAM,27.0,27.0,5.6,7.1,157.0,458.0,2.4,5.9,0.5,0.5,2.0,2.0,2.0,2.0,2018,2018
3702,3794.0,ASSAM,27.0,27.0,6.9,7.2,456.0,478.0,2.0,14.0,0.4,0.4,2.0,2.0,2.0,2.0,2018,2018
3703,3795.0,ASSAM,27.0,27.0,7.3,7.6,346.0,357.0,1.7,1.9,0.3,0.3,2.0,2.0,2.0,2.0,2018,2018
3704,3801.0,ASSAM,24.0,25.0,6.7,7.4,336.0,450.0,4.2,4.4,0.4,1.0,2.0,2.0,2.0,2.0,2018,2018
3705,3802.0,ASSAM,24.0,25.0,7.1,7.2,321.0,336.0,2.2,2.6,0.2,1.3,2.0,2.0,2.0,2.0,2018,2018
3706,3805.0,ASSAM,24.0,25.0,6.5,6.7,164.0,168.0,2.2,3.2,0.4,1.3,2.0,2.0,2.0,2.0,2018,2018
3707,3813.0,ASSAM,26.0,28.0,6.2,6.3,266.0,273.0,1.4,2.1,0.8,1.1,2.0,2.0,2.0,2.0,2018,2018
3708,3815.0,ASSAM,27.0,28.0,6.8,6.9,220.0,606.0,1.5,1.6,0.8,3.5,2.0,2.0,2.0,2.0,2018,2018
3709,3816.0,ASSAM,26.0,27.0,6.2,6.7,196.0,256.0,1.4,1.8,1.0,2.8,2.0,2.0,2.0,2.0,2018,2018
3710,3817.0,ASSAM,25.0,27.0,6.4,6.8,266.0,391.0,0.8,1.3,0.3,1.1,2.0,2.0,2.0,2.0,2018,2018
3711,3818.0,ASSAM,25.0,25.0,6.9,7.2,281.0,290.0,1.7,1.8,0.1,0.8,2.0,2.0,2.0,2.0,2018,2018
3712,4001.0,ASSAM,21.0,27.0,6.6,6.9,341.0,362.0,1.0,1.3,0.4,3.0,2.0,2.0,2.0,2.0,2018,2018
3713,4002.0,ASSAM,25.0,28.0,6.7,6.9,207.0,253.0,1.0,1.0,0.5,0.7,2.0,2.0,2.0,2.0,2018,2018
3714,4003.0,ASSAM,23.0,30.0,7.4,7.5,131.0,131.0,1.0,1.7,0.3,1.0,2.0,2.0,2.0,2.0,2018,2018
3715,4007.0,ASSAM,23.0,25.0,6.5,7.4,166.0,323.0,1.5,2.7,0.3,0.8,2.0,2.0,2.0,2.0,2018,2018
3716,4008.0,ASSAM,23.0,27.0,7.2,7.3,249.0,272.0,1.1,1.8,0.3,3.1,2.0,2.0,2.0,2.0,2018,2018
3717,4303.0,ASSAM,26.0,26.0,6.2,7.2,103.0,322.0,1.0,1.8,0.7,2.1,2.0,2.0,2.0,2.0,2018,2018
3718,1825.0,BIHAR,24.0,26.0,7.3,7.8,487.0,519.0,,,0.1,0.4,2.0,2.0,2.0,2.0,2018,2018
3719,1826.0,BIHAR,23.0,24.0,7.4,7.6,463.0,516.0,,,,0.1,2.0,2.0,2.0,2.0,2018,2018
3720,1827.0,BIHAR,24.0,24.0,7.4,7.4,465.0,539.0,,,,0.2,2.0,2.0,2.0,2.0,2018,2018
3721,1828.0,BIHAR,23.0,26.0,7.3,7.5,514.0,570.0,,,,0.3,2.0,2.0,2.0,2.0,2018,2018
3722,1829.0,BIHAR,22.0,24.0,7.0,7.2,477.0,555.0,,,,0.1,2.0,2.0,2.0,2.0,2018,2018
3723,1830.0,BIHAR,21.0,22.0,7.0,7.1,868.0,1190.0,,,,0.1,2.0,2.0,2.0,2.0,2018,2018
3724,1831.0,BIHAR,22.0,22.0,7.4,7.4,682.0,682.0,,,,,2.0,2.0,2.0,2.0,2018,2018
3725,1832.0,BIHAR,25.0,29.0,7.1,7.7,683.0,928.0,,,,,2.0,2.0,2.0,2.0,2018,2018
3726,1833.0,BIHAR,27.0,29.0,7.0,7.1,797.0,810.0,,,,,2.0,2.0,2.0,2.0,2018,2018
3727,1834.0,BIHAR,27.0,28.0,6.9,7.8,246.0,306.0,,,,0.2,2.0,2.0,2.0,2.0,2018,2018
3728,1835.0,BIHAR,27.0,27.0,6.7,7.6,283.0,798.0,,,,7.3,2.0,2.0,2.0,2.0,2018,2018
3729,1836.0,BIHAR,27.0,30.0,6.9,7.1,886.0,952.0,,,0.1,0.9,2.0,2.0,2.0,2.0,2018,2018
3730,1837.0,BIHAR,27.0,31.0,7.2,7.7,667.0,706.0,,,0.1,0.6,2.0,2.0,2.0,2.0,2018,2018
3731,1839.0,BIHAR,26.0,28.0,7.4,8.0,338.0,338.0,,,,0.2,2.0,2.0,2.0,2.0,2018,2018
3732,1840.0,BIHAR,24.0,27.0,8.0,8.1,418.0,727.0,,,,,2.0,2.0,2.0,2.0,2018,2018
3733,1841.0,BIHAR,28.0,28.0,7.0,7.2,461.0,716.0,,,0.1,0.2,2.0,2.0,2.0,2.0,2018,2018
3734,1842.0,BIHAR,27.0,27.0,7.0,7.0,478.0,710.0,,,0.1,0.3,2.0,2.0,2.0,2.0,2018,2018
3735,1843.0,BIHAR,23.0,28.0,6.9,7.0,510.0,911.0,,,0.5,0.5,2.0,2.0,2.0,2.0,2018,2018
3736,1844.0,BIHAR,23.0,25.0,6.6,7.0,1350.0,1460.0,,,6.7,9.8,2.0,2.0,2.0,2.0,2018,2018
3737,2576.0,BIHAR,25.0,28.0,7.0,7.0,610.0,906.0,,,0.1,0.3,2.0,2.0,2.0,2.0,2018,2018
3738,2577.0,BIHAR,27.0,30.0,6.7,8.2,189.0,198.0,,,0.1,0.2,2.0,2.0,2.0,2.0,2018,2018
3739,2578.0,BIHAR,20.0,24.0,7.2,7.3,518.0,725.0,,,0.1,3.2,2.0,2.0,2.0,2.0,2018,2018
3740,2579.0,BIHAR,24.0,28.0,7.1,7.2,512.0,745.0,,,0.1,1.8,2.0,2.0,2.0,2.0,2018,2018
3741,2580.0,BIHAR,27.0,30.0,7.1,7.1,498.0,889.0,,,,,2.0,2.0,2.0,2.0,2018,2018
3742,2581.0,BIHAR,28.0,28.0,7.4,7.4,186.0,186.0,,,,,,,,,2018,2018
3743,2582.0,BIHAR,29.0,29.0,7.5,7.5,401.0,401.0,,,,,,,,,2018,2018
3744,2583.0,BIHAR,22.0,25.0,6.7,6.8,1430.0,1680.0,,,,0.2,2.0,2.0,2.0,2.0,2018,2018
3745,2584.0,BIHAR,24.0,25.0,7.1,7.3,577.0,1000.0,,,,0.4,2.0,2.0,2.0,2.0,2018,2018
3746,2585.0,BIHAR,22.0,28.0,6.9,7.4,432.0,891.0,,,,0.4,2.0,2.0,2.0,2.0,2018,2018
3747,2586.0,BIHAR,27.0,29.0,6.9,7.3,278.0,402.0,,,0.1,1.1,2.0,2.0,2.0,2.0,2018,2018
3748,2587.0,BIHAR,29.0,29.0,6.7,6.7,867.0,867.0,,,0.5,0.5,,,,,2018,2018
3749,2588.0,BIHAR,27.0,31.0,6.7,7.5,204.0,336.0,,,,0.3,2.0,2.0,2.0,2.0,2018,2018
3750,2589.0,BIHAR,27.0,28.0,6.7,7.3,209.0,914.0,,,,10.3,2.0,2.0,2.0,2.0,2018,2018
3751,2590.0,BIHAR,29.0,29.0,7.1,7.1,545.0,545.0,,,0.2,0.2,,,,,2018,2018
3752,2591.0,BIHAR,24.0,27.0,6.9,7.1,448.0,891.0,,,1.6,2.1,2.0,2.0,2.0,2.0,2018,2018
3753,2592.0,BIHAR,25.0,27.0,6.8,6.9,501.0,917.0,,,0.1,0.3,2.0,2.0,2.0,2.0,2018,2018
3754,2593.0,BIHAR,25.0,27.0,7.0,7.0,445.0,926.0,,,0.1,0.2,2.0,2.0,2.0,2.0,2018,2018
3755,2594.0,BIHAR,28.0,28.0,7.1,7.2,207.0,278.0,,,,0.4,2.0,2.0,2.0,2.0,2018,2018
3756,2595.0,BIHAR,30.0,30.0,7.2,7.2,821.0,821.0,,,,,,,,,2018,2018
3757,2596.0,BIHAR,22.0,25.0,7.5,8.1,318.0,697.0,,,,,2.0,2.0,2.0,2.0,2018,2018
3758,2597.0,BIHAR,24.0,26.0,6.9,7.1,660.0,1560.0,,,0.1,0.3,2.0,2.0,2.0,2.0,2018,2018
3759,2598.0,BIHAR,27.0,29.0,7.0,7.3,521.0,843.0,,,,1.3,2.0,2.0,2.0,2.0,2018,2018
3760,2599.0,BIHAR,27.0,29.0,7.0,7.5,465.0,854.0,,,,2.1,2.0,2.0,2.0,2.0,2018,2018
3761,2600.0,BIHAR,21.0,24.0,7.0,7.9,986.0,1200.0,,,5.9,9.2,2.0,2.0,2.0,2.0,2018,2018
3762,3138.0,BIHAR,21.0,24.0,7.1,7.1,576.0,1160.0,,,0.1,8.7,2.0,2.0,2.0,2.0,2018,2018
3763,3139.0,BIHAR,28.0,30.0,6.8,7.8,140.0,212.0,,,0.1,0.1,2.0,2.0,2.0,2.0,2018,2018
3764,3140.0,BIHAR,24.0,26.0,7.1,7.2,604.0,890.0,,,,0.6,2.0,2.0,2.0,2.0,2018,2018
3765,2261.0,ASSAM,20.0,21.0,6.7,7.2,116.0,126.0,1.2,1.3,0.8,0.8,2.0,2.0,2.0,2.0,2019,2019
3766,3141.0,BIHAR,26.0,27.0,6.8,7.2,605.0,702.0,,,,,2.0,2.0,2.0,2.0,2018,2018
3767,3142.0,BIHAR,28.0,29.0,7.0,7.4,520.0,544.0,,,,2.6,2.0,2.0,2.0,2.0,2018,2018
3768,3143.0,BIHAR,22.0,24.0,7.2,7.4,410.0,573.0,,,,0.3,2.0,2.0,2.0,2.0,2018,2018
3769,3144.0,BIHAR,26.0,32.0,6.9,7.4,780.0,1007.0,,,,,2.0,2.0,2.0,2.0,2018,2018
3770,3145.0,BIHAR,25.0,28.0,7.0,7.1,256.0,502.0,,,0.1,0.5,2.0,2.0,2.0,2.0,2018,2018
3771,3146.0,BIHAR,25.0,26.0,7.2,7.4,540.0,844.0,,,0.1,0.5,2.0,2.0,2.0,2.0,2018,2018
3772,3147.0,BIHAR,30.0,30.0,7.7,7.7,323.0,323.0,,,0.3,0.3,,,,,2018,2018
3773,4185.0,TRIPURA,23.5,23.5,6.3,6.3,118.0,118.0,0.1,0.1,0.21,0.21,2.0,2.0,2.0,2.0,2019,2019
3774,4186.0,TRIPURA,25.0,25.0,6.0,6.0,102.0,102.0,0.2,0.2,0.23,0.23,2.0,2.0,2.0,2.0,2019,2019
3775,4187.0,TRIPURA,25.5,25.5,6.6,6.6,110.0,110.0,0.1,0.1,0.25,0.25,2.0,2.0,2.0,2.0,2019,2019
3776,4188.0,TRIPURA,25.0,25.0,6.8,6.8,106.0,106.0,0.1,0.1,0.2,0.2,2.0,2.0,2.0,2.0,2019,2019
3777,4189.0,TRIPURA,25.0,25.0,6.3,6.3,95.0,95.0,0.1,0.1,0.18,0.18,2.0,2.0,2.0,2.0,2019,2019
3778,4190.0,TRIPURA,25.5,25.5,5.7,5.7,98.0,98.0,0.2,0.2,0.21,0.21,2.0,2.0,2.0,2.0,2019,2019
3779,4191.0,TRIPURA,25.0,25.0,6.3,6.3,114.0,114.0,0.2,0.2,0.27,0.27,2.0,2.0,2.0,2.0,2019,2019
3780,4200.0,TRIPURA,25.0,25.0,6.2,6.2,119.0,119.0,0.0,0.0,0.19,0.19,2.0,2.0,2.0,2.0,2019,2019
3781,4201.0,TRIPURA,25.0,25.0,5.2,5.2,157.0,157.0,0.1,0.1,0.19,0.19,2.0,2.0,2.0,2.0,2019,2019
3782,4202.0,TRIPURA,25.0,25.0,5.6,5.6,169.0,169.0,0.3,0.3,0.16,0.16,2.0,2.0,2.0,2.0,2019,2019
3783,4203.0,TRIPURA,24.5,24.5,5.6,5.6,149.0,149.0,0.1,0.1,0.29,0.29,2.0,2.0,2.0,2.0,2019,2019
3784,4204.0,TRIPURA,25.0,25.0,5.8,5.8,137.0,137.0,0.2,0.2,0.36,0.36,2.0,2.0,2.0,2.0,2019,2019
3785,4205.0,TRIPURA,25.0,25.0,6.1,6.1,131.0,131.0,0.2,0.2,0.34,0.34,2.0,2.0,2.0,2.0,2019,2019
3786,4206.0,TRIPURA,25.0,25.0,5.6,5.6,121.0,121.0,0.2,0.2,0.45,0.45,2.0,2.0,2.0,2.0,2019,2019
3787,4207.0,TRIPURA,25.0,25.0,6.1,6.1,139.0,139.0,0.3,0.3,0.26,0.26,2.0,2.0,2.0,2.0,2019,2019
3788,4208.0,TRIPURA,25.0,25.0,5.8,5.8,143.0,143.0,0.4,0.4,0.32,0.32,2.0,2.0,2.0,2.0,2019,2019
3789,4209.0,TRIPURA,25.5,25.5,6.0,6.0,147.0,147.0,0.0,0.0,0.28,0.28,2.0,2.0,2.0,2.0,2019,2019
3790,4210.0,TRIPURA,25.0,25.0,5.8,5.8,130.0,130.0,0.1,0.1,0.27,0.27,2.0,2.0,2.0,2.0,2019,2019
3791,4211.0,TRIPURA,24.5,24.5,6.1,6.1,132.0,132.0,0.0,0.0,0.23,0.23,2.0,2.0,2.0,2.0,2019,2019
3792,4212.0,TRIPURA,24.0,24.0,6.0,6.0,124.0,124.0,0.2,0.2,0.34,0.34,2.0,2.0,2.0,2.0,2019,2019
3793,4213.0,TRIPURA,25.0,25.0,5.9,5.9,124.0,124.0,0.2,0.2,0.26,0.26,2.0,2.0,2.0,2.0,2019,2019
3794,4214.0,TRIPURA,25.0,25.0,5.6,5.6,149.0,149.0,0.2,0.2,0.27,0.27,2.0,2.0,2.0,2.0,2019,2019
3795,4215.0,TRIPURA,24.5,24.5,5.2,5.2,155.0,155.0,0.1,0.1,0.3,0.3,2.0,2.0,2.0,2.0,2019,2019
3796,4216.0,TRIPURA,25.0,25.0,5.4,5.4,140.0,140.0,0.2,0.2,0.18,0.18,2.0,2.0,2.0,2.0,2019,2019
3797,4217.0,TRIPURA,25.0,25.0,5.6,5.6,155.0,155.0,0.0,0.0,0.21,0.21,2.0,2.0,2.0,2.0,2019,2019
3798,4218.0,TRIPURA,24.5,24.5,5.9,5.9,126.0,126.0,0.2,0.2,0.18,0.18,2.0,2.0,2.0,2.0,2019,2019
3799,1736.0,UTTAR PRADESH,22.0,24.0,5.6,7.9,658.0,680.0,4.4,4.8,,,,,,,2019,2019
3800,1737.0,UTTAR PRADESH,22.0,24.0,5.6,5.8,618.0,680.0,5.0,5.4,,,2.0,2.0,2.0,2.0,2019,2019
3801,15.0,ANDHRA PRADESH,23.0,28.0,6.82,7.85,195.0,226.0,2.9,2.9,0.1,0.25,22.0,22.0,380.0,380.0,2012,2012
3802,16.0,ANDHRA PRADESH,27.0,28.0,7.21,7.72,663.0,1121.0,0.2,1.0,21.4,24.0,17.0,17.0,1600.0,1600.0,2012,2012
3803,26.0,ANDHRA PRADESH,26.0,32.0,7.19,7.39,1601.0,1661.0,0.5,0.5,0.19,0.28,2.0,2.0,700.0,700.0,2012,2012
3804,27.0,ANDHRA PRADESH,26.0,27.0,7.82,8.8,1420.0,1668.0,3.0,3.5,14.0,22.0,,,10.0,35.0,2012,2012
3805,1513.0,ANDHRA PRADESH,25.0,30.0,6.8,7.11,1454.0,1575.0,0.5,0.5,0.18,0.26,2.0,2.0,800.0,800.0,2012,2012
3806,1514.0,ANDHRA PRADESH,24.0,31.0,6.77,7.43,1559.0,1649.0,0.3,0.4,0.13,0.22,2.0,2.0,800.0,800.0,2012,2012
3807,1533.0,ASSAM,23.0,24.0,5.9,6.9,234.0,518.0,0.3,0.8,0.1,0.35,,,1.0,1.0,2012,2012
3808,1738.0,UTTAR PRADESH,27.0,27.0,7.3,7.5,615.0,675.0,1.8,1.8,0.68,0.68,2.0,13.0,2.0,2.0,2019,2019
3809,1739.0,UTTAR PRADESH,27.0,27.0,7.3,7.4,1214.0,1521.0,0.4,0.4,0.65,0.65,2.0,2.0,2.0,93.0,2019,2019
3810,1740.0,UTTAR PRADESH,28.0,28.0,7.6,7.7,428.0,1845.0,0.8,0.8,0.55,0.55,2.0,23.0,2.0,2.0,2019,2019
3811,1741.0,UTTAR PRADESH,27.0,27.0,7.4,7.6,573.0,878.0,1.2,1.2,0.42,0.42,2.0,540.0,2.0,220.0,2019,2019
3812,2924.0,PUNJAB,,,7.3,7.3,993.0,993.0,,,2.4,2.4,,,,,2019,2019
3813,2478.0,UTTAR PRADESH,26.0,26.0,7.3,7.8,487.0,587.0,,,1.24,1.62,2.0,2.0,2.0,2.0,2019,2019
3814,1745.0,UTTAR PRADESH,30.0,30.0,7.9,7.9,2050.0,2050.0,0.0,0.0,,,2.0,2.0,2.0,2.0,2019,2019
3815,1746.0,UTTAR PRADESH,19.0,19.0,7.8,7.8,1161.0,1161.0,,,0.11,0.11,,,,,2019,2019
3816,1747.0,UTTAR PRADESH,20.0,20.0,8.0,8.0,1189.0,1189.0,,,0.16,0.16,,,,,2019,2019
3817,1749.0,UTTAR PRADESH,18.0,18.0,7.2,7.2,695.0,695.0,,,2.2,2.2,,,,,2019,2019
3818,1750.0,UTTAR PRADESH,17.0,17.0,7.4,7.4,725.0,725.0,,,1.8,1.8,2.0,2.0,,,2019,2019
3819,1440.0,"DAMAN AND DIU, DADRA AND NAGAR HAVELI",29.0,32.0,7.5,7.8,578.0,834.0,,,4.1,7.7,2.0,2.0,2.0,2.0,2019,2019
3820,1752.0,UTTAR PRADESH,23.0,23.0,6.6,6.6,1730.0,1730.0,1.2,1.2,0.42,0.42,2.0,2.0,2.0,2.0,2019,2019
3821,1753.0,UTTAR PRADESH,20.0,23.0,6.9,7.9,501.0,1232.0,0.3,2.8,0.39,0.4,2.0,2.0,2.0,2.0,2019,2019
3822,1754.0,UTTAR PRADESH,20.0,24.0,6.9,7.0,960.0,982.0,0.4,0.7,0.38,0.4,2.0,2.0,2.0,2.0,2019,2019
3823,1755.0,UTTAR PRADESH,20.0,24.0,6.7,6.8,1198.0,1210.0,0.2,0.3,0.3,0.38,2.0,2.0,2.0,2.0,2019,2019
3824,1756.0,UTTAR PRADESH,22.0,25.5,7.6,7.6,422.0,482.0,1.3,1.3,1.6,1.8,,,,,2019,2019
3825,1758.0,UTTAR PRADESH,22.2,25.5,7.5,7.8,468.0,534.0,0.8,0.8,1.56,2.1,,,,,2019,2019
3826,1759.0,UTTAR PRADESH,25.3,26.3,6.8,7.1,848.0,956.0,0.2,0.3,1.08,1.14,2.0,2.0,2.0,2.0,2019,2019
3827,1760.0,UTTAR PRADESH,24.0,24.0,8.2,8.2,485.0,485.0,1.3,1.3,1.4,1.4,,,,,2019,2019
3828,2467.0,UTTAR PRADESH,22.2,26.0,7.6,7.6,482.0,525.0,0.9,0.9,2.4,194.0,,,,,2019,2019
3829,2468.0,UTTAR PRADESH,22.8,26.0,7.6,7.7,458.0,474.0,1.2,1.2,0.16,1.4,,,,,2019,2019
3830,2448.0,"DAMAN AND DIU, DADRA AND NAGAR HAVELI",28.0,32.0,7.3,8.0,1010.0,1479.0,,,1.0,5.6,4.0,6.0,2.0,2.0,2019,2019
3831,2469.0,UTTAR PRADESH,25.4,26.5,7.0,7.1,1188.0,1400.0,0.2,0.4,1.25,1.33,2.0,2.0,2.0,2.0,2019,2019
3832,2470.0,UTTAR PRADESH,25.3,26.2,7.1,7.1,1624.0,1673.0,0.3,0.4,1.54,1.61,2.0,2.0,2.0,2.0,2019,2019
3833,2471.0,UTTAR PRADESH,22.0,24.0,5.6,7.2,516.0,560.0,2.6,3.6,,,,,,,2019,2019
3834,2473.0,UTTAR PRADESH,17.0,17.0,7.1,7.1,715.0,715.0,,,2.1,2.1,2.0,2.0,,,2019,2019
3835,2474.0,UTTAR PRADESH,19.0,19.0,7.8,7.8,1182.0,1182.0,,,0.12,0.12,,,,,2019,2019
3836,2475.0,UTTAR PRADESH,18.0,18.0,8.1,8.1,1118.0,1118.0,,,0.14,0.14,,,,,2019,2019
3837,2477.0,UTTAR PRADESH,24.6,25.1,7.2,7.4,932.0,1582.0,,,,,,,,,2019,2019
3838,2449.0,"DAMAN AND DIU, DADRA AND NAGAR HAVELI",29.0,33.0,7.3,8.1,866.0,1940.0,,,1.9,7.4,2.0,2.0,2.0,2.0,2019,2019
3839,2479.0,UTTAR PRADESH,23.0,25.0,7.2,7.3,232.0,236.0,0.3,0.5,,,33.0,37.0,2.0,2.0,2019,2019
3840,2480.0,UTTAR PRADESH,19.0,19.0,7.0,7.0,340.0,340.0,,,,,,,,,2019,2019
3841,1748.0,UTTARAKHAND,28.0,30.0,7.5,7.5,240.0,360.0,2.4,3.2,,,,,,,2019,2019
3842,3440.0,UTTARAKHAND,29.0,30.0,6.8,7.5,390.0,535.0,1.6,1.8,,,,,,,2019,2019
3843,3441.0,UTTARAKHAND,29.0,30.0,7.1,7.5,323.0,520.0,1.4,13.0,,,,,,,2019,2019
3844,3442.0,UTTARAKHAND,29.0,29.0,7.4,7.6,296.0,306.0,1.4,1.8,,,,,,,2019,2019
3845,3443.0,UTTARAKHAND,29.0,30.0,7.4,7.5,263.0,320.0,2.0,2.4,,,,,,,2019,2019
3846,3444.0,UTTARAKHAND,32.0,32.0,7.2,7.2,350.0,350.0,1.2,1.2,,,,,,,2019,2019
3847,3445.0,UTTARAKHAND,32.0,32.0,7.4,7.4,580.0,580.0,1.6,1.6,,,,,,,2019,2019
3848,3446.0,UTTARAKHAND,26.0,30.0,7.3,7.5,249.0,420.0,1.4,1.6,,,,,,,2019,2019
3849,3447.0,UTTARAKHAND,28.6,28.6,7.3,7.3,320.0,320.0,1.8,1.8,,,,,,,2019,2019
3850,3451.0,UTTARAKHAND,17.0,20.0,7.4,7.4,451.0,970.0,,,,,2.0,2.0,,,2019,2019
3851,3452.0,UTTARAKHAND,19.0,19.0,7.1,7.1,1770.0,1770.0,,,,,2.0,2.0,,,2019,2019
3852,3453.0,UTTARAKHAND,18.0,18.0,7.2,7.7,372.0,1044.0,,,,,2.0,2.0,,,2019,2019
3853,3496.0,DELHI,,,7.0,7.0,939.0,1100.0,,,7.1,7.1,2.0,2.0,2.0,2.0,2019,2019
3854,3454.0,UTTARAKHAND,17.0,18.0,7.2,7.5,510.0,890.0,,,,,2.0,2.0,,,2019,2019
3855,3455.0,UTTARAKHAND,18.0,20.0,7.1,7.9,373.0,572.0,,,,,2.0,2.0,,,2019,2019
3856,3456.0,UTTARAKHAND,15.0,16.0,7.2,7.4,,,,,,,2.0,2.0,,,2019,2019
3857,3457.0,UTTARAKHAND,15.0,17.0,7.3,7.3,,,,,,,2.0,2.0,,,2019,2019
3858,1767.0,WEST BENGAL,26.0,27.0,8.0,8.2,174.0,431.0,0.5,0.6,0.11,0.21,,,,,2019,2019
3859,1768.0,WEST BENGAL,23.5,30.0,7.8,8.3,406.0,462.0,0.5,0.7,0.13,0.21,3.0,7.0,2.0,2.0,2019,2019
3860,1769.0,WEST BENGAL,31.0,31.0,7.3,7.9,1265.0,2422.0,0.4,0.7,0.38,0.75,,,,,2019,2019
3861,1770.0,WEST BENGAL,26.0,34.0,7.4,7.7,2090.0,2369.0,0.6,1.2,0.16,1.17,,,,,2019,2019
3862,1771.0,WEST BENGAL,27.0,28.0,7.3,7.6,868.0,1245.0,0.7,2.6,0.52,0.6,5.0,5.0,3.0,3.0,2019,2019
3863,1772.0,WEST BENGAL,27.0,29.0,7.4,7.9,377.0,1094.0,0.1,0.6,0.24,0.37,6.0,6.0,3.0,3.0,2019,2019
3864,1773.0,WEST BENGAL,29.0,31.0,7.6,7.7,2154.0,2463.0,0.5,0.6,0.12,1.44,220.0,300.0,110.0,110.0,2019,2019
3865,1774.0,WEST BENGAL,26.0,27.0,7.4,7.4,2309.0,2343.0,0.6,1.3,0.1,2.8,9.0,9.0,4.0,4.0,2019,2019
3866,1775.0,WEST BENGAL,27.0,27.0,7.4,7.7,2060.0,2300.0,0.6,1.4,0.05,0.05,4.0,4.0,2.0,2.0,2019,2019
3867,1776.0,WEST BENGAL,25.0,29.0,7.7,7.8,872.0,939.0,0.5,2.9,0.07,0.49,,,,,2019,2019
3868,1777.0,WEST BENGAL,28.0,28.0,7.9,8.2,966.0,1101.0,0.8,1.4,0.03,0.29,2.0,4.0,2.0,2.0,2019,2019
3869,1778.0,WEST BENGAL,24.0,29.0,7.5,7.8,738.0,836.0,0.9,1.3,0.15,0.34,,,,,2019,2019
3870,1779.0,WEST BENGAL,27.0,28.0,7.6,8.4,635.0,999.0,0.2,0.3,0.49,1.0,4.0,4.0,3.0,3.0,2019,2019
3871,1813.0,WEST BENGAL,22.0,27.0,7.4,7.5,487.0,722.0,0.2,0.3,0.17,0.22,3.0,3.0,2.0,2.0,2019,2019
3872,1931.0,WEST BENGAL,29.0,30.0,7.4,7.4,2642.0,3047.0,0.3,4.0,0.12,0.33,,,,,2019,2019
3873,1932.0,WEST BENGAL,28.0,31.0,7.6,7.9,894.0,957.0,0.2,0.4,0.14,0.33,,,,,2019,2019
3874,1933.0,WEST BENGAL,28.0,30.0,7.0,7.3,1518.0,1715.0,0.3,0.8,0.05,0.67,2.0,2.0,2.0,2.0,2019,2019
3875,1934.0,WEST BENGAL,28.0,29.0,7.3,7.6,2634.0,2992.0,0.1,0.5,0.07,0.86,,,,,2019,2019
3876,1935.0,WEST BENGAL,29.0,30.0,7.1,7.5,1648.0,1936.0,0.4,0.6,0.05,1.94,14.0,14.0,9.0,9.0,2019,2019
3877,1936.0,WEST BENGAL,28.0,28.0,7.8,7.9,949.0,1009.0,0.3,0.8,0.48,4.75,2.0,2.0,,,2019,2019
3878,1937.0,WEST BENGAL,29.0,30.0,7.4,7.8,387.0,2992.0,0.7,3.1,0.03,0.13,,,,,2019,2019
3879,1938.0,WEST BENGAL,27.0,30.0,8.3,8.4,828.0,1788.0,0.4,0.5,0.66,0.89,6.0,6.0,3.0,3.0,2019,2019
3880,1939.0,WEST BENGAL,27.0,28.0,7.5,7.7,358.0,385.0,0.5,0.7,0.48,0.49,,,,,2019,2019
3881,1940.0,WEST BENGAL,21.0,27.0,7.3,7.4,560.0,893.0,0.3,0.4,0.27,0.56,2.0,2.0,2.0,2.0,2019,2019
3882,1941.0,WEST BENGAL,27.0,28.0,7.6,7.8,405.0,494.0,0.3,0.5,0.5,0.73,2.0,2.0,2.0,2.0,2019,2019
3883,1942.0,WEST BENGAL,31.0,31.0,7.6,7.7,1319.0,1701.0,0.3,0.4,0.03,0.12,,,,,2019,2019
3884,1943.0,WEST BENGAL,25.0,31.0,7.0,7.5,501.0,593.0,0.5,0.6,0.17,0.9,,,,,2019,2019
3885,1945.0,WEST BENGAL,25.0,39.0,7.6,7.9,440.0,551.0,0.3,0.3,0.14,0.15,5.0,5.0,3.0,3.0,2019,2019
3886,2510.0,WEST BENGAL,29.0,32.0,7.3,7.8,1029.0,1154.0,0.5,0.5,0.22,1.96,,,,,2019,2019
3887,2515.0,WEST BENGAL,27.0,28.0,7.3,8.3,571.0,597.0,0.3,0.5,0.36,0.43,4.0,4.0,3.0,3.0,2019,2019
3888,2516.0,WEST BENGAL,27.0,28.0,7.6,7.6,575.0,746.0,0.4,0.8,0.12,0.35,2.0,2.0,2.0,2.0,2019,2019
3889,2526.0,WEST BENGAL,26.0,26.0,6.9,7.4,89.0,261.0,0.8,2.8,1.11,2.69,110.0,140.0,70.0,90.0,2019,2019
3890,2528.0,WEST BENGAL,24.0,27.5,8.1,8.4,404.0,610.0,0.5,0.8,0.11,0.55,3.0,4.0,2.0,2.0,2019,2019
3891,2529.0,WEST BENGAL,26.0,27.5,7.7,8.1,972.0,1102.0,0.7,0.9,0.06,0.7,,,,,2019,2019
3892,2530.0,WEST BENGAL,60.0,66.0,8.9,9.1,532.0,636.0,0.5,0.6,0.15,0.24,,,,,2019,2019
3893,2533.0,WEST BENGAL,28.0,32.0,8.1,8.3,667.0,835.0,0.8,0.9,0.19,0.58,3.0,4.0,2.0,2.0,2019,2019
3894,2535.0,WEST BENGAL,29.0,32.0,8.0,8.4,450.0,507.0,0.9,0.9,0.05,0.87,2.0,3.0,2.0,2.0,2019,2019
3895,2536.0,WEST BENGAL,28.0,29.0,8.0,8.1,1168.0,1233.0,0.7,0.9,0.66,0.91,2.0,3.0,2.0,2.0,2019,2019
3896,2537.0,WEST BENGAL,29.0,30.0,7.9,8.1,569.0,1056.0,0.8,0.9,0.71,0.92,2.0,2.0,2.0,2.0,2019,2019
3897,2538.0,WEST BENGAL,28.0,29.0,8.1,8.3,317.0,392.0,0.9,0.9,0.2,0.84,,,,,2019,2019
3898,2540.0,WEST BENGAL,26.5,27.0,7.8,8.3,1228.0,1502.0,0.9,0.9,0.11,0.12,,,,,2019,2019
3899,2542.0,WEST BENGAL,27.0,27.5,7.9,8.1,635.0,1984.0,0.6,0.6,0.61,0.78,,,,,2019,2019
3900,2543.0,WEST BENGAL,26.0,28.5,7.0,7.5,191.0,216.0,0.6,0.7,0.73,0.92,,,,,2019,2019
3901,2545.0,WEST BENGAL,25.0,27.0,7.3,7.8,1643.0,1984.0,0.6,0.6,0.1,0.95,2.0,2.0,2.0,2.0,2019,2019
3902,2546.0,WEST BENGAL,29.0,30.0,7.5,7.7,944.0,1118.0,0.6,0.7,0.1,0.23,,,,,2019,2019
3903,2547.0,WEST BENGAL,28.0,28.0,7.5,7.8,273.0,9146.0,3.5,5.7,0.12,0.19,,,,,2019,2019
3904,2548.0,WEST BENGAL,29.0,30.0,7.7,7.9,303.0,388.0,2.4,3.2,0.15,0.81,7.0,8.0,2.0,4.0,2019,2019
3905,4706.0,WEST BENGAL,28.0,28.0,7.3,7.3,866.0,866.0,0.7,0.7,0.32,0.32,,,,,2019,2019
3906,4707.0,WEST BENGAL,27.0,27.0,8.4,8.4,294.0,294.0,0.8,0.8,0.31,0.31,,,,,2019,2019
3907,4708.0,WEST BENGAL,28.0,28.0,7.6,7.6,776.0,776.0,0.6,0.6,0.28,0.28,,,,,2019,2019
3908,4709.0,WEST BENGAL,28.0,28.0,7.8,7.8,263.0,263.0,0.2,0.2,0.25,0.25,2.0,2.0,2.0,2.0,2019,2019
3909,4712.0,WEST BENGAL,31.0,31.0,7.9,7.9,3367.0,3367.0,0.8,0.8,0.43,0.43,,,,,2019,2019
3910,4714.0,WEST BENGAL,24.0,24.0,8.0,8.0,699.0,699.0,0.7,0.7,0.13,0.13,5.0,5.0,3.0,3.0,2019,2019
3911,4713.0,WEST BENGAL,31.0,31.0,7.7,7.7,1890.0,1890.0,0.4,0.4,,,,,,,2019,2019
3912,4715.0,WEST BENGAL,24.0,24.0,7.2,7.2,380.0,380.0,0.6,0.6,0.22,0.22,,,,,2019,2019
3913,4716.0,WEST BENGAL,27.0,27.0,7.5,7.5,392.0,392.0,0.7,0.7,0.53,0.53,,,,,2019,2019
3914,4721.0,WEST BENGAL,28.0,28.0,7.7,7.7,91.0,91.0,0.2,0.2,0.5,0.5,,,,,2019,2019
3915,4726.0,WEST BENGAL,21.0,21.0,7.2,7.2,161.0,161.0,0.5,0.5,0.3,0.3,,,,,2019,2019
3916,4730.0,WEST BENGAL,26.0,26.0,7.6,7.6,882.0,882.0,0.8,0.8,1.77,1.77,,,,,2019,2019
3917,4731.0,WEST BENGAL,26.0,26.0,7.7,7.7,293.0,293.0,0.3,0.3,0.45,0.45,,,,,2019,2019
3918,4732.0,WEST BENGAL,28.0,28.0,7.9,7.9,611.0,611.0,0.6,0.6,0.88,0.88,,,,,2019,2019
3919,4733.0,WEST BENGAL,26.0,26.0,7.4,7.4,365.0,365.0,0.5,0.5,1.71,1.71,,,,,2019,2019
3920,4737.0,WEST BENGAL,28.0,28.0,7.7,7.7,7439.0,7439.0,0.5,0.5,0.93,0.93,,,,,2019,2019
3921,26.0,ANDHRA PRADESH,25.0,26.0,7.8,7.9,1814.0,1841.0,0.8,1.4,0.48,3.43,39.0,400.0,2.0,3.0,2019,2019
3922,1513.0,ANDHRA PRADESH,26.0,26.0,7.4,7.7,1796.0,1873.0,0.8,1.4,0.74,3.81,64.0,800.0,2.0,3.0,2019,2019
3923,1514.0,ANDHRA PRADESH,25.0,26.0,7.4,7.7,1561.0,1875.0,1.2,4.1,0.83,0.85,21.0,400.0,2.0,3.0,2019,2019
3924,1516.0,ANDHRA PRADESH,19.0,19.0,7.8,8.1,890.0,1566.0,1.2,1.2,1.5,1.66,21.0,400.0,2.0,3.0,2019,2019
3925,1517.0,ANDHRA PRADESH,22.0,22.0,7.5,7.5,5010.0,5010.0,0.8,0.8,4.0,4.0,2.0,2.0,2.0,2.0,2019,2019
3926,1518.0,ANDHRA PRADESH,21.0,23.0,6.8,7.2,6620.0,7410.0,0.7,0.8,2.1,3.96,2.0,2.0,2.0,2.0,2019,2019
3927,1519.0,ANDHRA PRADESH,29.0,30.0,6.6,7.0,1820.0,2160.0,0.5,1.0,1.7,2.9,2.0,2.0,2.0,2.0,2019,2019
3928,1520.0,ANDHRA PRADESH,29.0,30.0,6.7,7.4,789.0,830.0,0.5,0.8,1.2,2.14,2.0,2.0,2.0,2.0,2019,2019
3929,1521.0,ANDHRA PRADESH,28.0,28.0,7.4,8.5,2229.0,2295.0,1.2,1.5,10.81,16.35,150.0,240.0,11.0,21.0,2019,2019
3930,1522.0,ANDHRA PRADESH,27.0,27.0,7.0,8.3,597.0,2669.0,1.0,1.4,0.38,10.47,93.0,150.0,9.0,11.0,2019,2019
3931,1523.0,ANDHRA PRADESH,29.0,31.0,7.4,7.4,289.0,326.0,0.8,1.7,0.09,0.28,28.0,45.0,3.0,4.0,2019,2019
3932,1524.0,ANDHRA PRADESH,27.0,30.0,7.6,7.8,1089.0,2641.0,1.1,1.3,1.17,2.27,93.0,120.0,7.0,9.0,2019,2019
3933,3087.0,ANDHRA PRADESH,26.0,28.0,7.5,7.8,2093.0,2152.0,0.8,1.0,2.74,2.8,75.0,800.0,2.0,3.0,2019,2019
3934,3089.0,ANDHRA PRADESH,28.0,28.0,7.6,8.7,982.0,2359.0,2.0,2.0,9.98,10.84,21.0,150.0,11.0,15.0,2019,2019
3935,3090.0,ANDHRA PRADESH,27.0,28.0,7.1,7.6,3543.0,4652.0,0.3,1.6,11.27,23.85,23.0,150.0,9.0,15.0,2019,2019
3936,3091.0,ANDHRA PRADESH,27.0,28.0,7.4,7.5,1997.0,2849.0,1.3,1.9,5.09,5.22,93.0,240.0,7.0,9.0,2019,2019
3937,3092.0,ANDHRA PRADESH,26.0,27.0,7.3,8.4,1059.0,1200.0,0.5,1.3,8.14,10.53,63.0,150.0,7.0,15.0,2019,2019
3938,3093.0,ANDHRA PRADESH,28.0,29.0,7.8,8.2,1274.0,1876.0,0.8,2.6,10.41,20.06,110.0,110.0,7.0,11.0,2019,2019
3939,4350.0,ANDHRA PRADESH,26.0,26.0,7.0,7.9,967.0,1291.0,0.6,1.7,10.5,11.22,63.0,63.0,7.0,7.0,2019,2019
3940,4353.0,ANDHRA PRADESH,25.0,25.0,7.5,7.5,2457.0,2457.0,1.0,1.0,10.96,10.96,63.0,63.0,4.0,4.0,2019,2019
3941,4354.0,ANDHRA PRADESH,25.0,25.0,7.9,7.9,13150.0,13150.0,2.3,2.3,5.3,5.3,39.0,39.0,9.0,9.0,2019,2019
3942,4355.0,ANDHRA PRADESH,26.0,26.0,7.5,7.5,314.0,314.0,1.1,1.1,9.97,9.97,75.0,75.0,15.0,15.0,2019,2019
3943,4360.0,ANDHRA PRADESH,25.0,25.0,7.1,7.1,1560.0,1560.0,1.2,1.2,8.94,8.94,93.0,93.0,4.0,4.0,2019,2019
3944,4364.0,ANDHRA PRADESH,27.0,27.0,7.3,7.3,892.0,892.0,1.5,1.5,7.65,7.65,69.0,69.0,4.0,4.0,2019,2019
3945,4376.0,ANDHRA PRADESH,25.0,29.0,7.6,7.9,2990.0,3082.0,1.2,1.2,3.22,3.84,400.0,460.0,2.0,3.0,2019,2019
3946,4377.0,ANDHRA PRADESH,26.0,26.0,7.9,8.5,1770.0,5590.0,0.8,0.8,2.84,4.02,23.0,800.0,2.0,3.0,2019,2019
3947,4380.0,ANDHRA PRADESH,21.0,22.0,7.1,7.5,782.0,972.0,0.8,0.8,3.6,4.97,28.0,220.0,2.0,3.0,2019,2019
3948,4382.0,ANDHRA PRADESH,21.0,21.0,7.5,7.5,3800.0,3800.0,0.8,0.8,6.0,6.0,15.0,15.0,3.0,3.0,2019,2019
3949,3483.0,DELHI,,,6.9,7.2,1580.0,1820.0,,,4.81,4.9,2.0,2400.0,2.0,230.0,2019,2019
3950,4384.0,ANDHRA PRADESH,24.0,30.0,7.4,8.2,6320.0,10000.0,0.8,1.8,5.4,9.2,120.0,380.0,2.0,3.0,2019,2019
3951,4392.0,ANDHRA PRADESH,28.0,36.0,6.5,6.9,1230.0,1280.0,0.5,0.5,1.13,3.6,2.0,2.0,2.0,2.0,2019,2019
3952,4393.0,ANDHRA PRADESH,24.0,26.0,7.2,7.4,2870.0,3230.0,0.7,2.6,3.6,9.5,2.0,2.0,2.0,2.0,2019,2019
3953,4394.0,ANDHRA PRADESH,25.0,26.0,6.4,7.0,2370.0,3470.0,0.5,1.5,2.1,19.6,2.0,2.0,2.0,2.0,2019,2019
3954,4395.0,ANDHRA PRADESH,21.0,25.0,6.7,7.2,2240.0,2820.0,0.7,0.7,1.9,2.7,2.0,2.0,2.0,2.0,2019,2019
3955,1533.0,ASSAM,19.0,26.0,6.5,6.8,145.0,452.0,1.7,2.6,0.8,0.8,2.0,2.0,2.0,2.0,2019,2019
3956,1534.0,ASSAM,21.0,26.0,6.6,7.0,60.0,97.0,1.6,3.8,1.0,1.1,2.0,2.0,2.0,2.0,2019,2019
3957,1535.0,ASSAM,23.0,25.0,7.1,7.6,213.0,290.0,1.8,2.8,1.0,1.2,2.0,2.0,2.0,2.0,2019,2019
3958,1536.0,ASSAM,24.0,30.0,7.2,7.9,233.0,296.0,1.0,2.0,0.7,1.0,2.0,2.0,2.0,2.0,2019,2019
3959,1537.0,ASSAM,25.0,25.0,7.0,7.5,130.0,237.0,1.1,2.3,1.2,3.2,2.0,2.0,2.0,2.0,2019,2019
3960,1538.0,ASSAM,23.0,24.0,6.3,6.4,96.0,116.0,1.2,2.0,1.0,1.7,2.0,2.0,2.0,2.0,2019,2019
3961,1539.0,ASSAM,26.0,27.0,7.2,7.5,278.0,578.0,1.3,1.6,0.7,0.7,2.0,2.0,2.0,2.0,2019,2019
3962,1540.0,ASSAM,26.0,28.0,7.2,7.3,104.0,110.0,1.4,1.8,1.1,1.2,2.0,2.0,2.0,2.0,2019,2019
3963,1541.0,ASSAM,22.0,29.0,7.1,7.2,187.0,445.0,1.2,1.2,0.5,2.8,2.0,2.0,2.0,2.0,2019,2019
3964,1542.0,ASSAM,25.0,26.0,7.0,7.1,44.0,49.0,1.5,2.6,0.7,1.0,2.0,2.0,2.0,2.0,2019,2019
3965,2243.0,ASSAM,18.0,26.0,5.4,6.6,214.0,221.0,1.8,2.7,0.7,0.9,2.0,2.0,2.0,2.0,2019,2019
3966,2244.0,ASSAM,25.0,30.0,7.3,7.6,245.0,283.0,0.8,2.0,1.0,2.0,2.0,2.0,2.0,2.0,2019,2019
3967,2245.0,ASSAM,24.0,27.0,5.4,6.6,116.0,140.0,1.3,4.2,1.0,1.0,2.0,2.0,2.0,2.0,2019,2019
3968,2246.0,ASSAM,18.0,24.0,7.0,7.2,109.0,144.0,1.1,2.1,0.7,1.0,2.0,2.0,2.0,2.0,2019,2019
3969,2247.0,ASSAM,18.0,24.0,6.8,6.9,23.0,191.0,1.2,1.8,0.8,1.0,2.0,2.0,2.0,2.0,2019,2019
3970,2248.0,ASSAM,28.0,30.0,7.0,7.1,135.0,140.0,1.5,3.4,0.7,0.8,2.0,2.0,2.0,2.0,2019,2019
3971,2249.0,ASSAM,26.0,27.0,6.7,7.2,137.0,268.0,1.0,2.0,0.3,0.7,2.0,2.0,2.0,2.0,2019,2019
3972,2250.0,ASSAM,24.0,29.0,7.1,7.3,164.0,364.0,1.3,1.9,1.0,1.3,2.0,2.0,2.0,2.0,2019,2019
3973,2251.0,ASSAM,27.0,29.0,6.3,6.3,40.0,919.0,1.3,4.0,0.7,1.6,2.0,2.0,2.0,2.0,2019,2019
3974,2252.0,ASSAM,25.0,26.0,6.9,7.2,162.0,170.0,2.0,3.8,0.6,0.9,2.0,2.0,2.0,2.0,2019,2019
3975,2253.0,ASSAM,26.0,29.0,6.8,7.8,171.0,301.0,1.2,4.2,0.6,1.1,2.0,2.0,2.0,2.0,2019,2019
3976,2254.0,ASSAM,28.0,28.0,7.0,7.6,264.0,364.0,1.3,1.4,0.8,0.9,2.0,2.0,2.0,2.0,2019,2019
3977,2255.0,ASSAM,23.0,28.0,7.2,7.3,96.0,99.0,1.1,3.0,0.8,0.9,2.0,2.0,2.0,2.0,2019,2019
3978,2256.0,ASSAM,26.0,29.0,6.5,7.1,168.0,268.0,1.1,1.2,1.0,1.1,2.0,2.0,2.0,2.0,2019,2019
3979,2257.0,ASSAM,28.0,30.0,7.0,7.0,180.0,280.0,1.3,1.7,1.0,1.0,2.0,2.0,2.0,2.0,2019,2019
3980,2258.0,ASSAM,25.0,29.0,7.0,7.7,201.0,299.0,1.3,2.0,1.0,1.2,2.0,2.0,2.0,2.0,2019,2019
3981,2259.0,ASSAM,20.0,27.0,7.2,8.1,56.0,739.0,1.2,4.0,1.1,2.0,2.0,2000.0,2.0,730.0,2019,2019
3982,2260.0,ASSAM,23.0,24.0,5.8,6.2,90.0,152.0,1.0,1.6,0.8,1.6,2.0,2.0,2.0,2.0,2019,2019
3983,4559.0,LAKSHADWEEP,29.6,29.6,,,2510.0,4520.0,,,,,,,,,2019,2019
3984,2262.0,ASSAM,23.0,23.0,6.1,7.2,102.0,112.0,1.4,1.9,0.7,0.8,2.0,2.0,2.0,2.0,2019,2019
3985,2263.0,ASSAM,23.0,24.0,6.4,6.4,186.0,196.0,1.2,1.3,0.7,0.9,2.0,2.0,2.0,2.0,2019,2019
3986,2264.0,ASSAM,23.0,24.0,6.3,6.4,142.0,148.0,1.3,4.2,1.0,1.3,2.0,2.0,2.0,2.0,2019,2019
3987,3761.0,ASSAM,28.0,32.0,7.0,7.3,149.0,151.0,1.3,2.4,0.5,0.7,2.0,2.0,2.0,2.0,2019,2019
3988,3762.0,ASSAM,26.0,28.0,7.1,7.7,42.0,345.0,1.2,1.4,0.5,0.7,2.0,2.0,2.0,2.0,2019,2019
3989,3766.0,ASSAM,26.0,27.0,6.8,7.5,68.0,503.0,1.1,1.1,0.8,0.8,2.0,2.0,2.0,2.0,2019,2019
3990,3770.0,ASSAM,25.0,28.0,7.1,7.5,235.0,237.0,1.6,2.4,2.2,2.3,2.0,2.0,2.0,2.0,2019,2019
3991,3771.0,ASSAM,24.0,28.0,7.3,7.7,276.0,285.0,2.0,2.2,1.6,3.2,2.0,2.0,2.0,2.0,2019,2019
3992,3779.0,ASSAM,24.0,27.0,6.9,7.6,207.0,210.0,0.7,1.1,1.9,2.0,2.0,2.0,2.0,2.0,2019,2019
3993,3790.0,ASSAM,18.0,18.0,8.1,8.1,202.0,202.0,2.3,2.3,1.0,1.0,2.0,2.0,2.0,2.0,2019,2019
3994,3793.0,ASSAM,26.0,26.0,6.7,6.8,150.0,452.0,1.4,2.4,0.7,0.8,2.0,2.0,2.0,2.0,2019,2019
3995,3794.0,ASSAM,24.0,26.0,6.9,7.2,53.0,149.0,1.0,2.9,0.5,0.6,2.0,2.0,2.0,2.0,2019,2019
3996,3795.0,ASSAM,24.0,26.0,7.2,7.4,46.0,53.0,1.2,2.9,0.6,0.7,2.0,2.0,2.0,2.0,2019,2019
3997,3801.0,ASSAM,23.0,24.0,6.4,6.6,322.0,336.0,1.5,2.8,1.2,1.3,2.0,2.0,2.0,2.0,2019,2019
3998,3802.0,ASSAM,23.0,24.0,6.7,6.8,310.0,316.0,2.0,2.6,1.0,1.4,2.0,2.0,2.0,2.0,2019,2019
3999,3805.0,ASSAM,23.0,23.0,6.1,6.5,136.0,138.0,2.0,2.6,1.0,1.1,2.0,2.0,2.0,2.0,2019,2019
4000,3813.0,ASSAM,22.0,30.0,7.1,7.2,241.0,441.0,1.3,3.5,1.0,1.0,2.0,2.0,2.0,300.0,2019,2019
4001,3815.0,ASSAM,25.0,27.0,6.8,7.5,61.0,534.0,1.1,1.5,0.8,1.0,2.0,2.0,2.0,2.0,2019,2019
4002,3816.0,ASSAM,24.0,26.0,6.9,7.5,60.0,527.0,1.8,1.9,0.8,1.0,2.0,2.0,2.0,2.0,2019,2019
4003,3817.0,ASSAM,24.0,25.0,7.1,7.9,195.0,404.0,1.2,1.3,0.8,1.0,2.0,2.0,2.0,2.0,2019,2019
4004,3818.0,ASSAM,25.0,26.0,7.2,7.3,55.0,289.0,1.0,1.6,1.2,1.4,2.0,2.0,2.0,2.0,2019,2019
4005,4001.0,ASSAM,25.0,27.0,7.5,7.9,34.0,318.0,1.3,2.8,0.9,1.2,2.0,2.0,2.0,2.0,2019,2019
4006,4002.0,ASSAM,25.0,26.0,6.8,7.3,35.0,193.0,1.6,2.7,0.7,1.1,2.0,2.0,2.0,2.0,2019,2019
4007,4003.0,ASSAM,26.0,26.0,7.2,7.2,86.0,86.0,1.7,1.7,0.8,0.8,2.0,2.0,2.0,2.0,2019,2019
4008,4007.0,ASSAM,24.0,24.0,7.2,7.2,269.0,269.0,0.9,0.9,3.7,3.7,2.0,2.0,2.0,2.0,2019,2019
4009,4008.0,ASSAM,24.0,24.0,7.5,7.5,203.0,203.0,1.7,1.7,1.8,1.8,2.0,2.0,2.0,2.0,2019,2019
4010,4303.0,ASSAM,24.0,27.0,7.7,7.8,34.0,317.0,1.2,2.5,0.8,1.5,2.0,2.0,2.0,2.0,2019,2019
4011,4327.0,ASSAM,28.0,28.0,6.9,6.9,404.0,404.0,2.8,2.8,0.8,0.8,2.0,2.0,2.0,2.0,2019,2019
4012,1920.0,MANIPUR,22.0,22.0,7.8,7.8,953.0,953.0,55.0,55.0,,,,,,,2019,2019
4013,4328.0,ASSAM,27.0,27.0,6.5,6.5,207.0,207.0,1.5,1.5,0.8,0.8,2.0,2.0,2.0,2.0,2019,2019
4014,4330.0,ASSAM,24.0,24.0,6.5,6.5,102.0,102.0,1.2,1.2,0.6,0.6,2.0,2.0,2.0,2.0,2019,2019
4015,4333.0,ASSAM,28.0,28.0,7.4,7.4,240.0,240.0,1.2,1.2,0.5,0.5,2.0,2.0,2.0,2.0,2019,2019
4016,4335.0,ASSAM,27.0,27.0,7.0,7.0,144.0,144.0,1.6,1.6,0.3,0.3,2.0,2.0,2.0,2.0,2019,2019
4017,4338.0,ASSAM,25.0,25.0,7.3,7.3,148.0,148.0,1.0,1.0,0.4,0.4,2.0,2.0,2.0,2.0,2019,2019
4018,4339.0,ASSAM,32.0,32.0,7.3,7.3,88.0,88.0,1.5,1.5,0.8,0.8,2.0,2.0,2.0,2.0,2019,2019
4019,4340.0,ASSAM,30.0,30.0,7.3,7.3,306.0,306.0,1.2,1.2,0.7,0.7,2.0,2.0,2.0,2.0,2019,2019
4020,1825.0,BIHAR,26.0,32.0,7.3,7.4,527.0,694.0,,,0.01,0.48,2.0,2.0,2.0,2.0,2019,2019
4021,1826.0,BIHAR,25.0,30.0,7.2,7.4,478.0,573.0,,,0.01,0.49,2.0,1600.0,2.0,1600.0,2019,2019
4022,1827.0,BIHAR,26.0,27.0,7.1,7.4,517.0,667.0,,,0.34,0.67,2.0,2.0,2.0,2.0,2019,2019
4023,1828.0,BIHAR,26.0,27.0,7.1,7.4,544.0,693.0,,,0.13,0.64,2.0,22.0,2.0,11.0,2019,2019
4024,1829.0,BIHAR,26.0,27.0,7.2,7.3,520.0,528.0,,,0.03,0.1,2.0,33.0,2.0,33.0,2019,2019
4025,1830.0,BIHAR,27.0,27.0,7.7,7.7,651.0,651.0,,,0.57,0.57,33.0,33.0,23.0,23.0,2019,2019
4026,1831.0,BIHAR,27.0,27.0,7.6,7.6,641.0,641.0,,,0.77,0.77,2.0,2.0,,,2019,2019
4027,1832.0,BIHAR,28.0,28.0,7.5,7.5,673.0,673.0,,,0.1,0.1,,,,,2019,2019
4028,1833.0,BIHAR,19.0,19.0,7.4,7.4,667.0,667.0,,,0.06,0.06,,,,,2019,2019
4029,1834.0,BIHAR,27.0,27.0,7.4,7.4,682.0,682.0,,,0.03,0.03,,,,,2019,2019
4030,1835.0,BIHAR,27.0,27.0,7.1,7.1,337.0,337.0,,,0.23,0.23,140.0,140.0,49.0,49.0,2019,2019
4031,1836.0,BIHAR,15.0,15.0,7.4,7.4,882.0,882.0,,,0.72,0.72,1600.0,1600.0,280.0,280.0,2019,2019
4032,1837.0,BIHAR,15.0,15.0,7.2,7.2,370.0,370.0,,,0.11,0.11,11.0,11.0,11.0,11.0,2019,2019
4033,1838.0,BIHAR,21.0,21.0,7.4,7.4,1480.0,1480.0,,,0.4,0.4,1600.0,1600.0,920.0,920.0,2019,2019
4034,1839.0,BIHAR,18.0,18.0,7.3,7.3,1810.0,1810.0,,,6.93,6.93,,,,,2019,2019
4035,1840.0,BIHAR,16.0,16.0,7.4,7.4,740.0,740.0,,,0.08,0.08,33.0,33.0,13.0,13.0,2019,2019
4036,2594.0,BIHAR,30.0,30.0,7.1,7.1,314.0,314.0,,,0.03,0.03,,,,,2019,2019
4037,2595.0,BIHAR,32.0,32.0,7.9,7.9,1240.0,1240.0,,,0.23,0.23,,,,,2019,2019
4038,2596.0,BIHAR,27.0,27.0,8.0,8.0,361.0,361.0,,,0.02,0.02,,,,,2019,2019
4039,2598.0,BIHAR,25.0,25.0,7.6,7.6,1560.0,1560.0,,,0.27,0.27,1600.0,1600.0,79.0,79.0,2019,2019
4040,2599.0,BIHAR,25.0,25.0,7.6,7.6,1540.0,1540.0,,,0.08,0.08,1600.0,1600.0,140.0,140.0,2019,2019
4041,2600.0,BIHAR,26.0,26.0,7.2,7.2,1060.0,1060.0,,,1.77,1.77,1600.0,1600.0,1600.0,1600.0,2019,2019
4042,3140.0,BIHAR,25.0,25.0,8.0,8.0,442.0,442.0,,,,,1600.0,1600.0,1600.0,1600.0,2019,2019
4043,3142.0,BIHAR,24.0,24.0,7.9,7.9,696.0,696.0,,,0.27,0.27,,,,,2019,2019
4044,3143.0,BIHAR,27.0,27.0,7.6,7.6,584.0,584.0,,,0.01,0.01,,,,,2019,2019
4045,3144.0,BIHAR,22.0,22.0,7.2,7.2,1090.0,1090.0,,,0.49,0.49,1600.0,1600.0,350.0,350.0,2019,2019
4046,3147.0,BIHAR,21.0,21.0,7.5,7.5,596.0,596.0,,,0.23,0.23,1600.0,1600.0,280.0,280.0,2019,2019
4047,3148.0,BIHAR,16.0,16.0,7.3,7.3,1120.0,1120.0,,,0.5,0.5,1600.0,1600.0,540.0,540.0,2019,2019
4048,3149.0,BIHAR,25.0,25.0,7.6,7.6,1090.0,1090.0,,,0.98,0.98,,,,,2019,2019
4049,3150.0,BIHAR,21.0,21.0,7.5,7.5,1120.0,1120.0,,,0.29,0.29,,,,,2019,2019
4050,3151.0,BIHAR,24.0,24.0,7.4,7.4,1940.0,1940.0,,,0.44,0.44,1600.0,1600.0,1600.0,1600.0,2019,2019
4051,3152.0,BIHAR,27.0,27.0,7.8,7.8,303.0,303.0,,,0.01,0.01,33.0,33.0,26.0,26.0,2019,2019
4052,3153.0,BIHAR,23.0,23.0,8.0,8.0,519.0,519.0,,,0.55,0.55,,,,,2019,2019
4053,3155.0,BIHAR,24.0,24.0,7.5,7.5,509.0,509.0,,,,,,,,,2019,2019
4054,3156.0,BIHAR,32.0,32.0,7.9,7.9,1690.0,1690.0,,,,,,,,,2019,2019
4055,3157.0,BIHAR,16.0,16.0,7.1,7.1,1480.0,1480.0,,,0.22,0.22,920.0,920.0,220.0,220.0,2019,2019
4056,3159.0,BIHAR,24.0,24.0,7.3,7.3,2150.0,2150.0,,,0.24,0.24,1600.0,1600.0,39.0,39.0,2019,2019
4057,3160.0,BIHAR,25.0,25.0,8.0,8.0,362.0,362.0,,,0.06,0.06,,,,,2019,2019
4058,3162.0,BIHAR,26.0,26.0,7.4,7.4,861.0,861.0,,,0.06,0.06,,,,,2019,2019
4059,2039.0,CHANDIGARH,22.0,24.0,7.4,7.4,759.0,1403.0,0.9,2.2,3.3,4.3,,,,,2019,2019
4060,2040.0,CHANDIGARH,21.5,24.5,7.2,7.3,639.0,666.0,1.8,2.1,1.9,3.5,,,,,2019,2019
4061,2450.0,"DAMAN AND DIU, DADRA AND NAGAR HAVELI",28.0,32.0,7.2,7.9,528.0,763.0,,,2.0,3.3,2.0,2.0,2.0,2.0,2019,2019
4062,2451.0,"DAMAN AND DIU, DADRA AND NAGAR HAVELI",28.0,33.0,7.0,7.9,575.0,1050.0,,,2.8,3.6,2.0,2.0,2.0,2.0,2019,2019
4063,2043.0,CHANDIGARH,22.0,24.0,7.4,7.4,1156.0,1187.0,1.4,1.8,1.0,1.0,2.0,2.0,2.0,2.0,2019,2019
4064,2452.0,"DAMAN AND DIU, DADRA AND NAGAR HAVELI",28.0,32.0,7.3,8.1,567.0,931.0,,,3.5,5.6,4.0,24.0,2.0,11.0,2019,2019
4065,2045.0,CHANDIGARH,21.5,24.0,7.3,7.4,842.0,865.0,1.3,1.6,0.5,4.2,2.0,2.0,2.0,2.0,2019,2019
4066,1621.0,CHHATTISGARH,23.0,25.0,7.7,7.8,256.0,378.0,,,,,,,,,2019,2019
4067,1622.0,CHHATTISGARH,29.0,34.0,7.5,7.6,364.0,448.0,0.0,0.0,0.15,0.3,2.0,2.0,,,2019,2019
4068,1623.0,CHHATTISGARH,30.0,30.0,7.7,7.7,481.0,481.0,0.1,0.1,0.15,0.15,,,,,2019,2019
4069,3171.0,CHHATTISGARH,22.0,28.0,7.4,7.5,,,0.8,0.9,,,2.0,8.0,2.0,3.0,2019,2019
4070,3172.0,CHHATTISGARH,25.9,26.0,7.1,7.1,,,,,,,20.0,20.0,20.0,20.0,2019,2019
4071,3173.0,CHHATTISGARH,25.9,26.2,7.1,7.1,,,,,,,20.0,20.0,20.0,20.0,2019,2019
4072,3174.0,CHHATTISGARH,26.1,26.3,7.1,7.2,,,,,,,20.0,20.0,20.0,20.0,2019,2019
4073,3477.0,DELHI,,,7.1,7.1,3390.0,3810.0,,,2.4,71.9,4.0,2400.0,2.0,210.0,2019,2019
4074,3479.0,DELHI,,,6.9,7.0,1384.0,3060.0,,,23.22,362.01,220.0,47000.0,18.0,26000.0,2019,2019
4075,3480.0,DELHI,,,7.1,7.1,1001.0,1040.0,,,11.3,11.3,2.0,2.0,2.0,2.0,2019,2019
4076,3485.0,DELHI,,,7.1,7.1,1410.0,2100.0,,,76.5,338.6,2.0,2.0,2.0,49.0,2019,2019
4077,3488.0,DELHI,,,7.0,7.0,1750.0,2158.0,,,0.13,52.75,2.0,2.0,2.0,2.0,2019,2019
4078,3489.0,DELHI,,,6.9,7.4,1440.0,2681.0,,,0.04,36.7,2.0,2.0,2.0,2.0,2019,2019
4079,3490.0,DELHI,,,6.9,7.0,748.0,871.0,,,41.0,70.9,2.0,49.0,2.0,33.0,2019,2019
4080,3492.0,DELHI,,,6.8,7.0,1980.0,2501.0,,,,2.7,2.0,11.0,2.0,5.0,2019,2019
4081,3493.0,DELHI,,,6.9,7.1,912.0,1649.0,,,0.04,29.13,2.0,2.0,2.0,2.0,2019,2019
4082,3494.0,DELHI,,,7.4,7.6,810.0,825.0,,,9.52,12.5,2.0,5.0,2.0,2.0,2019,2019
4083,3498.0,DELHI,,,7.1,7.2,1010.0,1130.0,,,46.6,63.8,5.0,79.0,2.0,12.0,2019,2019
4084,3500.0,DELHI,,,7.1,7.2,1420.0,1830.0,,,76.92,82.2,2.0,2.0,2.0,2.0,2019,2019
4085,3503.0,DELHI,,,6.9,7.1,842.0,3270.0,,,19.3,19.3,2.0,240.0,2.0,2.0,2019,2019
4086,3516.0,DELHI,,,7.1,7.3,1070.0,1766.0,,,0.04,3.92,2.0,13.0,2.0,2.0,2019,2019
4087,3517.0,DELHI,,,7.1,7.7,294.0,2720.0,,,,200.21,2.0,2.0,2.0,2.0,2019,2019
4088,3518.0,DELHI,,,6.4,6.7,3670.0,14640.0,,,6.1,74.65,13.0,210.0,13.0,110.0,2019,2019
4089,3520.0,DELHI,,,6.9,7.0,1140.0,1380.0,,,23.4,78.6,23.0,46.0,23.0,46.0,2019,2019
4090,3524.0,DELHI,,,7.2,7.4,1230.0,8620.0,,,4.02,4.02,33.0,230.0,18.0,23.0,2019,2019
4091,3525.0,DELHI,,,7.1,7.1,1442.0,1442.0,,,,,2.0,2.0,2.0,2.0,2019,2019
4092,3526.0,DELHI,,,6.9,7.3,2470.0,7010.0,,,,2.21,2.0,110.0,2.0,33.0,2019,2019
4093,3527.0,DELHI,,,7.1,7.3,2162.0,3460.0,,,0.01,1.4,2.0,2.0,2.0,2.0,2019,2019
4094,3528.0,DELHI,,,7.4,7.4,992.0,992.0,,,,,2.0,2.0,2.0,2.0,2019,2019
4095,3529.0,DELHI,,,6.9,6.9,1406.0,1720.0,,,63.8,100.6,5.0,7.0,2.0,2.0,2019,2019
4096,3530.0,DELHI,,,7.1,7.2,1327.0,1760.0,,,2.4,2.4,2.0,2.0,2.0,2.0,2019,2019
4097,3531.0,DELHI,,,6.8,7.0,5690.0,6910.0,,,25.7,25.7,2.0,49.0,2.0,49.0,2019,2019
4098,3532.0,DELHI,,,6.7,6.9,927.0,981.0,,,54.9,54.9,2.0,33.0,2.0,5.0,2019,2019
4099,3533.0,DELHI,,,7.1,7.2,704.0,779.0,,,6.2,6.2,5.0,17.0,2.0,2.0,2019,2019
4100,3534.0,DELHI,,,6.9,7.1,1470.0,1612.0,,,7.3,41.0,2.0,13.0,2.0,5.0,2019,2019
4101,3535.0,DELHI,,,7.4,7.6,786.0,814.0,,,11.1,19.6,2.0,5.0,2.0,2.0,2019,2019
4102,3536.0,DELHI,,,6.9,7.2,1180.0,1221.0,,,68.01,72.6,33.0,1700.0,13.0,40.0,2019,2019
4103,3537.0,DELHI,,,7.1,7.1,1390.0,2659.0,,,,24.2,2.0,17.0,2.0,17.0,2019,2019
4104,3538.0,DELHI,,,7.2,7.4,1790.0,2140.0,,,14.4,70.5,240.0,920.0,240.0,350.0,2019,2019
4105,3539.0,DELHI,,,7.4,7.4,870.0,1960.0,,,1.8,43.72,2.0,2.0,2.0,2.0,2019,2019
4106,3540.0,DELHI,,,6.8,7.2,3760.0,5320.0,,,158.75,406.77,5.0,49000.0,2.0,13000.0,2019,2019
4107,3541.0,DELHI,,,6.8,6.9,246.0,12250.0,,,21.69,30.9,2.0,2.0,2.0,2.0,2019,2019
4108,3542.0,DELHI,,,6.8,7.1,1596.0,3400.0,,,58.8,58.8,4.0,33.0,2.0,2.0,2019,2019
4109,3543.0,DELHI,,,7.1,7.5,1248.0,1660.0,,,,3.3,2.0,2.0,2.0,2.0,2019,2019
4110,3544.0,DELHI,,,7.1,7.3,964.0,5160.0,,,0.06,74.2,2.0,79.0,2.0,22.0,2019,2019
4111,3545.0,DELHI,,,7.0,7.0,881.0,1342.0,,,5.3,19.5,5.0,8.0,2.0,2.0,2019,2019
4112,3546.0,DELHI,,,6.9,6.9,760.0,1417.0,,,25.7,74.2,2.0,8.0,2.0,2.0,2019,2019
4113,2453.0,"DAMAN AND DIU, DADRA AND NAGAR HAVELI",29.0,32.0,6.4,6.9,388.0,838.0,,,2.4,5.9,2.0,10.0,2.0,7.0,2019,2019
4114,2454.0,"DAMAN AND DIU, DADRA AND NAGAR HAVELI",29.0,33.0,7.2,7.3,538.0,655.0,,,0.3,1.8,2.0,2.0,2.0,2.0,2019,2019
4115,2455.0,"DAMAN AND DIU, DADRA AND NAGAR HAVELI",28.0,32.0,7.0,7.1,1410.0,1775.0,,,1.1,2.7,2.0,4.0,2.0,2.0,2019,2019
4116,2456.0,"DAMAN AND DIU, DADRA AND NAGAR HAVELI",29.0,32.0,7.1,7.5,1860.0,3270.0,,,4.0,6.5,2.0,4.0,2.0,2.0,2019,2019
4117,2457.0,"DAMAN AND DIU, DADRA AND NAGAR HAVELI",28.0,33.0,7.0,7.5,489.0,1056.0,,,1.1,2.6,2.0,2.0,2.0,2.0,2019,2019
4118,2458.0,"DAMAN AND DIU, DADRA AND NAGAR HAVELI",28.0,33.0,6.9,7.5,3080.0,5010.0,,,1.4,3.5,2.0,2.0,2.0,2.0,2019,2019
4119,2277.0,GOA,29.0,29.0,7.1,7.1,223.0,223.0,,,0.38,0.38,5.0,5.0,,,2019,2019
4120,2278.0,GOA,29.0,29.0,7.1,7.1,68.0,68.0,,,0.78,0.78,2.0,2.0,,,2019,2019
4121,2279.0,GOA,29.0,29.0,6.3,6.3,307.0,307.0,,,2.89,2.89,2.0,2.0,,,2019,2019
4122,2280.0,GOA,,,6.5,6.5,238.0,238.0,,,0.1,0.1,8.0,8.0,,,2019,2019
4123,2281.0,GOA,,,6.5,6.5,98.0,98.0,,,0.06,0.06,2.0,2.0,,,2019,2019
4124,3193.0,GOA,31.0,31.0,7.0,7.0,41.0,41.0,,,0.02,0.02,2.0,2.0,,,2019,2019
4125,3194.0,GOA,29.0,29.0,6.5,6.5,120.0,120.0,,,0.83,0.83,2.0,2.0,,,2019,2019
4126,2930.0,PUNJAB,,,7.8,7.8,733.0,733.0,,,1.2,1.2,,,,,2019,2019
4127,2929.0,PUNJAB,,,7.8,7.8,402.0,402.0,,,0.9,0.9,,,,,2019,2019
4128,1397.0,PUDUCHERRY,29.0,30.0,6.1,6.5,400.0,479.0,,,9.6,10.22,2.0,2.0,2.0,2.0,2019,2019
4129,1398.0,PUDUCHERRY,31.0,32.0,6.4,6.6,1375.0,1598.0,,,0.02,0.41,300.0,300.0,2.0,2.0,2019,2019
4130,1453.0,PUDUCHERRY,30.5,31.0,6.6,7.1,576.0,651.0,,,4.29,4.65,350.0,350.0,2.0,2.0,2019,2019
4131,1454.0,PUDUCHERRY,30.0,30.0,6.1,6.8,249.0,282.0,,,1.81,2.07,2.0,2.0,2.0,2.0,2019,2019
4132,3.0,GUJARAT,29.0,30.0,7.4,7.6,1329.0,1372.0,0.6,1.1,0.02,0.44,2.0,2.0,2.0,2.0,2019,2019
4133,6.0,GUJARAT,28.0,29.0,7.2,7.9,1291.0,1511.0,0.4,0.4,0.4,0.46,2.0,2.0,2.0,2.0,2019,2019
4134,1948.0,GUJARAT,29.0,29.0,8.0,8.1,1380.0,1410.0,1.2,1.4,0.1,0.23,2.0,2.0,2.0,2.0,2019,2019
4135,1949.0,GUJARAT,28.0,29.0,7.9,8.0,1470.0,1470.0,1.2,1.8,0.22,0.29,2.0,6.0,2.0,2.0,2019,2019
4136,1950.0,GUJARAT,23.0,23.0,7.6,7.6,1469.0,1469.0,0.8,0.8,1.44,1.44,2.0,2.0,2.0,2.0,2019,2019
4137,1951.0,GUJARAT,26.0,26.0,7.5,7.5,1240.0,1240.0,0.9,0.9,0.91,0.91,,,,,2019,2019
4138,1953.0,GUJARAT,28.0,30.0,7.3,7.7,910.0,1020.0,,,0.3,0.31,,,,,2019,2019
4139,1954.0,GUJARAT,32.0,35.0,7.2,7.4,2680.0,4130.0,1.1,1.4,0.21,1.8,2.0,2.0,2.0,2.0,2019,2019
4140,1688.0,PUDUCHERRY,29.0,31.0,7.5,8.2,605.0,699.0,,,0.39,0.6,2.0,2.0,2.0,2.0,2019,2019
4141,1955.0,GUJARAT,27.0,30.0,7.3,7.6,1332.0,1516.0,0.9,1.2,2.03,3.73,,,,,2019,2019
4142,1956.0,GUJARAT,31.0,31.0,7.6,8.0,355.0,3118.0,0.8,1.2,0.12,0.19,2.0,2.0,2.0,2.0,2019,2019
4143,1957.0,GUJARAT,28.0,29.0,7.8,7.8,1751.0,1858.0,0.7,1.2,2.71,3.7,,,,,2019,2019
4144,1958.0,GUJARAT,27.0,27.0,7.8,7.8,826.0,826.0,1.2,1.2,3.02,3.02,2.0,2.0,2.0,2.0,2019,2019
4145,1959.0,GUJARAT,30.0,30.0,7.7,7.7,1859.0,1859.0,0.4,0.4,0.46,0.46,2.0,2.0,,,2019,2019
4146,1960.0,GUJARAT,31.0,31.0,7.7,7.7,832.0,832.0,0.3,0.3,0.54,0.54,2.0,2.0,2.0,2.0,2019,2019
4147,1961.0,GUJARAT,29.0,29.0,7.1,7.1,790.0,790.0,0.4,0.4,0.56,0.56,2.0,2.0,2.0,2.0,2019,2019
4148,1962.0,GUJARAT,23.0,29.0,7.0,7.4,3220.0,5400.0,0.7,0.9,0.32,0.77,2.0,2.0,2.0,2.0,2019,2019
4149,1965.0,GUJARAT,28.0,29.0,7.9,8.0,1227.0,1252.0,0.9,0.9,0.13,0.61,41.0,41.0,9.0,9.0,2019,2019
4150,1966.0,GUJARAT,28.0,29.0,7.7,7.7,1340.0,1644.0,0.7,0.9,0.04,0.44,33.0,33.0,6.0,6.0,2019,2019
4151,1967.0,GUJARAT,27.0,27.0,7.9,8.0,436.0,498.0,0.2,2.3,0.25,0.26,2.0,2.0,2.0,2.0,2019,2019
4152,1968.0,GUJARAT,27.0,27.0,7.8,7.9,444.0,482.0,0.2,2.1,0.27,0.35,2.0,2.0,2.0,2.0,2019,2019
4153,1969.0,GUJARAT,29.0,29.0,8.0,8.0,1354.0,1354.0,2.2,2.2,0.33,0.33,2.0,2.0,2.0,2.0,2019,2019
4154,1970.0,GUJARAT,27.0,27.0,7.8,8.0,498.0,672.0,0.2,2.0,0.35,0.41,2.0,2.0,2.0,2.0,2019,2019
4155,2083.0,GUJARAT,27.0,32.0,7.0,7.9,2206.0,3008.0,0.9,1.3,0.47,3.42,,,,,2019,2019
4156,2084.0,GUJARAT,28.0,29.0,7.4,7.6,1394.0,1594.0,0.9,1.0,0.08,0.14,41.0,63.0,6.0,9.0,2019,2019
4157,2085.0,GUJARAT,28.0,31.0,7.4,7.4,1556.0,1971.0,0.8,1.1,0.27,0.45,,,,,2019,2019
4158,2087.0,GUJARAT,28.0,29.0,7.6,8.1,545.0,3522.0,0.9,1.1,0.03,0.07,53.0,53.0,6.0,16.0,2019,2019
4159,2088.0,GUJARAT,28.0,29.0,7.3,7.6,8331.0,8506.0,1.1,1.1,0.1,0.12,83.0,83.0,9.0,9.0,2019,2019
4160,2089.0,GUJARAT,28.0,29.0,7.7,7.7,3403.0,3538.0,0.9,1.0,0.13,0.22,73.0,73.0,9.0,9.0,2019,2019
4161,2090.0,GUJARAT,28.0,29.0,7.2,7.3,9574.0,11570.0,0.8,0.9,0.19,0.25,83.0,83.0,9.0,9.0,2019,2019
4162,2091.0,GUJARAT,29.0,35.0,7.5,8.0,2627.0,2627.0,0.9,1.0,0.12,0.18,33.0,33.0,8.0,9.0,2019,2019
4163,2931.0,PUNJAB,,,8.2,8.2,2000.0,2000.0,,,1.0,1.0,,,,,2019,2019
4164,2472.0,UTTAR PRADESH,17.0,17.0,7.2,7.2,640.0,640.0,,,1.6,1.6,,,,,2019,2019
4165,2022.0,RAJASTHAN,20.0,22.0,7.0,7.4,880.0,1710.0,,,1.4,1.6,3.0,7.0,3.0,4.0,2019,2019
4166,1921.0,MANIPUR,23.0,25.0,7.1,7.3,785.0,928.0,0.0,0.0,35.0,35.0,,,,,2019,2019
4167,4574.0,LAKSHADWEEP,30.1,30.1,,,1910.0,2270.0,,,,,,,,,2019,2019
4168,2092.0,GUJARAT,,,,,,,,,,,,,,,2019,2019
4169,2093.0,GUJARAT,28.0,29.0,7.5,7.7,1054.0,2335.0,0.8,1.0,0.05,0.13,53.0,53.0,9.0,11.0,2019,2019
4170,2094.0,GUJARAT,29.0,29.0,7.1,7.1,3670.0,3670.0,0.3,0.3,0.3,0.3,2.0,2.0,2.0,2.0,2019,2019
4171,2095.0,GUJARAT,26.0,28.0,7.5,7.5,2348.0,4195.0,0.8,0.9,1.01,1.37,,,,,2019,2019
4172,2096.0,GUJARAT,28.0,28.0,7.0,7.2,5308.0,6269.0,0.7,1.1,0.64,0.66,2.0,2.0,2.0,2.0,2019,2019
4173,2097.0,GUJARAT,28.0,28.0,7.3,7.5,4337.0,4996.0,0.9,1.2,0.38,0.9,2.0,2.0,2.0,2.0,2019,2019
4174,2098.0,GUJARAT,29.0,30.0,7.1,7.2,2949.0,3245.0,1.0,1.1,0.11,0.12,2.0,2.0,2.0,2.0,2019,2019
4175,3208.0,GUJARAT,27.0,27.0,7.8,8.0,577.0,1180.0,0.3,2.3,0.43,0.5,2.0,2.0,2.0,2.0,2019,2019
4176,3209.0,GUJARAT,27.0,27.0,8.0,8.0,1450.0,1450.0,2.3,2.3,0.18,0.18,2.0,2.0,2.0,2.0,2019,2019
4177,3210.0,GUJARAT,28.0,29.0,7.2,7.3,3840.0,4126.0,0.8,0.9,0.28,0.3,41.0,41.0,9.0,9.0,2019,2019
4178,3211.0,GUJARAT,28.0,28.0,7.7,7.8,1449.0,2119.0,0.9,0.9,0.06,0.16,63.0,63.0,6.0,6.0,2019,2019
4179,3212.0,GUJARAT,33.0,33.0,7.3,7.4,2408.0,2701.0,0.8,1.2,0.54,2.72,,,,,2019,2019
4180,3213.0,GUJARAT,34.0,34.0,7.4,7.4,1399.0,1535.0,1.0,1.3,0.54,0.64,,,,,2019,2019
4181,3214.0,GUJARAT,33.0,33.0,7.4,7.4,1763.0,1860.0,0.9,1.4,1.51,2.23,,,,,2019,2019
4182,3215.0,GUJARAT,26.0,30.0,4.6,8.1,3183.0,6174.0,0.7,1.3,0.51,3.09,2.0,2.0,2.0,2.0,2019,2019
4183,3216.0,GUJARAT,33.0,34.0,7.3,7.3,2730.0,2885.0,1.0,1.5,0.33,0.99,,,,,2019,2019
4184,3217.0,GUJARAT,34.0,34.0,7.4,7.8,1791.0,2135.0,0.7,1.4,0.94,2.07,,,,,2019,2019
4185,3218.0,GUJARAT,27.0,27.0,7.0,7.0,1832.0,1832.0,1.0,1.0,15.95,15.95,2.0,2.0,2.0,2.0,2019,2019
4186,3219.0,GUJARAT,27.0,27.0,7.1,7.1,1813.0,1813.0,0.7,0.7,16.74,16.74,2.0,2.0,2.0,2.0,2019,2019
4187,3220.0,GUJARAT,30.0,30.0,7.6,7.6,3170.0,3170.0,0.4,0.4,0.46,0.46,2.0,2.0,,,2019,2019
4188,4560.0,LAKSHADWEEP,29.4,29.4,,,1102.0,11480.0,,,,,,,,,2019,2019
4189,3221.0,GUJARAT,28.0,28.0,7.6,7.6,714.0,714.0,0.4,0.4,0.25,0.25,2.0,2.0,2.0,2.0,2019,2019
4190,3222.0,GUJARAT,32.0,32.0,7.3,7.3,3912.0,3912.0,0.4,0.4,0.25,0.25,2.0,2.0,2.0,2.0,2019,2019
4191,3223.0,GUJARAT,30.0,30.0,7.8,7.9,1501.0,1819.0,0.8,1.1,1.26,1.38,2.0,2.0,2.0,2.0,2019,2019
4192,3224.0,GUJARAT,26.0,30.0,7.5,7.7,808.0,853.0,0.8,1.2,2.78,3.04,,,,,2019,2019
4193,3225.0,GUJARAT,30.0,30.0,7.4,7.4,1840.0,1848.0,0.7,1.3,1.73,1.83,2.0,2.0,2.0,2.0,2019,2019
4194,3226.0,GUJARAT,26.0,28.0,7.8,7.9,1701.0,1988.0,0.8,1.3,3.16,3.51,,,,,2019,2019
4195,3227.0,GUJARAT,30.0,31.0,7.0,7.3,1903.0,2634.0,0.7,1.2,0.51,1.7,2.0,2.0,2.0,2.0,2019,2019
4196,3228.0,GUJARAT,29.0,29.0,7.2,7.2,3090.0,3090.0,0.4,0.4,0.5,0.5,2.0,2.0,2.0,2.0,2019,2019
4197,3229.0,GUJARAT,29.0,29.0,7.0,7.0,1047.0,1047.0,0.4,0.4,0.48,0.48,2.0,2.0,2.0,2.0,2019,2019
4198,3230.0,GUJARAT,24.0,24.0,7.1,7.1,5480.0,5480.0,0.7,0.7,1.31,1.31,2.0,2.0,2.0,2.0,2019,2019
4199,3231.0,GUJARAT,30.0,30.0,8.2,8.2,2490.0,2490.0,1.5,1.5,2.6,2.6,,,,,2019,2019
4200,3232.0,GUJARAT,29.0,34.0,7.4,7.7,2477.0,3106.0,0.9,1.0,0.09,0.13,27.0,53.0,6.0,6.0,2019,2019
4201,3233.0,GUJARAT,29.0,35.0,7.7,8.0,2945.0,3229.0,0.9,0.9,0.12,0.15,21.0,41.0,6.0,6.0,2019,2019
4202,3234.0,GUJARAT,23.0,29.0,6.9,7.0,10180.0,12350.0,15.0,16.0,0.36,0.79,2.0,2.0,2.0,2.0,2019,2019
4203,3235.0,GUJARAT,29.0,31.0,7.2,7.6,2355.0,3492.0,0.8,1.1,1.43,3.44,,,,,2019,2019
4204,3236.0,GUJARAT,28.0,28.0,7.6,7.7,1960.0,2261.0,0.9,1.1,0.1,0.62,2.0,2.0,2.0,2.0,2019,2019
4205,3237.0,GUJARAT,28.0,28.0,7.0,7.2,5963.0,6105.0,0.7,1.0,0.27,0.59,2.0,2.0,2.0,2.0,2019,2019
4206,3238.0,GUJARAT,25.0,29.0,7.3,7.7,4050.0,5520.0,0.3,0.4,0.42,0.5,2.0,2.0,,,2019,2019
4207,4575.0,LAKSHADWEEP,29.3,29.3,,,2010.0,2050.0,,,,,,,,,2019,2019
4208,3239.0,GUJARAT,25.0,31.0,7.5,7.8,2770.0,3970.0,0.4,0.5,0.4,0.46,2.0,2.0,,,2019,2019
4209,3240.0,GUJARAT,27.0,27.0,7.5,7.9,1810.0,1977.0,0.8,1.0,0.95,1.3,,,,,2019,2019
4210,3241.0,GUJARAT,26.0,28.0,7.4,7.8,949.0,2261.0,0.8,1.2,1.1,1.49,,,,,2019,2019
4211,3242.0,GUJARAT,29.0,30.0,8.0,8.1,1890.0,1910.0,1.6,1.8,0.25,0.34,2.0,2.0,2.0,2.0,2019,2019
4212,3243.0,GUJARAT,29.0,30.0,7.7,7.9,3080.0,3200.0,1.4,1.4,0.06,0.34,2.0,2.0,2.0,2.0,2019,2019
4213,3244.0,GUJARAT,29.0,29.0,6.8,6.8,4120.0,4120.0,0.6,0.6,0.31,0.31,2.0,2.0,2.0,2.0,2019,2019
4214,3245.0,GUJARAT,41.0,41.0,7.0,7.0,5157.0,5157.0,0.8,0.8,1.2,1.2,2.0,2.0,2.0,2.0,2019,2019
4215,3246.0,GUJARAT,28.0,28.0,7.2,7.7,1920.0,1950.0,,,0.3,0.33,,,,,2019,2019
4216,3247.0,GUJARAT,29.0,29.0,7.3,7.4,910.0,3020.0,,,0.28,1.49,,,,,2019,2019
4217,4411.0,GUJARAT,28.0,28.0,8.1,8.2,2210.0,2240.0,,,0.28,0.3,,,,,2019,2019
4218,4412.0,GUJARAT,27.0,28.0,7.2,7.5,2850.0,3400.0,,,0.3,0.33,,,,,2019,2019
4219,4413.0,GUJARAT,25.0,32.0,7.9,8.0,1241.0,1764.0,0.5,0.5,0.38,0.44,2.0,2.0,,,2019,2019
4220,1923.0,MANIPUR,26.0,27.0,7.3,7.8,628.0,754.0,,,42.0,42.0,5.0,5.0,,,2019,2019
4221,4416.0,GUJARAT,29.0,29.0,7.4,7.4,1248.0,1248.0,,,0.48,0.48,2.0,2.0,2.0,2.0,2019,2019
4222,4561.0,LAKSHADWEEP,29.3,29.3,,,2322.0,3400.0,,,,,,,,,2019,2019
4223,4422.0,GUJARAT,28.0,28.0,6.8,6.8,735.0,735.0,,,0.44,0.44,2.0,2.0,2.0,2.0,2019,2019
4224,1555.0,HIMACHAL PRADESH,,,7.4,7.8,644.0,805.0,0.2,0.3,0.12,1.26,2.0,2.0,2.0,2.0,2019,2019
4225,1556.0,HIMACHAL PRADESH,,,7.5,7.9,581.0,728.0,0.1,0.1,0.15,1.89,2.0,2.0,2.0,2.0,2019,2019
4226,1557.0,HIMACHAL PRADESH,,,7.6,7.6,991.0,991.0,0.1,0.1,0.08,0.08,,,,,2019,2019
4227,1559.0,HIMACHAL PRADESH,23.0,26.0,7.5,8.3,500.0,1059.0,0.1,0.2,0.15,0.15,,,,,2019,2019
4228,1560.0,HIMACHAL PRADESH,22.5,22.5,8.1,8.1,574.0,574.0,0.1,0.1,0.11,0.11,,,,,2019,2019
4229,1561.0,HIMACHAL PRADESH,16.0,22.0,7.8,7.9,542.0,1812.0,0.1,0.1,,0.21,2.0,2.0,2.0,2.0,2019,2019
4230,1562.0,HIMACHAL PRADESH,14.5,19.5,7.3,7.4,193.0,728.0,0.1,0.1,,0.28,,,,,2019,2019
4231,1872.0,HIMACHAL PRADESH,8.0,25.0,7.1,8.5,434.0,39630.0,5.2,42.0,0.14,10.32,94.0,1600.0,5.0,920.0,2019,2019
4232,1873.0,HIMACHAL PRADESH,15.0,16.0,6.8,7.6,182.0,344.0,0.1,0.3,0.06,0.73,94.0,94.0,2.0,2.0,2019,2019
4233,1874.0,HIMACHAL PRADESH,22.0,22.0,7.0,8.3,267.0,771.0,0.1,0.6,,1.39,2.0,41.0,2.0,17.0,2019,2019
4234,1877.0,HIMACHAL PRADESH,22.0,25.5,7.1,8.1,916.0,1039.0,0.1,0.1,0.17,0.17,,,,,2019,2019
4235,1878.0,HIMACHAL PRADESH,21.5,21.5,7.1,7.1,690.0,690.0,0.1,0.1,0.11,0.11,,,,,2019,2019
4236,1879.0,HIMACHAL PRADESH,23.0,23.0,6.8,6.8,1278.0,1278.0,0.1,0.1,0.11,0.11,,,,,2019,2019
4237,1880.0,HIMACHAL PRADESH,,,7.8,8.1,313.0,677.0,0.2,0.2,0.09,1.21,2.0,2.0,2.0,2.0,2019,2019
4238,1881.0,HIMACHAL PRADESH,,,7.3,7.9,663.0,847.0,0.1,0.2,0.17,1.82,2.0,2.0,2.0,2.0,2019,2019
4239,1882.0,HIMACHAL PRADESH,20.0,20.0,7.8,7.8,76.0,76.0,0.1,0.1,,,,,,,2019,2019
4240,1883.0,HIMACHAL PRADESH,19.5,19.5,7.2,7.7,204.0,5860.0,0.1,0.1,,0.36,,,,,2019,2019
4241,2628.0,HIMACHAL PRADESH,15.0,15.0,7.2,7.2,372.0,372.0,0.1,0.1,,,2.0,2.0,2.0,2.0,2019,2019
4242,2010.0,PUDUCHERRY,31.0,31.5,6.4,6.5,694.0,1198.0,,,0.73,1.33,280.0,280.0,2.0,2.0,2019,2019
4243,2630.0,HIMACHAL PRADESH,13.5,13.5,7.2,7.2,209.0,209.0,0.1,0.1,0.45,0.45,2.0,2.0,2.0,2.0,2019,2019
4244,2631.0,HIMACHAL PRADESH,13.5,25.0,7.2,7.7,245.0,7240.0,0.1,0.1,,0.36,,,,,2019,2019
4245,2632.0,HIMACHAL PRADESH,18.0,21.0,8.1,8.2,849.0,885.0,0.0,0.0,,,2.0,2.0,2.0,2.0,2019,2019
4246,2633.0,HIMACHAL PRADESH,,,7.9,7.9,94.0,94.0,0.1,0.1,0.52,0.52,2.0,2.0,2.0,2.0,2019,2019
4247,2634.0,HIMACHAL PRADESH,18.0,18.0,8.3,8.4,342.0,25530.0,0.1,0.2,0.21,1.64,2.0,2.0,2.0,2.0,2019,2019
4248,2635.0,HIMACHAL PRADESH,,,7.5,8.1,97.0,2865.0,0.2,0.4,0.51,0.72,2.0,2.0,2.0,2.0,2019,2019
4249,2637.0,HIMACHAL PRADESH,0.0,0.0,7.2,7.7,188.0,1080.0,0.1,0.1,,0.09,,,,,2019,2019
4250,2638.0,HIMACHAL PRADESH,0.0,0.0,8.2,8.2,482.0,482.0,0.1,0.1,0.09,0.09,,,,,2019,2019
4251,2639.0,HIMACHAL PRADESH,16.0,16.0,7.5,7.8,150.0,152.0,0.1,0.1,,0.06,,,,,2019,2019
4252,2640.0,HIMACHAL PRADESH,,,7.2,7.2,197.0,197.0,0.1,0.1,0.44,0.44,79.0,79.0,2.0,2.0,2019,2019
4253,2644.0,HIMACHAL PRADESH,18.0,18.0,7.3,7.6,397.0,863.0,0.1,0.2,,0.04,46.0,46.0,21.0,21.0,2019,2019
4254,2645.0,HIMACHAL PRADESH,,,7.0,8.0,593.0,1155.0,0.1,0.3,0.1,1.37,2.0,2.0,2.0,2.0,2019,2019
4255,2646.0,HIMACHAL PRADESH,,,7.4,7.8,726.0,864.0,0.2,0.2,0.11,2.41,2.0,2.0,2.0,2.0,2019,2019
4256,2647.0,HIMACHAL PRADESH,14.0,21.0,6.8,7.2,212.0,5350.0,0.1,0.1,,0.42,,,,,2019,2019
4257,2648.0,HIMACHAL PRADESH,9.0,9.0,7.8,7.8,365.0,365.0,,,,,2.0,2.0,2.0,2.0,2019,2019
4258,4434.0,HIMACHAL PRADESH,19.5,19.5,7.9,7.9,377.0,377.0,0.1,0.1,,,,,,,2019,2019
4259,4478.0,HIMACHAL PRADESH,12.0,12.0,7.7,7.7,78.0,78.0,0.1,0.1,,,120.0,120.0,13.0,13.0,2019,2019
4260,4483.0,HIMACHAL PRADESH,18.0,18.0,7.6,7.6,760.0,760.0,0.1,0.1,,,,,,,2019,2019
4261,2759.0,JAMMU & KASHMIR,23.0,23.0,7.8,7.8,685.0,685.0,,,0.04,0.04,,,,,2019,2019
4262,2760.0,JAMMU & KASHMIR,22.0,22.0,7.2,7.2,150.0,150.0,2.0,2.0,0.1,0.1,,,,,2019,2019
4263,2762.0,JAMMU & KASHMIR,20.0,22.0,8.6,8.8,790.0,1000.0,2.8,7.5,0.23,0.38,,,,,2019,2019
4264,4064.0,JAMMU & KASHMIR,13.0,23.0,7.3,7.5,500.0,587.0,,,,0.01,,,,,2019,2019
4265,4065.0,JAMMU & KASHMIR,23.0,23.0,6.8,6.8,494.0,494.0,,,0.01,0.01,,,,,2019,2019
4266,4066.0,JAMMU & KASHMIR,23.0,23.0,7.5,7.5,582.0,582.0,,,,,,,,,2019,2019
4267,4067.0,JAMMU & KASHMIR,21.0,21.0,6.9,6.9,320.0,320.0,,,,,,,,,2019,2019
4268,4068.0,JAMMU & KASHMIR,22.0,22.0,7.9,7.9,98.0,98.0,1.5,1.5,,,,,,,2019,2019
4269,4069.0,JAMMU & KASHMIR,24.0,24.0,7.2,7.2,680.0,680.0,,,0.01,0.01,,,,,2019,2019
4270,4070.0,JAMMU & KASHMIR,24.0,24.0,7.4,7.4,520.0,520.0,,,0.04,0.04,,,,,2019,2019
4271,4072.0,JAMMU & KASHMIR,13.0,23.0,6.8,7.4,708.0,1122.0,,,,0.05,,,,,2019,2019
4272,4073.0,JAMMU & KASHMIR,14.0,23.0,6.8,7.5,527.0,993.0,,,,0.01,,,,,2019,2019
4273,4074.0,JAMMU & KASHMIR,22.0,22.0,8.3,8.3,163.0,163.0,0.0,0.0,,,,,,,2019,2019
4274,4758.0,JHARKHAND,13.0,28.0,6.5,7.6,,,0.0,0.0,,,,,,,2019,2019
4275,3564.0,KARNATAKA,27.0,28.0,6.9,7.2,144.0,194.0,3.0,3.0,1.08,1.22,2.0,9.0,2.0,2.0,2019,2019
4276,19.0,KERALA,27.0,28.0,5.9,6.2,140.0,145.0,0.2,0.2,0.02,0.21,490.0,1700.0,340.0,700.0,2019,2019
4277,22.0,KERALA,27.0,27.0,6.4,6.8,66.0,123.0,0.2,0.5,0.6,2.6,170.0,1000.0,81.0,630.0,2019,2019
4278,35.0,KERALA,23.0,23.0,5.8,6.9,148.0,154.0,1.0,1.0,0.48,0.58,60.0,79.0,10.0,26.0,2019,2019
4279,1581.0,KERALA,30.0,36.0,4.5,5.7,152.0,152.0,0.9,3.4,0.01,0.2,310.0,400.0,100.0,200.0,2019,2019
4280,1582.0,KERALA,32.0,33.0,5.7,6.2,155.0,178.0,1.0,4.1,0.02,0.1,300.0,400.0,100.0,100.0,2019,2019
4281,1583.0,KERALA,22.0,23.0,6.5,6.7,156.0,166.0,1.2,1.2,0.52,0.62,70.0,100.0,20.0,48.0,2019,2019
4282,1584.0,KERALA,26.0,28.0,6.8,6.9,299.0,412.0,1.1,1.7,0.01,0.03,100.0,790.0,10.0,280.0,2019,2019
4283,1585.0,KERALA,28.0,29.0,7.5,7.7,277.0,520.0,0.2,1.4,0.06,0.8,240.0,2300.0,100.0,1200.0,2019,2019
4284,1586.0,KERALA,28.0,28.0,6.2,6.5,244.0,352.0,0.2,1.1,0.03,0.05,700.0,7900.0,270.0,6300.0,2019,2019
4285,1587.0,KERALA,28.0,30.0,6.2,7.0,268.0,340.0,0.2,0.2,0.02,0.03,540.0,540.0,100.0,240.0,2019,2019
4286,1588.0,KERALA,22.0,26.0,6.0,6.3,160.0,267.0,0.9,1.1,0.01,0.5,310.0,2000.0,100.0,280.0,2019,2019
4287,1589.0,KERALA,21.0,30.0,6.5,7.6,332.0,730.0,0.6,1.6,0.25,1.6,24.0,84.0,10.0,34.0,2019,2019
4288,1590.0,KERALA,24.0,28.0,6.4,6.6,92.0,103.0,0.1,0.2,1.58,5.0,220.0,260.0,120.0,150.0,2019,2019
4289,1591.0,KERALA,24.0,30.0,4.6,6.7,116.0,119.0,0.3,1.2,0.25,0.58,100.0,150.0,20.0,21.0,2019,2019
4290,1592.0,KERALA,27.0,28.0,6.6,6.6,328.0,359.0,0.9,2.3,0.43,0.54,100.0,150.0,17.0,32.0,2019,2019
4291,2308.0,KERALA,28.0,30.0,7.0,7.3,197.0,247.0,0.6,1.0,0.03,0.81,540.0,4100.0,280.0,2000.0,2019,2019
4292,2309.0,KERALA,29.0,30.0,7.1,7.5,76.0,304.0,0.1,0.6,0.01,0.13,49.0,3600.0,2.0,1800.0,2019,2019
4293,2310.0,KERALA,29.0,31.0,6.6,6.8,91.0,198.0,0.2,0.3,0.08,0.23,140.0,2400.0,49.0,1300.0,2019,2019
4294,2311.0,KERALA,29.0,30.0,6.6,6.7,103.0,160.0,0.3,0.4,0.02,0.92,600.0,4900.0,280.0,2400.0,2019,2019
4295,4576.0,LAKSHADWEEP,29.5,29.5,,,1799.0,1885.0,,,,,,,,,2019,2019
4296,2313.0,KERALA,26.0,28.0,7.5,7.6,268.0,485.0,1.2,1.2,0.01,0.02,100.0,400.0,49.0,200.0,2019,2019
4297,2314.0,KERALA,22.0,25.0,6.8,6.9,176.0,210.0,1.1,1.4,0.56,0.92,84.0,140.0,27.0,79.0,2019,2019
4298,2315.0,KERALA,22.0,24.0,7.5,7.6,220.0,234.0,1.0,1.6,0.58,0.89,110.0,110.0,60.0,60.0,2019,2019
4299,2316.0,KERALA,26.0,34.0,5.1,6.9,54.0,140.0,1.8,2.9,0.05,0.51,100.0,460.0,20.0,40.0,2019,2019
4300,2317.0,KERALA,26.0,32.0,5.5,5.9,280.0,308.0,0.9,1.3,0.17,0.26,20.0,60.0,4.0,10.0,2019,2019
4301,2320.0,KERALA,21.0,30.0,6.3,7.3,236.0,256.0,0.5,1.6,0.15,1.25,18.0,70.0,10.0,38.0,2019,2019
4302,2321.0,KERALA,22.0,27.0,5.9,6.1,180.0,264.0,0.4,0.7,,1.89,100.0,400.0,10.0,10.0,2019,2019
4303,2322.0,KERALA,24.0,28.0,5.0,5.8,130.0,140.0,0.8,1.2,0.04,0.84,200.0,1000.0,10.0,100.0,2019,2019
4304,1924.0,MANIPUR,24.0,24.0,7.4,7.4,992.0,992.0,,,50.0,50.0,,,,,2019,2019
4305,2323.0,KERALA,27.0,29.0,6.5,6.9,174.0,218.0,0.3,0.6,0.02,0.29,700.0,2200.0,480.0,1000.0,2019,2019
4306,2324.0,KERALA,28.0,28.0,5.6,6.1,66.0,96.0,0.3,1.2,0.01,0.56,10.0,230.0,2.0,120.0,2019,2019
4307,2327.0,KERALA,27.0,29.0,7.2,8.0,768.0,770.0,0.5,1.4,0.41,0.83,29.0,550.0,10.0,10.0,2019,2019
4308,3463.0,KERALA,26.0,28.0,5.2,6.2,80.0,99.0,0.3,0.7,2.78,5.5,540.0,8400.0,210.0,4600.0,2019,2019
4309,3472.0,KERALA,26.0,28.0,7.0,8.0,612.0,11750.0,0.9,1.0,0.13,0.85,60.0,100.0,10.0,10.0,2019,2019
4310,3474.0,KERALA,27.0,28.0,6.9,6.9,148.0,239.0,1.1,2.5,0.01,0.07,100.0,120.0,21.0,40.0,2019,2019
4311,3475.0,KERALA,26.0,27.0,4.6,4.9,67.0,96.0,1.6,2.0,0.04,0.34,49.0,350.0,4.0,40.0,2019,2019
4312,1402.0,LAKSHADWEEP,27.8,29.7,7.0,7.4,851.0,1099.0,,,,,,,,,2019,2019
4313,1593.0,LAKSHADWEEP,27.8,29.7,7.0,7.1,1074.0,1348.0,,,,,,,,,2019,2019
4314,1594.0,LAKSHADWEEP,27.9,29.6,6.9,7.5,1216.0,3320.0,,,,,,,,,2019,2019
4315,1595.0,LAKSHADWEEP,27.7,30.3,7.0,7.1,675.0,1389.0,,,,,,,,,2019,2019
4316,1596.0,LAKSHADWEEP,10.3,27.5,7.2,7.5,838.0,4190.0,,,,,,,,,2019,2019
4317,1597.0,LAKSHADWEEP,28.0,30.0,7.5,7.6,756.0,781.0,,,,,,,,,2019,2019
4318,1598.0,LAKSHADWEEP,28.3,30.7,7.0,7.0,587.0,7899.0,,,,,,,,,2019,2019
4319,1599.0,LAKSHADWEEP,27.5,29.8,7.3,7.5,651.0,1107.0,,,,,,,,,2019,2019
4320,1600.0,LAKSHADWEEP,27.8,29.7,7.0,7.1,937.0,1038.0,,,,,,,,,2019,2019
4321,1601.0,LAKSHADWEEP,27.8,30.4,7.0,7.5,703.0,2150.0,,,,,,,,,2019,2019
4322,1602.0,LAKSHADWEEP,27.0,29.5,7.4,7.5,1109.0,1204.0,,,,,,,,,2019,2019
4323,1603.0,LAKSHADWEEP,28.4,30.6,7.0,7.5,1926.0,5140.0,,,,,,,,,2019,2019
4324,1604.0,LAKSHADWEEP,28.9,30.1,7.0,7.0,3046.0,9510.0,,,,,,,,,2019,2019
4325,1605.0,LAKSHADWEEP,28.5,29.9,7.5,7.7,1840.0,2351.0,,,,,,,,,2019,2019
4326,1606.0,LAKSHADWEEP,28.1,30.7,7.0,7.5,648.0,834.0,,,,,,,,,2019,2019
4327,4548.0,LAKSHADWEEP,28.5,30.1,7.0,7.5,1049.0,2030.0,,,,,,,,,2019,2019
4328,4549.0,LAKSHADWEEP,27.4,30.0,7.0,7.7,693.0,700.0,,,,,,,,,2019,2019
4329,4550.0,LAKSHADWEEP,28.3,30.0,7.5,7.9,2914.0,4860.0,,,,,,,,,2019,2019
4330,4551.0,LAKSHADWEEP,28.4,29.8,7.4,7.5,1067.0,1697.0,,,,,,,,,2019,2019
4331,4552.0,LAKSHADWEEP,27.8,30.5,7.0,7.5,1507.0,1638.0,,,,,,,,,2019,2019
4332,4565.0,LAKSHADWEEP,30.5,30.5,,,2540.0,2600.0,,,,,,,,,2019,2019
4333,4566.0,LAKSHADWEEP,29.0,29.0,,,1615.0,2110.0,,,,,,,,,2019,2019
4334,4567.0,LAKSHADWEEP,30.2,30.2,,,1351.0,1417.0,,,,,,,,,2019,2019
4335,4569.0,LAKSHADWEEP,29.7,29.7,,,1070.0,2948.0,,,,,,,,,2019,2019
4336,4570.0,LAKSHADWEEP,30.0,30.0,,,1057.0,1325.0,,,,,,,,,2019,2019
4337,4571.0,LAKSHADWEEP,29.9,29.9,,,8100.0,8490.0,,,,,,,,,2019,2019
4338,4572.0,LAKSHADWEEP,29.9,29.9,,,2170.0,2210.0,,,,,,,,,2019,2019
4339,4573.0,LAKSHADWEEP,29.6,29.6,,,1827.0,2510.0,,,,,,,,,2019,2019
4340,52.0,MADHYA PRADESH,24.0,24.0,7.6,7.6,962.0,962.0,1.0,1.0,3.69,3.69,81.0,81.0,2.0,2.0,2019,2019
4341,1616.0,MADHYA PRADESH,27.0,27.0,7.2,7.2,366.0,366.0,0.8,0.8,1.0,1.0,40.0,40.0,,,2019,2019
4342,1617.0,MADHYA PRADESH,28.0,28.0,8.0,8.0,264.0,264.0,0.8,0.8,1.5,1.5,94.0,94.0,,,2019,2019
4343,1618.0,MADHYA PRADESH,26.0,26.0,7.3,7.3,2600.0,2600.0,,,0.4,0.4,14.0,14.0,2.0,2.0,2019,2019
4344,1619.0,MADHYA PRADESH,26.0,26.0,7.3,7.3,2539.0,2539.0,,,0.4,0.4,13.0,13.0,2.0,2.0,2019,2019
4345,1897.0,MADHYA PRADESH,24.0,27.0,7.4,7.8,789.0,860.0,0.9,0.9,2.67,3.18,5.0,6.0,2.0,2.0,2019,2019
4346,2143.0,MADHYA PRADESH,21.1,21.1,7.1,7.5,310.0,692.0,0.5,0.5,0.4,1.2,2.0,2.0,2.0,2.0,2019,2019
4347,2144.0,MADHYA PRADESH,21.2,21.2,7.1,7.2,379.0,529.0,0.5,0.5,0.34,1.1,2.0,2.0,2.0,2.0,2019,2019
4348,2145.0,MADHYA PRADESH,24.0,24.0,7.5,7.6,1210.0,1620.0,1.2,2.0,3.69,4.49,10.0,10.0,2.0,2.0,2019,2019
4349,2146.0,MADHYA PRADESH,,,7.6,7.6,2846.0,2846.0,1.0,1.0,8.12,8.12,8.0,8.0,2.0,2.0,2019,2019
4350,2147.0,MADHYA PRADESH,23.0,23.0,7.9,7.9,2670.0,2670.0,2.0,2.0,0.82,0.82,,,,,2019,2019
4351,2148.0,MADHYA PRADESH,24.0,24.0,7.2,7.2,2562.0,2730.0,1.0,2.8,4.87,6.32,10.0,10.0,2.0,2.0,2019,2019
4352,2149.0,MADHYA PRADESH,,,7.6,7.6,,,2.0,2.0,6.69,6.69,,,,,2019,2019
4353,2150.0,MADHYA PRADESH,24.0,28.0,7.1,7.6,1289.0,1489.0,0.6,1.1,2.9,4.2,8.0,55.0,2.0,2.0,2019,2019
4354,2151.0,MADHYA PRADESH,24.0,28.0,7.5,7.8,166.0,2024.0,1.0,1.1,4.07,5.11,2.0,83.0,2.0,2.0,2019,2019
4355,2152.0,MADHYA PRADESH,24.0,28.0,7.0,8.0,1556.0,1688.0,0.8,1.0,3.58,4.04,5.0,5.0,2.0,2.0,2019,2019
4356,2153.0,MADHYA PRADESH,27.0,27.0,7.2,7.2,269.0,269.0,9.6,9.6,,,,,,,2019,2019
4357,2154.0,MADHYA PRADESH,24.0,27.0,7.0,8.2,535.0,2040.0,,,0.6,0.86,,,,,2019,2019
4358,3332.0,MADHYA PRADESH,21.0,26.0,7.1,8.3,1864.0,3467.0,1.0,2.0,4.21,8.82,,,,,2019,2019
4359,3333.0,MADHYA PRADESH,27.0,27.0,8.1,8.1,2148.0,2148.0,0.7,0.7,1.5,1.5,33.0,33.0,2.0,2.0,2019,2019
4360,3334.0,MADHYA PRADESH,,,6.9,6.9,781.0,781.0,1.1,1.1,0.46,0.46,150.0,150.0,2.0,2.0,2019,2019
4361,3335.0,MADHYA PRADESH,18.5,22.0,7.4,8.5,360.0,592.0,0.2,0.2,1.0,1.0,2.0,2.0,2.0,2.0,2019,2019
4362,3336.0,MADHYA PRADESH,,,7.3,7.3,570.0,570.0,,,,,11.0,11.0,3.0,3.0,2019,2019
4363,3337.0,MADHYA PRADESH,24.8,24.8,7.2,7.5,360.0,821.0,0.4,0.4,1.2,1.2,2.0,2.0,2.0,2.0,2019,2019
4364,3338.0,MADHYA PRADESH,26.0,26.0,7.6,7.6,772.0,772.0,,,1.2,1.2,12.0,12.0,2.0,2.0,2019,2019
4365,4802.0,RAJASTHAN,27.0,29.0,7.3,7.7,1610.0,1800.0,,,1.82,2.1,3.0,4.0,3.0,3.0,2019,2019
4366,3339.0,MADHYA PRADESH,24.0,24.0,8.0,8.0,786.0,786.0,0.8,0.8,3.14,3.14,5.0,5.0,2.0,2.0,2019,2019
4367,3340.0,MADHYA PRADESH,24.0,24.0,7.0,7.0,1338.0,1338.0,0.8,0.8,3.73,3.73,12.0,12.0,2.0,2.0,2019,2019
4368,3341.0,MADHYA PRADESH,24.0,28.0,7.7,8.0,1130.0,1585.0,0.8,1.1,2.93,3.67,3.0,11.0,2.0,2.0,2019,2019
4369,3342.0,MADHYA PRADESH,24.0,28.0,6.8,8.5,465.0,949.0,0.8,0.9,2.81,3.15,5.0,8.0,2.0,2.0,2019,2019
4370,3343.0,MADHYA PRADESH,28.9,28.9,6.9,6.9,1425.0,1425.0,1.0,1.0,3.83,3.83,6.0,6.0,2.0,2.0,2019,2019
4371,3822.0,MADHYA PRADESH,22.0,22.0,7.6,8.1,330.0,1369.0,1.2,1.2,1.33,1.33,25.0,25.0,2.0,2.0,2019,2019
4372,3823.0,MADHYA PRADESH,21.7,21.7,7.3,7.4,468.0,588.0,0.3,0.3,1.0,1.0,2.0,2.0,2.0,2.0,2019,2019
4373,3824.0,MADHYA PRADESH,22.0,22.0,7.5,8.3,115.0,814.0,0.2,0.2,1.0,1.0,2.0,2.0,2.0,2.0,2019,2019
4374,3825.0,MADHYA PRADESH,25.0,25.0,7.3,7.5,330.0,516.0,0.6,0.6,1.2,1.2,2.0,2.0,2.0,2.0,2019,2019
4375,3826.0,MADHYA PRADESH,25.0,25.0,7.1,7.5,330.0,686.0,0.4,0.4,1.2,1.2,2.0,2.0,2.0,2.0,2019,2019
4376,3827.0,MADHYA PRADESH,25.5,25.5,7.2,7.3,356.0,624.0,0.5,0.5,1.2,1.2,2.0,2.0,2.0,2.0,2019,2019
4377,3837.0,MADHYA PRADESH,28.0,28.0,7.5,7.6,550.0,560.0,,,1.56,1.56,,,,,2019,2019
4378,3838.0,MADHYA PRADESH,27.5,28.0,7.5,7.8,660.0,670.0,,,,,,,,,2019,2019
4379,3839.0,MADHYA PRADESH,27.0,28.0,7.5,7.6,710.0,720.0,,,0.09,0.13,,,,,2019,2019
4380,3840.0,MADHYA PRADESH,27.0,28.5,7.5,7.5,260.0,270.0,,,0.17,0.2,,,,,2019,2019
4381,3841.0,MADHYA PRADESH,28.0,28.5,7.5,7.6,400.0,410.0,,,2.62,2.63,,,,,2019,2019
4382,3842.0,MADHYA PRADESH,27.0,28.0,7.5,7.8,410.0,420.0,,,0.11,0.16,,,,,2019,2019
4383,3843.0,MADHYA PRADESH,28.0,28.5,7.5,7.6,420.0,430.0,,,0.13,0.19,,,,,2019,2019
4384,3844.0,MADHYA PRADESH,27.0,28.0,7.6,7.7,440.0,450.0,,,1.57,1.59,,,,,2019,2019
4385,3854.0,MADHYA PRADESH,28.5,28.5,7.1,7.1,739.0,739.0,0.9,0.9,1.31,1.31,6.0,6.0,2.0,2.0,2019,2019
4386,4618.0,MADHYA PRADESH,,,7.2,7.2,338.0,338.0,,,,,,,,,2019,2019
4387,1984.0,MAHARASHTRA,37.0,37.0,8.1,8.1,582.0,582.0,4.8,4.8,6.11,6.11,220.0,220.0,33.0,33.0,2019,2019
4388,1985.0,MAHARASHTRA,39.0,39.0,7.4,7.4,1280.0,1280.0,5.3,5.3,8.34,8.34,210.0,210.0,38.0,38.0,2019,2019
4389,1986.0,MAHARASHTRA,15.0,15.0,8.4,8.4,546.0,546.0,4.2,4.2,0.6,0.6,70.0,70.0,17.0,17.0,2019,2019
4390,1987.0,MAHARASHTRA,38.0,38.0,8.2,8.2,540.0,540.0,3.8,3.8,8.71,8.71,150.0,150.0,31.0,31.0,2019,2019
4391,1988.0,MAHARASHTRA,19.0,19.0,8.5,8.5,566.0,566.0,5.4,5.4,0.57,0.57,240.0,240.0,34.0,34.0,2019,2019
4392,1989.0,MAHARASHTRA,39.0,39.0,8.1,8.1,798.0,798.0,7.8,7.8,1.65,1.65,220.0,220.0,33.0,33.0,2019,2019
4393,1990.0,MAHARASHTRA,24.0,24.0,7.3,7.3,652.0,652.0,10.5,10.5,3.1,3.1,1800.0,1800.0,120.0,120.0,2019,2019
4394,1993.0,MAHARASHTRA,36.0,36.0,7.5,7.5,20350.0,20350.0,2.6,2.6,3.72,3.72,48.0,48.0,6.0,6.0,2019,2019
4395,1994.0,MAHARASHTRA,19.0,19.0,7.7,7.7,208.0,208.0,3.2,3.2,0.54,0.54,170.0,170.0,2.0,2.0,2019,2019
4396,1998.0,MAHARASHTRA,39.0,39.0,7.7,7.7,657.0,657.0,4.8,4.8,1.51,1.51,2.0,2.0,2.0,2.0,2019,2019
4397,2001.0,MAHARASHTRA,20.0,20.0,7.8,7.8,257.0,257.0,3.4,3.4,0.61,0.61,140.0,140.0,2.0,2.0,2019,2019
4398,2002.0,MAHARASHTRA,18.0,18.0,7.7,7.7,223.0,223.0,3.4,3.4,0.47,0.47,140.0,140.0,2.0,2.0,2019,2019
4399,2003.0,MAHARASHTRA,19.0,19.0,7.9,7.9,236.0,236.0,3.6,3.6,0.49,0.49,150.0,150.0,2.0,2.0,2019,2019
4400,2004.0,MAHARASHTRA,29.0,29.0,7.8,7.8,59220.0,59220.0,12.0,12.0,0.9,0.9,1600.0,1600.0,920.0,920.0,2019,2019
4401,2005.0,MAHARASHTRA,33.0,33.0,6.8,6.8,807.0,807.0,90.0,90.0,17.0,17.0,1600.0,1600.0,1600.0,1600.0,2019,2019
4402,2006.0,MAHARASHTRA,33.0,33.0,6.9,6.9,709.0,709.0,110.0,110.0,1.8,1.8,1600.0,1600.0,920.0,920.0,2019,2019
4403,2007.0,MAHARASHTRA,33.0,33.0,6.9,6.9,803.0,803.0,150.0,150.0,1.9,1.9,1600.0,1600.0,1600.0,1600.0,2019,2019
4404,2008.0,MAHARASHTRA,33.0,33.0,7.4,7.4,33270.0,33270.0,12.0,12.0,4.0,4.0,280.0,280.0,63.0,63.0,2019,2019
4405,2200.0,MAHARASHTRA,36.0,36.0,7.6,7.6,20240.0,20240.0,2.6,2.6,3.45,3.45,49.0,49.0,5.0,5.0,2019,2019
4406,2201.0,MAHARASHTRA,,,7.5,7.5,2839.0,2839.0,2.6,2.6,1.94,1.94,,,,,2019,2019
4407,2202.0,MAHARASHTRA,33.0,33.0,7.4,7.4,33380.0,33380.0,10.0,10.0,4.0,4.0,280.0,280.0,46.0,46.0,2019,2019
4408,2204.0,MAHARASHTRA,24.0,24.0,7.6,7.6,658.0,658.0,12.5,12.5,2.9,2.9,1800.0,1800.0,275.0,275.0,2019,2019
4409,2818.0,MAHARASHTRA,28.0,28.0,8.1,8.1,645.0,645.0,7.5,7.5,1.4,1.4,1800.0,1800.0,550.0,550.0,2019,2019
4410,2824.0,MAHARASHTRA,,,7.8,7.8,1140.0,1140.0,2.0,2.0,0.86,0.86,,,,,2019,2019
4411,2825.0,MAHARASHTRA,36.0,36.0,7.6,7.6,21280.0,21280.0,2.6,2.6,2.97,2.97,46.0,46.0,6.0,6.0,2019,2019
4412,2828.0,MAHARASHTRA,20.0,20.0,7.7,7.7,203.0,203.0,3.4,3.4,0.58,0.58,220.0,220.0,2.0,2.0,2019,2019
4413,2829.0,MAHARASHTRA,33.0,33.0,7.5,7.5,35330.0,35330.0,11.0,11.0,3.4,3.4,220.0,220.0,47.0,47.0,2019,2019
4414,2830.0,MAHARASHTRA,33.0,33.0,7.6,7.6,35240.0,35240.0,11.0,11.0,3.1,3.1,220.0,220.0,46.0,46.0,2019,2019
4415,2831.0,MAHARASHTRA,30.0,30.0,8.2,8.2,53940.0,53940.0,12.0,12.0,2.1,2.1,210.0,210.0,49.0,49.0,2019,2019
4416,2832.0,MAHARASHTRA,30.0,30.0,7.5,7.5,241.0,241.0,4.0,4.0,0.3,0.3,40.0,40.0,17.0,17.0,2019,2019
4417,2833.0,MAHARASHTRA,30.0,30.0,8.2,8.2,54090.0,54090.0,12.0,12.0,2.1,2.1,240.0,240.0,79.0,79.0,2019,2019
4418,2834.0,MAHARASHTRA,30.0,30.0,8.1,8.1,54870.0,54870.0,10.0,10.0,2.0,2.0,220.0,220.0,49.0,49.0,2019,2019
4419,2835.0,MAHARASHTRA,30.0,30.0,8.1,8.1,55570.0,55570.0,13.0,13.0,1.9,1.9,920.0,920.0,920.0,920.0,2019,2019
4420,2883.0,MANIPUR,24.0,24.0,7.8,7.8,658.0,658.0,,,35.0,35.0,,,,,2019,2019
4421,1634.0,MEGHALAYA,16.0,17.0,5.5,6.0,250.0,265.0,1.8,1.9,7.55,11.0,58.0,79.0,11.0,22.0,2019,2019
4422,1635.0,MEGHALAYA,16.0,16.0,5.2,6.1,185.0,290.0,1.6,1.8,12.46,18.3,22.0,23.0,2.0,11.0,2019,2019
4423,1636.0,MEGHALAYA,17.0,18.0,6.6,6.7,105.0,185.0,1.9,2.2,0.38,0.42,23.0,47.0,2.0,11.0,2019,2019
4424,1637.0,MEGHALAYA,14.0,23.0,6.0,6.6,98.0,118.0,1.0,1.0,1.4,5.37,4.0,4.0,2.0,2.0,2019,2019
4425,1638.0,MEGHALAYA,13.0,15.0,5.9,6.0,118.0,153.0,1.0,1.0,0.32,0.7,2.0,2.0,2.0,2.0,2019,2019
4426,3385.0,MEGHALAYA,19.0,21.0,6.7,6.8,55.0,66.0,1.0,1.4,0.42,0.5,13.0,17.0,2.0,2.0,2019,2019
4427,3386.0,MEGHALAYA,42.0,46.0,9.2,9.3,320.0,355.0,1.0,1.0,0.78,0.88,4.0,4.0,2.0,2.0,2019,2019
4428,4323.0,MEGHALAYA,15.5,17.0,7.1,7.5,142.0,188.0,1.1,1.5,0.51,0.57,2.0,34.0,2.0,2.0,2019,2019
4429,4324.0,MEGHALAYA,16.0,16.0,5.0,5.2,124.0,135.0,1.2,1.3,0.19,0.33,12.0,49.0,2.0,2.0,2019,2019
4430,4325.0,MEGHALAYA,15.0,17.0,4.3,4.8,85.0,110.0,1.0,1.3,0.25,0.34,4.0,39.0,2.0,2.0,2019,2019
4431,2054.0,MIZORAM,16.0,24.0,5.4,7.1,328.0,328.0,0.7,2.1,,0.64,,,,,2019,2019
4432,2055.0,MIZORAM,17.0,26.0,6.3,7.8,0.0,478.0,0.9,2.1,,0.18,,,,,2019,2019
4433,3725.0,MIZORAM,18.0,23.0,6.4,7.3,291.0,291.0,0.9,1.2,,0.2,,,,,2019,2019
4434,3726.0,MIZORAM,18.0,23.0,5.4,7.5,255.0,255.0,0.7,1.9,0.01,0.61,,,,,2019,2019
4435,3727.0,MIZORAM,15.0,28.0,5.0,7.1,263.0,263.0,0.6,2.2,,0.24,,,,,2019,2019
4436,3728.0,MIZORAM,15.0,26.0,6.6,7.9,247.0,247.0,0.7,2.0,,0.04,,,,,2019,2019
4437,3729.0,MIZORAM,20.0,21.0,5.7,5.9,,,1.9,1.9,0.03,0.2,,,,,2019,2019
4438,3730.0,MIZORAM,19.0,20.0,5.7,6.3,,,1.8,1.8,0.03,0.32,,,,,2019,2019
4439,3731.0,MIZORAM,21.0,22.0,6.3,6.5,,,1.7,1.7,,0.17,,,,,2019,2019
4440,3732.0,MIZORAM,20.0,21.0,5.6,8.9,,,1.9,1.9,0.04,0.15,,,,,2019,2019
4441,3733.0,MIZORAM,18.0,21.0,6.2,6.7,,,1.5,1.5,0.07,0.16,,,,,2019,2019
4442,3737.0,MIZORAM,16.0,25.0,6.1,7.3,300.0,300.0,0.8,1.9,,0.03,,,,,2019,2019
4443,3738.0,MIZORAM,11.0,24.0,6.7,7.3,755.0,755.0,1.1,1.6,,0.15,,,,,2019,2019
4444,3739.0,MIZORAM,15.0,25.0,6.3,8.1,,,1.5,1.5,0.01,0.09,,,,,2019,2019
4445,3741.0,MIZORAM,15.0,24.0,6.7,8.5,250.0,250.0,1.5,1.9,,0.15,,,,,2019,2019
4446,3742.0,MIZORAM,17.0,24.0,6.3,7.7,,,1.8,1.8,,0.11,,,,,2019,2019
4447,3745.0,MIZORAM,15.0,20.0,6.3,7.7,198.0,198.0,1.5,1.7,,0.16,,,,,2019,2019
4448,3748.0,MIZORAM,13.0,22.0,4.7,7.5,59.0,59.0,1.3,1.9,,0.48,,,,,2019,2019
4449,3753.0,MIZORAM,13.0,23.0,6.6,7.2,45.0,45.0,1.6,1.9,,0.16,,,,,2019,2019
4450,3758.0,MIZORAM,13.0,17.0,6.9,7.2,,,1.9,1.9,0.03,0.17,,,,,2019,2019
4451,4124.0,MIZORAM,15.0,25.0,6.1,7.5,301.0,301.0,1.6,1.8,,0.09,,,,,2019,2019
4452,4126.0,MIZORAM,9.0,21.0,5.7,7.2,170.0,170.0,1.1,2.2,,0.16,,,,,2019,2019
4453,4127.0,MIZORAM,16.0,20.0,5.5,7.1,242.0,242.0,1.7,1.8,,0.17,,,,,2019,2019
4454,4128.0,MIZORAM,16.0,21.0,5.8,6.6,,,1.9,1.9,0.07,0.2,,,,,2019,2019
4455,4129.0,MIZORAM,16.0,24.0,6.7,7.7,125.0,125.0,1.1,1.9,,0.13,,,,,2019,2019
4456,4133.0,MIZORAM,13.0,25.0,5.3,7.8,284.0,284.0,1.7,1.9,,0.19,,,,,2019,2019
4457,2896.0,NAGALAND,17.9,19.7,6.0,6.9,286.0,783.0,,,9.0,15.0,,,,,2019,2019
4458,2897.0,NAGALAND,24.5,27.8,6.5,6.9,276.0,291.0,,,0.8,1.6,,,,,2019,2019
4459,2898.0,NAGALAND,25.0,27.0,5.5,5.9,153.0,170.0,,,2.1,3.9,,,,,2019,2019
4460,2899.0,NAGALAND,25.7,26.0,6.8,7.5,251.0,254.0,,,0.7,1.4,,,,,2019,2019
4461,2900.0,NAGALAND,25.1,26.7,5.5,6.0,201.0,254.0,,,1.1,15.0,,,,,2019,2019
4462,2901.0,NAGALAND,28.3,29.4,6.0,6.7,302.0,461.0,,,2.6,16.0,,,,,2019,2019
4463,2902.0,NAGALAND,24.9,27.1,7.3,8.5,358.0,382.0,,,0.4,1.2,,,,,2019,2019
4464,2903.0,NAGALAND,24.5,27.0,6.6,7.5,175.0,1019.0,,,0.5,17.5,,,,,2019,2019
4465,2904.0,NAGALAND,24.3,26.7,5.0,6.4,773.0,858.0,,,12.0,21.0,,,,,2019,2019
4466,2905.0,NAGALAND,24.4,26.5,6.5,7.0,780.0,959.0,,,0.5,0.9,,,,,2019,2019
4467,1644.0,ODISHA,25.0,29.0,6.1,7.5,504.0,539.0,0.1,0.2,2.19,7.34,2.0,2.0,2.0,2.0,2019,2019
4468,1645.0,ODISHA,26.0,28.0,6.5,7.9,297.0,370.0,0.2,0.4,0.21,0.28,2.0,2.0,2.0,2.0,2019,2019
4469,1646.0,ODISHA,25.0,30.0,6.5,8.0,160.0,420.0,0.2,0.2,0.24,1.67,2.0,5.0,2.0,5.0,2019,2019
4470,1647.0,ODISHA,25.0,29.0,6.7,8.4,216.0,393.0,0.4,0.9,0.86,1.54,2.0,2.0,2.0,2.0,2019,2019
4471,1648.0,ODISHA,25.0,30.0,6.5,8.2,263.0,418.0,0.1,0.4,0.76,9.5,2.0,2.0,2.0,2.0,2019,2019
4472,1649.0,ODISHA,27.0,28.0,6.2,6.7,133.0,652.0,0.3,0.9,0.25,0.36,2.0,2.0,2.0,2.0,2019,2019
4473,1650.0,ODISHA,30.0,30.0,6.0,6.0,351.0,351.0,0.6,0.6,0.34,0.34,2.0,2.0,2.0,2.0,2019,2019
4474,1651.0,ODISHA,27.0,30.0,6.7,7.8,408.0,530.0,0.4,1.0,0.26,0.92,23.0,23.0,2.0,23.0,2019,2019
4475,1652.0,ODISHA,27.0,29.0,5.9,6.3,261.0,284.0,0.2,0.3,0.13,11.39,2.0,23.0,2.0,2.0,2019,2019
4476,1653.0,ODISHA,29.0,29.0,7.1,7.1,216.0,216.0,0.3,0.3,0.14,0.14,2.0,2.0,2.0,2.0,2019,2019
4477,1654.0,ODISHA,27.0,29.0,6.4,7.4,228.0,357.0,0.2,0.7,0.22,5.09,2.0,540.0,33.0,130.0,2019,2019
4478,1655.0,ODISHA,27.0,27.0,8.2,8.2,600.0,1175.0,0.3,0.5,0.14,0.27,23.0,79.0,2.0,8.0,2019,2019
4479,1656.0,ODISHA,27.0,28.0,7.8,8.1,701.0,808.0,0.3,0.4,0.27,0.96,2.0,2.0,2.0,2.0,2019,2019
4480,1657.0,ODISHA,27.0,28.0,7.9,8.1,504.0,975.0,0.2,0.2,0.3,653.01,2.0,240.0,2.0,13.0,2019,2019
4481,1658.0,ODISHA,29.0,29.0,7.9,8.1,350.0,442.0,0.1,0.6,0.12,0.31,2.0,11.0,2.0,2.0,2019,2019
4482,3964.0,ODISHA,17.0,24.0,7.8,8.2,670.0,1250.0,0.2,0.2,0.16,0.51,23.0,1600.0,2.0,540.0,2019,2019
4483,3965.0,ODISHA,15.0,24.0,7.4,8.0,1283.0,1397.0,0.3,0.5,0.21,0.73,2.0,79.0,2.0,13.0,2019,2019
4484,3966.0,ODISHA,20.0,24.0,6.8,7.6,777.0,1291.0,0.6,0.6,4.62,9.94,2.0,2.0,2.0,2.0,2019,2019
4485,3967.0,ODISHA,20.0,24.0,7.6,7.8,988.0,1338.0,0.2,0.3,5.31,5.82,13.0,23.0,2.0,2.0,2019,2019
4486,3968.0,ODISHA,28.0,32.0,7.5,8.1,422.0,602.0,0.1,0.9,0.24,0.3,2.0,20.0,2.0,2.0,2019,2019
4487,3969.0,ODISHA,29.0,32.0,7.0,7.6,606.0,1738.0,0.1,0.6,6.36,6.88,2.0,2.0,2.0,2.0,2019,2019
4488,3970.0,ODISHA,28.0,31.0,6.6,8.1,282.0,366.0,0.5,0.8,1.52,4.26,2.0,200.0,2.0,7.0,2019,2019
4489,3971.0,ODISHA,26.0,28.0,7.2,7.9,776.0,1184.0,0.2,0.4,1.05,8.14,2.0,17.0,2.0,2.0,2019,2019
4490,3972.0,ODISHA,26.0,28.0,7.6,7.6,551.0,608.0,0.1,0.3,0.2,2.04,2.0,17.0,2.0,2.0,2019,2019
4491,3973.0,ODISHA,28.0,28.0,6.9,7.8,403.0,412.0,0.8,1.1,0.22,1.94,2.0,2.0,2.0,2.0,2019,2019
4492,3974.0,ODISHA,28.0,28.0,7.5,7.9,511.0,527.0,0.1,0.4,0.17,0.27,2.0,45.0,2.0,2.0,2019,2019
4493,3975.0,ODISHA,28.0,29.0,7.6,7.7,614.0,704.0,0.4,0.5,0.3,2.57,2.0,2.0,2.0,2.0,2019,2019
4494,3976.0,ODISHA,23.0,28.0,7.2,8.0,220.0,878.0,0.2,1.0,0.37,0.9,2.0,2.0,2.0,2.0,2019,2019
4495,3977.0,ODISHA,28.0,28.0,7.3,7.9,922.0,1404.0,0.5,0.6,0.2,0.34,2.0,920.0,2.0,130.0,2019,2019
4496,3978.0,ODISHA,28.0,28.0,7.5,7.6,1078.0,1138.0,0.3,0.4,0.38,0.77,2.0,13.0,2.0,2.0,2019,2019
4497,3979.0,ODISHA,28.0,28.0,7.7,8.3,1008.0,1444.0,0.4,0.8,0.54,5.32,2.0,5.0,2.0,2.0,2019,2019
4498,3980.0,ODISHA,21.0,21.0,6.9,6.9,241.0,241.0,0.4,0.4,0.19,0.19,2.0,2.0,2.0,2.0,2019,2019
4499,3981.0,ODISHA,17.0,22.0,7.1,7.4,190.0,196.0,0.2,0.2,0.46,4.79,2.0,49.0,2.0,17.0,2019,2019
4500,3982.0,ODISHA,18.0,22.0,6.8,7.2,106.0,215.0,0.4,0.9,0.65,2.97,2.0,2.0,2.0,2.0,2019,2019
4501,3983.0,ODISHA,17.0,20.0,6.4,6.6,170.0,187.0,0.4,0.6,0.5,0.78,2.0,2.0,2.0,2.0,2019,2019
4502,3984.0,ODISHA,18.0,19.0,5.8,7.3,150.0,262.0,0.3,0.9,0.54,7.31,2.0,2.0,2.0,2.0,2019,2019
4503,3985.0,ODISHA,16.0,18.0,6.6,6.8,241.0,286.0,0.1,0.5,0.21,0.38,13.0,23.0,2.0,2.0,2019,2019
4504,3986.0,ODISHA,17.0,23.0,6.6,6.9,219.0,315.0,0.4,0.4,0.18,0.48,2.0,2.0,2.0,2.0,2019,2019
4505,3987.0,ODISHA,16.0,21.0,6.8,6.9,195.0,199.0,0.2,0.3,0.17,0.61,2.0,2.0,2.0,2.0,2019,2019
4506,3988.0,ODISHA,22.0,30.0,7.3,8.2,913.0,948.0,0.8,1.1,9.67,10.83,2.0,2.0,2.0,2.0,2019,2019
4507,3989.0,ODISHA,22.0,30.0,7.6,8.4,698.0,2468.0,0.3,1.5,1.68,1.9,2.0,23.0,2.0,2.0,2019,2019
4508,3990.0,ODISHA,22.0,22.0,6.8,7.9,196.0,284.0,0.3,0.4,0.2,0.26,2.0,13.0,2.0,2.0,2019,2019
4509,3991.0,ODISHA,22.0,22.0,6.5,6.6,237.0,245.0,0.3,0.4,0.13,2.9,2.0,1600.0,2.0,170.0,2019,2019
4510,3992.0,ODISHA,22.0,22.0,6.7,7.8,343.0,500.0,0.1,0.2,0.12,1.49,33.0,540.0,2.0,11.0,2019,2019
4511,3993.0,ODISHA,22.0,22.0,6.9,7.4,269.0,387.0,0.1,0.3,0.17,6.16,2.0,2.0,2.0,49.0,2019,2019
4512,3994.0,ODISHA,24.0,26.0,6.6,6.6,180.0,303.0,0.2,0.7,0.28,6.29,2.0,2.0,2.0,2.0,2019,2019
4513,3995.0,ODISHA,24.0,26.0,7.6,7.8,217.0,308.0,0.2,0.7,0.07,0.14,2.0,46.0,2.0,2.0,2019,2019
4514,3996.0,ODISHA,22.0,26.0,6.6,7.1,93.0,198.0,0.2,0.3,0.35,0.43,8.0,70.0,2.0,17.0,2019,2019
4515,2009.0,PUDUCHERRY,31.0,31.0,6.4,6.4,497.0,552.0,0.0,,2.91,4.97,2.0,2.0,2.0,2.0,2019,2019
4516,2011.0,PUDUCHERRY,31.0,31.5,7.4,7.5,1680.0,5640.0,,,0.03,0.06,2.0,2.0,2.0,2.0,2019,2019
4517,2013.0,PUDUCHERRY,29.0,30.0,8.1,8.6,1784.0,2260.0,,,0.69,0.8,2.0,2.0,2.0,2.0,2019,2019
4518,2446.0,PUDUCHERRY,28.0,28.0,6.3,6.3,1743.0,1743.0,,,0.36,0.36,,,,,2019,2019
4519,2447.0,PUDUCHERRY,28.5,28.5,6.8,6.8,8222.0,8222.0,,,0.7,0.7,,,,,2019,2019
4520,3882.0,PUDUCHERRY,30.0,33.0,6.1,6.9,401.0,444.0,,,,0.03,2.0,2.0,2.0,2.0,2019,2019
4521,3883.0,PUDUCHERRY,32.0,32.0,6.5,7.2,326.0,363.0,,,,0.04,2.0,2.0,2.0,2.0,2019,2019
4522,3884.0,PUDUCHERRY,29.0,31.0,6.5,7.0,1040.0,1267.0,,,11.8,17.82,280.0,280.0,2.0,2.0,2019,2019
4523,3885.0,PUDUCHERRY,30.0,32.0,6.7,7.1,1447.0,2140.0,,,0.2,2.68,300.0,300.0,240.0,240.0,2019,2019
4524,3886.0,PUDUCHERRY,27.0,30.0,6.9,8.5,1177.0,1362.0,,,4.88,6.64,350.0,350.0,170.0,170.0,2019,2019
4525,4631.0,PUDUCHERRY,29.0,29.0,8.1,8.1,1103.0,1103.0,,,2.45,2.45,,,,,2019,2019
4526,2014.0,PUDUCHERRY,28.5,29.0,8.1,8.6,1328.0,1598.0,,,0.81,1.18,2.0,2.0,2.0,2.0,2019,2019
4527,4632.0,PUDUCHERRY,26.0,26.0,7.1,7.1,1610.0,1610.0,,,6.5,6.5,,,,,2019,2019
4528,4633.0,PUDUCHERRY,33.0,33.0,6.1,6.1,790.0,790.0,,,0.05,0.05,,,,,2019,2019
4529,1898.0,PUNJAB,,,7.0,7.0,1084.0,1084.0,,,25.0,25.0,,,,,2019,2019
4530,1900.0,PUNJAB,,,7.7,7.7,693.0,693.0,,,5.1,5.1,,,,,2019,2019
4531,1901.0,PUNJAB,,,7.6,7.6,770.0,770.0,,,22.0,22.0,,,,,2019,2019
4532,1902.0,PUNJAB,,,7.1,7.1,1316.0,1316.0,,,14.0,14.0,,,,,2019,2019
4533,1903.0,PUNJAB,,,7.6,7.6,694.0,694.0,,,5.8,5.8,,,,,2019,2019
4534,2916.0,PUNJAB,,,7.3,7.3,1110.0,1110.0,,,1.4,1.4,,,,,2019,2019
4535,2917.0,PUNJAB,,,7.1,7.1,985.0,985.0,,,8.0,8.0,,,,,2019,2019
4536,2918.0,PUNJAB,,,7.6,7.6,2511.0,2511.0,,,27.0,27.0,,,,,2019,2019
4537,2919.0,PUNJAB,,,7.7,7.7,3250.0,3250.0,,,28.0,28.0,,,,,2019,2019
4538,2920.0,PUNJAB,,,7.2,7.6,1400.0,1517.0,,,9.0,10.0,2.0,2.0,2.0,2.0,2019,2019
4539,2921.0,PUNJAB,,,7.5,7.6,396.0,407.0,,,0.7,0.9,2.0,2.0,2.0,2.0,2019,2019
4540,2922.0,PUNJAB,,,7.4,7.7,1554.0,1589.0,,,14.0,14.5,2.0,2.0,2.0,2.0,2019,2019
4541,2923.0,PUNJAB,,,7.6,7.9,305.0,340.0,,,0.6,0.9,2.0,2.0,2.0,2.0,2019,2019
4542,2925.0,PUNJAB,,,6.7,6.7,2222.0,2222.0,,,3.6,3.6,,,,,2019,2019
4543,2926.0,PUNJAB,,,7.5,7.5,1428.0,1428.0,,,18.0,18.0,,,,,2019,2019
4544,2927.0,PUNJAB,,,7.4,7.4,1166.0,1166.0,,,19.0,19.0,,,,,2019,2019
4545,4134.0,PUNJAB,,,7.4,7.8,509.0,538.0,,,0.5,0.7,2.0,2.0,2.0,2.0,2019,2019
4546,4135.0,PUNJAB,,,7.3,7.9,525.0,553.0,,,0.5,0.8,2.0,2.0,2.0,2.0,2019,2019
4547,4136.0,PUNJAB,,,7.6,7.6,554.0,554.0,,,0.9,0.9,,,,,2019,2019
4548,4137.0,PUNJAB,,,7.2,7.2,1217.0,1217.0,,,2.8,2.8,,,,,2019,2019
4549,4138.0,PUNJAB,,,7.3,7.3,832.0,832.0,,,2.2,2.2,,,,,2019,2019
4550,4139.0,PUNJAB,,,7.0,7.0,1100.0,1100.0,,,31.0,31.0,,,,,2019,2019
4551,4140.0,PUNJAB,,,7.0,7.0,480.0,480.0,,,1.8,1.8,,,,,2019,2019
4552,4141.0,PUNJAB,,,6.5,6.5,335.0,335.0,,,4.8,4.8,,,,,2019,2019
4553,4142.0,PUNJAB,,,7.2,7.2,528.0,528.0,,,1.2,1.2,,,,,2019,2019
4554,4143.0,PUNJAB,30.0,30.0,7.3,7.7,587.0,891.0,,,0.6,0.9,2.0,2.0,2.0,2.0,2019,2019
4555,4144.0,PUNJAB,20.0,20.0,7.2,7.5,613.0,993.0,,,3.0,3.4,2.0,2.0,2.0,2.0,2019,2019
4556,4145.0,PUNJAB,20.0,20.0,6.9,8.1,531.0,1064.0,,,0.5,0.9,2.0,2.0,2.0,2.0,2019,2019
4557,4147.0,PUNJAB,,,7.3,7.3,2224.0,2224.0,,,10.0,10.0,,,,,2019,2019
4558,4148.0,PUNJAB,,,7.2,7.2,5020.0,5020.0,,,176.0,176.0,,,,,2019,2019
4559,1766.0,WEST BENGAL,27.0,30.5,8.4,8.4,669.0,752.0,0.5,0.6,,0.05,2.0,2.0,,,2019,2019
4560,3523.0,DELHI,,,6.9,6.9,2830.0,3150.0,,,,,2.0,13.0,2.0,2.0,2019,2019
4561,2282.0,GOA,29.0,29.0,7.3,7.3,245.0,245.0,,,,,2.0,2.0,,,2019,2019
4562,4093.0,KARNATAKA,30.0,30.0,7.4,7.4,4363.0,4363.0,8.8,8.8,,,,,,,2019,2019
4563,1415.0,RAJASTHAN,20.0,20.0,7.9,7.9,3500.0,3500.0,,,2.11,2.11,14.0,14.0,9.0,9.0,2019,2019
4564,1706.0,RAJASTHAN,27.0,30.0,7.0,7.2,940.0,1020.0,,,2.2,2.74,3.0,14.0,3.0,9.0,2019,2019
4565,1707.0,RAJASTHAN,28.0,34.0,7.3,7.5,1880.0,2000.0,,,1.77,1.84,4.0,7.0,3.0,3.0,2019,2019
4566,1708.0,RAJASTHAN,29.0,31.0,7.1,7.1,1340.0,1490.0,,,1.76,2.01,3.0,7.0,3.0,4.0,2019,2019
4567,1709.0,RAJASTHAN,26.0,26.0,8.0,8.0,1360.0,1360.0,,,2.2,2.2,7.0,7.0,3.0,3.0,2019,2019
4568,1710.0,RAJASTHAN,25.0,26.0,7.3,7.9,1600.0,2800.0,,,2.1,2.29,4.0,7.0,3.0,4.0,2019,2019
4569,1711.0,RAJASTHAN,26.0,26.0,7.3,7.8,3000.0,3400.0,,,2.2,2.37,3.0,7.0,3.0,3.0,2019,2019
4570,1712.0,RAJASTHAN,26.0,27.0,7.4,8.1,1730.0,1820.0,,,2.06,2.1,3.0,14.0,3.0,9.0,2019,2019
4571,1713.0,RAJASTHAN,26.0,27.0,7.4,7.9,630.0,790.0,,,2.06,2.2,3.0,7.0,3.0,4.0,2019,2019
4572,1715.0,RAJASTHAN,24.0,24.0,7.4,7.5,1230.0,1340.0,,,1.85,2.07,7.0,9.0,3.0,4.0,2019,2019
4573,1720.0,RAJASTHAN,28.0,28.0,7.6,8.0,1090.0,2100.0,,,2.0,2.1,3.0,11.0,3.0,7.0,2019,2019
4574,1721.0,RAJASTHAN,27.0,27.0,7.8,8.1,590.0,610.0,,,1.82,2.11,3.0,14.0,3.0,7.0,2019,2019
4575,1723.0,RAJASTHAN,29.0,29.0,7.5,7.9,3500.0,4100.0,,,1.34,1.4,3.0,11.0,3.0,7.0,2019,2019
4576,1724.0,RAJASTHAN,29.0,30.0,7.8,7.9,420.0,490.0,,,2.36,3.16,7.0,9.0,3.0,4.0,2019,2019
4577,1725.0,RAJASTHAN,28.0,29.0,6.9,7.2,2200.0,2800.0,,,1.67,1.85,7.0,14.0,3.0,7.0,2019,2019
4578,2015.0,RAJASTHAN,30.0,33.0,6.8,8.1,2900.0,4100.0,,,1.67,1.83,4.0,7.0,3.0,4.0,2019,2019
4579,2017.0,RAJASTHAN,30.0,30.0,6.7,7.6,2600.0,7100.0,,,1.84,2.37,4.0,7.0,3.0,4.0,2019,2019
4580,2018.0,RAJASTHAN,30.0,30.0,6.8,7.8,4300.0,5700.0,,,2.37,2.75,4.0,9.0,3.0,4.0,2019,2019
4581,2019.0,RAJASTHAN,20.0,22.0,7.0,7.1,1630.0,1690.0,,,0.02,1.66,4.0,7.0,4.0,4.0,2019,2019
4582,2020.0,RAJASTHAN,20.0,22.0,7.2,7.4,2000.0,2800.0,,,1.76,1.84,7.0,11.0,3.0,4.0,2019,2019
4583,2021.0,RAJASTHAN,20.0,22.0,0.0,7.0,1760.0,1800.0,,,1.76,1.84,7.0,7.0,3.0,3.0,2019,2019
4584,2023.0,RAJASTHAN,20.0,22.0,7.1,7.3,1340.0,1640.0,,,1.66,1.7,7.0,9.0,3.0,4.0,2019,2019
4585,2024.0,RAJASTHAN,25.0,25.0,7.4,7.6,2600.0,2900.0,,,2.62,2.8,3.0,7.0,3.0,3.0,2019,2019
4586,2025.0,RAJASTHAN,27.0,27.0,7.4,8.1,1590.0,1700.0,,,2.07,2.11,3.0,7.0,3.0,4.0,2019,2019
4587,2027.0,RAJASTHAN,26.0,26.0,7.2,7.2,1900.0,2300.0,,,2.06,2.28,3.0,11.0,3.0,3.0,2019,2019
4588,2028.0,RAJASTHAN,28.0,29.0,7.6,7.8,830.0,850.0,,,1.2,1.34,3.0,4.0,3.0,3.0,2019,2019
4589,2029.0,RAJASTHAN,26.0,26.0,7.9,7.9,680.0,680.0,,,1.84,1.84,7.0,7.0,4.0,4.0,2019,2019
4590,2031.0,RAJASTHAN,26.0,26.0,7.7,7.7,1090.0,1090.0,,,1.82,1.82,9.0,9.0,4.0,4.0,2019,2019
4591,2032.0,RAJASTHAN,26.0,26.0,7.9,7.9,370.0,370.0,,,1.82,1.82,7.0,7.0,3.0,3.0,2019,2019
4592,2960.0,RAJASTHAN,28.0,28.0,7.4,7.4,5000.0,5000.0,,,2.21,2.21,7.0,7.0,3.0,3.0,2019,2019
4593,2961.0,RAJASTHAN,26.0,26.0,8.1,8.3,760.0,860.0,,,1.82,2.0,3.0,4.0,3.0,3.0,2019,2019
4594,1732.0,TRIPURA,24.5,25.5,5.4,5.6,142.0,153.0,0.0,0.0,0.27,0.31,2.0,2.0,2.0,2.0,2019,2019
4595,2962.0,RAJASTHAN,26.0,26.0,7.7,7.8,490.0,770.0,,,1.84,2.06,3.0,7.0,3.0,4.0,2019,2019
4596,2963.0,RAJASTHAN,27.0,27.0,7.6,8.1,1610.0,2000.0,,,2.0,2.1,3.0,9.0,3.0,4.0,2019,2019
4597,2964.0,RAJASTHAN,27.0,27.0,7.7,7.9,2100.0,2400.0,,,2.08,2.2,3.0,14.0,3.0,4.0,2019,2019
4598,2965.0,RAJASTHAN,19.0,19.0,8.2,8.2,5100.0,5100.0,,,2.69,2.69,9.0,9.0,4.0,4.0,2019,2019
4599,2966.0,RAJASTHAN,19.5,19.5,8.5,8.5,4900.0,4900.0,,,2.28,2.28,14.0,14.0,7.0,7.0,2019,2019
4600,2967.0,RAJASTHAN,18.5,18.5,8.3,8.3,1310.0,1310.0,,,2.1,2.1,7.0,7.0,4.0,4.0,2019,2019
4601,2968.0,RAJASTHAN,20.0,20.0,8.6,8.6,4300.0,4300.0,,,2.06,2.06,11.0,11.0,7.0,7.0,2019,2019
4602,2969.0,RAJASTHAN,29.0,31.0,7.0,7.2,880.0,1070.0,,,1.66,1.76,7.0,9.0,3.0,4.0,2019,2019
4603,2970.0,RAJASTHAN,27.0,33.0,7.2,7.6,1390.0,1580.0,,,1.76,1.86,3.0,7.0,3.0,4.0,2019,2019
4604,2971.0,RAJASTHAN,28.0,32.0,7.1,7.2,2100.0,2400.0,,,1.76,2.0,3.0,7.0,3.0,3.0,2019,2019
4605,2972.0,RAJASTHAN,28.0,34.0,6.9,7.0,2500.0,2700.0,,,1.82,2.06,4.0,14.0,4.0,7.0,2019,2019
4606,2973.0,RAJASTHAN,28.0,32.0,6.9,7.2,3100.0,4100.0,,,1.83,2.07,3.0,11.0,3.0,7.0,2019,2019
4607,2974.0,RAJASTHAN,29.0,30.0,7.1,7.3,1560.0,1630.0,,,2.06,2.1,7.0,11.0,3.0,7.0,2019,2019
4608,2975.0,RAJASTHAN,28.0,31.0,7.0,7.2,3200.0,3500.0,,,2.0,2.2,7.0,9.0,3.0,4.0,2019,2019
4609,2976.0,RAJASTHAN,26.0,27.0,7.4,7.9,5900.0,6000.0,,,4.56,5.36,210.0,240.0,75.0,93.0,2019,2019
4610,2977.0,RAJASTHAN,28.0,30.0,7.0,8.1,16500.0,20000.0,,,2.1,2.36,4.0,11.0,3.0,7.0,2019,2019
4611,2982.0,RAJASTHAN,29.0,30.0,7.3,8.2,12700.0,15800.0,,,2.01,2.37,4.0,7.0,3.0,3.0,2019,2019
4612,2985.0,RAJASTHAN,29.0,30.0,6.7,7.7,14000.0,14100.0,,,2.8,3.04,4.0,11.0,3.0,3.0,2019,2019
4613,2986.0,RAJASTHAN,24.0,24.0,7.2,7.7,11500.0,12800.0,,,1.66,1.84,7.0,9.0,3.0,4.0,2019,2019
4614,2987.0,RAJASTHAN,24.0,24.0,7.8,7.8,4600.0,4600.0,,,1.84,1.84,3.0,3.0,3.0,3.0,2019,2019
4615,2988.0,RAJASTHAN,24.0,24.0,7.7,7.9,4300.0,9700.0,,,2.06,2.81,3.0,7.0,3.0,3.0,2019,2019
4616,2989.0,RAJASTHAN,24.0,24.0,7.5,7.5,10800.0,10800.0,,,1.76,1.76,7.0,7.0,3.0,3.0,2019,2019
4617,2990.0,RAJASTHAN,25.0,25.0,7.7,7.7,13700.0,13700.0,,,1.84,1.84,7.0,7.0,3.0,3.0,2019,2019
4618,2991.0,RAJASTHAN,24.0,25.0,7.3,7.4,11100.0,11400.0,,,1.78,1.87,7.0,7.0,4.0,7.0,2019,2019
4619,2993.0,RAJASTHAN,23.0,25.0,7.8,7.9,4200.0,7000.0,,,3.11,3.16,7.0,7.0,3.0,4.0,2019,2019
4620,2999.0,RAJASTHAN,25.0,26.0,7.9,8.0,1170.0,1490.0,,,2.07,2.46,3.0,7.0,3.0,4.0,2019,2019
4621,3000.0,RAJASTHAN,25.0,27.0,7.3,7.7,870.0,1010.0,,,2.07,2.2,3.0,3.0,3.0,3.0,2019,2019
4622,3001.0,RAJASTHAN,27.0,27.0,8.0,8.0,1060.0,1060.0,,,2.1,2.1,4.0,4.0,3.0,3.0,2019,2019
4623,3002.0,RAJASTHAN,26.0,28.0,7.5,8.0,940.0,1740.0,,,2.11,2.2,3.0,11.0,3.0,7.0,2019,2019
4624,3003.0,RAJASTHAN,26.0,27.0,7.4,7.9,1710.0,1800.0,,,1.76,2.07,3.0,7.0,3.0,3.0,2019,2019
4625,3004.0,RAJASTHAN,25.0,29.0,8.0,8.1,1290.0,1340.0,,,2.29,2.62,7.0,11.0,3.0,4.0,2019,2019
4626,3005.0,RAJASTHAN,26.0,27.0,7.9,8.1,860.0,960.0,,,2.1,2.8,3.0,11.0,3.0,7.0,2019,2019
4627,3006.0,RAJASTHAN,28.0,28.0,7.8,8.0,2300.0,2300.0,,,1.14,1.55,3.0,7.0,3.0,3.0,2019,2019
4628,4165.0,RAJASTHAN,27.0,27.0,7.6,7.7,1040.0,1070.0,,,2.1,2.21,4.0,7.0,3.0,4.0,2019,2019
4629,4166.0,RAJASTHAN,26.0,26.0,7.8,8.5,2200.0,2500.0,,,2.28,2.74,4.0,14.0,4.0,9.0,2019,2019
4630,4168.0,RAJASTHAN,18.5,18.5,7.4,7.4,4100.0,4100.0,,,2.47,2.47,14.0,14.0,9.0,9.0,2019,2019
4631,4169.0,RAJASTHAN,18.0,18.0,7.5,7.6,1060.0,1090.0,,,2.1,2.74,7.0,9.0,4.0,4.0,2019,2019
4632,4170.0,RAJASTHAN,17.5,19.0,7.5,7.5,1550.0,1700.0,,,2.36,3.65,7.0,7.0,3.0,4.0,2019,2019
4633,4176.0,RAJASTHAN,25.0,28.0,7.3,7.3,2400.0,2600.0,,,1.84,2.1,7.0,9.0,4.0,4.0,2019,2019
4634,4177.0,RAJASTHAN,18.0,26.0,7.3,9.0,420.0,1000.0,0.9,3.7,1.85,2.46,28.0,240.0,9.0,150.0,2019,2019
4635,4178.0,RAJASTHAN,18.0,26.0,7.7,8.9,244.0,1460.0,3.1,4.6,1.84,2.46,75.0,210.0,20.0,150.0,2019,2019
4636,4180.0,RAJASTHAN,26.0,29.0,7.5,8.0,1400.0,1470.0,,,1.82,2.05,4.0,7.0,3.0,4.0,2019,2019
4637,4181.0,RAJASTHAN,27.0,27.0,7.6,7.9,2300.0,2300.0,,,2.74,3.1,7.0,11.0,3.0,4.0,2019,2019
4638,4182.0,RAJASTHAN,26.0,26.0,7.9,7.9,2300.0,2300.0,,,1.83,1.83,3.0,3.0,3.0,3.0,2019,2019
4639,4183.0,RAJASTHAN,26.0,27.0,7.6,8.0,2100.0,2200.0,,,1.88,2.06,3.0,7.0,3.0,4.0,2019,2019
4640,4184.0,RAJASTHAN,25.0,27.0,7.3,7.9,2400.0,2500.0,,,1.82,2.0,7.0,11.0,3.0,3.0,2019,2019
4641,4759.0,RAJASTHAN,26.0,26.0,7.6,7.6,2400.0,2400.0,,,2.06,2.06,9.0,9.0,4.0,4.0,2019,2019
4642,4760.0,RAJASTHAN,27.0,28.0,7.4,7.5,1900.0,2100.0,0.0,0.0,2.46,2.8,7.0,14.0,3.0,7.0,2019,2019
4643,4761.0,RAJASTHAN,23.0,25.0,7.4,7.4,36000.0,45000.0,,,1.82,2.0,7.0,9.0,3.0,4.0,2019,2019
4644,4762.0,RAJASTHAN,25.0,25.0,7.6,7.6,24000.0,24000.0,,,1.84,1.84,7.0,7.0,3.0,3.0,2019,2019
4645,4763.0,RAJASTHAN,23.0,25.0,8.0,8.2,4800.0,5400.0,,,1.71,1.85,3.0,4.0,3.0,3.0,2019,2019
4646,4764.0,RAJASTHAN,23.0,25.0,7.6,7.8,2700.0,2800.0,,,1.76,2.0,3.0,11.0,3.0,7.0,2019,2019
4647,4765.0,RAJASTHAN,25.0,25.0,7.6,7.6,25000.0,25000.0,,,1.77,1.77,3.0,3.0,3.0,3.0,2019,2019
4648,4766.0,RAJASTHAN,23.0,25.0,7.6,7.6,5900.0,13000.0,,,1.84,2.06,7.0,11.0,3.0,7.0,2019,2019
4649,4767.0,RAJASTHAN,23.0,25.0,7.6,7.8,8000.0,15500.0,,,2.02,2.13,7.0,11.0,3.0,3.0,2019,2019
4650,4768.0,RAJASTHAN,23.0,25.0,7.5,7.9,11000.0,14100.0,,,2.01,2.21,4.0,7.0,3.0,3.0,2019,2019
4651,4774.0,RAJASTHAN,26.0,28.0,7.6,7.9,1400.0,2400.0,,,2.28,2.47,4.0,7.0,3.0,4.0,2019,2019
4652,4775.0,RAJASTHAN,26.0,27.0,7.6,7.9,1560.0,1690.0,,,2.28,2.37,3.0,7.0,3.0,3.0,2019,2019
4653,4776.0,RAJASTHAN,25.0,27.0,7.7,7.8,1200.0,1340.0,,,2.06,2.2,3.0,7.0,3.0,4.0,2019,2019
4654,4777.0,RAJASTHAN,26.0,28.0,7.7,7.9,1190.0,1370.0,,,2.36,2.81,3.0,11.0,3.0,7.0,2019,2019
4655,4778.0,RAJASTHAN,26.0,26.0,7.8,7.9,1250.0,1380.0,,,1.84,2.06,3.0,9.0,3.0,4.0,2019,2019
4656,4779.0,RAJASTHAN,26.0,26.0,7.7,7.9,880.0,1000.0,,,2.1,2.36,4.0,7.0,4.0,4.0,2019,2019
4657,4780.0,RAJASTHAN,27.0,27.0,7.6,7.6,5000.0,5000.0,,,2.05,2.05,4.0,4.0,4.0,4.0,2019,2019
4658,4782.0,RAJASTHAN,29.0,29.0,7.4,7.4,5200.0,5200.0,,,2.07,2.07,11.0,11.0,7.0,7.0,2019,2019
4659,4783.0,RAJASTHAN,28.0,28.0,7.9,7.9,590.0,590.0,,,1.76,1.76,28.0,28.0,20.0,20.0,2019,2019
4660,4784.0,RAJASTHAN,29.0,30.0,8.0,702.0,2200.0,2500.0,,,3.0,3.11,4.0,11.0,3.0,4.0,2019,2019
4661,4785.0,RAJASTHAN,29.0,30.0,6.4,7.5,6000.0,9000.0,,,2.81,3.13,4.0,7.0,3.0,4.0,2019,2019
4662,4786.0,RAJASTHAN,30.0,30.0,7.6,7.6,7600.0,7600.0,,,3.01,3.01,7.0,7.0,3.0,3.0,2019,2019
4663,4787.0,RAJASTHAN,30.0,30.0,7.9,7.9,5800.0,5800.0,,,3.05,3.05,4.0,4.0,3.0,3.0,2019,2019
4664,4788.0,RAJASTHAN,28.0,30.0,6.5,7.6,5200.0,8000.0,,,2.69,3.0,4.0,7.0,3.0,3.0,2019,2019
4665,4789.0,RAJASTHAN,22.0,30.0,7.1,8.2,4300.0,4900.0,,,3.04,4.03,4.0,11.0,3.0,7.0,2019,2019
4666,4791.0,RAJASTHAN,23.8,24.0,7.8,7.9,520.0,530.0,,,2.1,2.62,7.0,11.0,4.0,7.0,2019,2019
4667,4792.0,RAJASTHAN,24.0,28.0,7.6,7.8,4300.0,4600.0,,,1.25,1.4,7.0,14.0,3.0,4.0,2019,2019
4668,4793.0,RAJASTHAN,27.0,27.0,7.7,8.1,1470.0,1610.0,,,1.55,1.77,3.0,9.0,3.0,4.0,2019,2019
4669,4794.0,RAJASTHAN,26.0,27.0,8.0,8.2,890.0,900.0,,,1.6,1.83,3.0,7.0,3.0,3.0,2019,2019
4670,4796.0,RAJASTHAN,20.0,22.0,7.2,7.3,1370.0,1510.0,,,1.66,1.82,7.0,11.0,4.0,7.0,2019,2019
4671,4797.0,RAJASTHAN,20.0,22.0,7.2,7.7,930.0,1320.0,,,1.7,1.84,7.0,14.0,4.0,9.0,2019,2019
4672,4798.0,RAJASTHAN,20.0,22.0,7.4,7.7,1510.0,1540.0,,,2.2,2.46,7.0,7.0,4.0,4.0,2019,2019
4673,4799.0,RAJASTHAN,24.0,24.0,7.3,7.7,1070.0,1580.0,,,1.34,1.5,7.0,11.0,3.0,4.0,2019,2019
4674,4800.0,RAJASTHAN,27.0,28.0,7.6,8.1,890.0,2700.0,,,1.66,1.84,3.0,7.0,3.0,3.0,2019,2019
4675,4801.0,RAJASTHAN,29.0,29.0,7.6,7.6,3100.0,3100.0,,,1.84,1.84,7.0,7.0,4.0,4.0,2019,2019
4676,4803.0,RAJASTHAN,27.0,28.3,7.2,7.5,5000.0,5300.0,,,1.61,1.7,3.0,14.0,3.0,7.0,2019,2019
4677,4806.0,RAJASTHAN,18.5,26.5,8.0,9.7,4200.0,4500.0,,,2.47,2.8,7.0,9.0,4.0,4.0,2019,2019
4678,4807.0,RAJASTHAN,19.0,28.0,7.8,8.5,5400.0,8500.0,,,1.7,2.11,7.0,11.0,4.0,7.0,2019,2019
4679,4808.0,RAJASTHAN,18.0,27.5,7.7,8.3,4400.0,4900.0,,,2.37,2.81,7.0,7.0,3.0,4.0,2019,2019
4680,4809.0,RAJASTHAN,19.5,27.0,7.7,8.6,1690.0,4300.0,1.2,1.2,3.0,3.08,7.0,11.0,4.0,4.0,2019,2019
4681,32.0,TAMIL NADU,30.0,30.0,8.0,8.0,406.0,406.0,0.1,0.1,0.03,0.03,2.0,2.0,2.0,2.0,2019,2019
4682,1449.0,TAMIL NADU,26.0,33.0,7.3,7.6,818.0,890.0,2.0,5.0,0.58,1.8,4.0,4.0,2.0,2.0,2019,2019
4683,4810.0,TAMIL NADU,30.0,30.0,7.5,7.5,2460.0,2460.0,0.2,0.2,0.01,0.01,6.0,6.0,2.0,2.0,2019,2019
4684,4811.0,TAMIL NADU,30.0,30.0,7.7,7.7,2060.0,2060.0,0.1,0.1,4.03,4.03,9.0,9.0,4.0,4.0,2019,2019
4685,4815.0,TAMIL NADU,28.0,30.0,6.6,7.2,814.0,1052.0,0.0,2.1,0.22,0.95,4.0,79.0,2.0,24.0,2019,2019
4686,4816.0,TAMIL NADU,27.0,27.0,6.9,6.9,1401.0,1401.0,2.9,2.9,2.32,2.32,2.0,2.0,2.0,2.0,2019,2019
4687,4817.0,TAMIL NADU,27.0,27.0,7.2,7.2,72.0,72.0,2.9,2.9,0.07,0.07,4.0,4.0,2.0,2.0,2019,2019
4688,4819.0,TAMIL NADU,28.0,28.0,6.9,6.9,179.0,179.0,2.1,2.1,0.29,0.29,24.0,24.0,7.0,7.0,2019,2019
4689,4820.0,TAMIL NADU,28.0,28.0,6.6,6.6,178.0,178.0,2.5,2.5,1.3,1.3,110.0,110.0,32.0,32.0,2019,2019
4690,4821.0,TAMIL NADU,28.0,28.0,7.0,7.0,388.0,388.0,0.4,0.4,0.06,0.06,11.0,11.0,4.0,4.0,2019,2019
4691,4824.0,TAMIL NADU,29.0,29.0,7.4,7.4,3360.0,3360.0,1.6,1.6,2.01,2.01,4.0,4.0,2.0,2.0,2019,2019
4692,4825.0,TAMIL NADU,29.0,29.0,7.6,7.6,1958.0,1958.0,0.7,0.7,0.25,0.25,4.0,4.0,2.0,2.0,2019,2019
4693,4826.0,TAMIL NADU,29.0,29.0,7.9,7.9,360.0,360.0,0.4,0.4,1.65,1.65,6.0,6.0,4.0,4.0,2019,2019
4694,15.0,TELANGANA,27.0,27.0,7.3,7.3,725.0,725.0,,,2.2,2.2,,,,,2019,2019
4695,16.0,TELANGANA,28.0,28.0,7.6,7.6,753.0,753.0,,,13.0,13.0,,,,,2019,2019
4696,27.0,TELANGANA,21.0,21.0,7.3,7.6,514.0,1577.0,2.4,2.4,15.29,15.29,2.0,2.0,2.0,2.0,2019,2019
4697,1515.0,TELANGANA,27.0,27.0,7.2,7.2,1120.0,1120.0,,,6.0,6.0,,,,,2019,2019
4698,1525.0,TELANGANA,23.0,27.0,6.7,6.9,2600.0,2890.0,4.5,4.5,38.38,38.38,2.0,2.0,2.0,2.0,2019,2019
4699,1791.0,TELANGANA,27.0,27.0,7.2,7.2,1702.0,1702.0,,,7.0,7.0,,,,,2019,2019
4700,1792.0,TELANGANA,28.0,28.0,8.1,8.1,1637.0,1637.0,,,12.0,12.0,,,,,2019,2019
4701,1793.0,TELANGANA,27.0,27.0,7.5,7.5,1711.0,1711.0,,,1.2,1.2,,,,,2019,2019
4702,1794.0,TELANGANA,27.0,27.0,7.2,7.2,1238.0,1238.0,,,3.2,3.2,,,,,2019,2019
4703,1795.0,TELANGANA,22.0,26.0,7.2,7.2,2900.0,3120.0,5.6,5.6,36.42,36.42,2.0,2.0,2.0,2.0,2019,2019
4704,1810.0,TELANGANA,28.0,28.0,7.4,7.4,2652.0,2652.0,,,25.37,25.37,,,,,2019,2019
4705,1811.0,TELANGANA,21.0,21.0,7.2,7.6,1847.0,1900.0,2.7,2.7,0.35,18.35,2.0,2.0,2.0,2.0,2019,2019
4706,3088.0,TELANGANA,27.0,27.0,7.2,7.2,1767.0,1767.0,,,10.0,10.0,,,,,2019,2019
4707,3094.0,TELANGANA,27.0,27.0,7.7,7.7,967.0,967.0,,,1.6,1.6,,,,,2019,2019
4708,4260.0,TELANGANA,26.0,27.0,7.2,7.5,1084.0,1326.0,7.0,7.0,15.43,15.43,2.0,2.0,2.0,2.0,2019,2019
4709,4261.0,TELANGANA,26.0,27.0,6.4,7.2,4600.0,5340.0,14.7,14.7,35.41,35.41,2.0,2.0,2.0,2.0,2019,2019
4710,4262.0,TELANGANA,26.0,28.0,6.8,7.4,2161.0,2198.0,3.3,3.3,35.41,37.42,2.0,2.0,2.0,2.0,2019,2019
4711,4263.0,TELANGANA,27.0,27.0,7.0,7.3,3480.0,3640.0,8.4,8.4,29.29,29.29,2.0,2.0,2.0,2.0,2019,2019
4712,4264.0,TELANGANA,20.0,20.0,6.6,7.2,2100.0,3510.0,3.2,3.2,23.49,23.49,2.0,2.0,2.0,2.0,2019,2019
4713,4265.0,TELANGANA,22.0,22.0,6.8,7.2,1556.0,2590.0,1.5,1.5,21.2,21.21,2.0,2.0,2.0,2.0,2019,2019
4714,4266.0,TELANGANA,24.0,28.0,7.1,7.4,1180.0,1518.0,3.0,3.0,13.23,13.23,2.0,2.0,2.0,2.0,2019,2019
4715,4268.0,TELANGANA,27.0,27.0,7.8,7.8,1226.0,1226.0,,,9.0,9.0,,,,,2019,2019
4716,4269.0,TELANGANA,27.0,27.0,6.8,6.8,3480.0,3480.0,,,1.4,1.4,,,,,2019,2019
4717,4270.0,TELANGANA,27.0,27.0,7.2,7.2,2510.0,2510.0,,,13.0,13.0,,,,,2019,2019
4718,4271.0,TELANGANA,27.0,27.0,7.7,7.7,1652.0,1652.0,,,20.0,20.0,,,,,2019,2019
4719,4272.0,TELANGANA,27.0,27.0,7.8,7.8,826.0,826.0,,,2.3,2.3,,,,,2019,2019
4720,4273.0,TELANGANA,27.0,27.0,6.8,6.8,2998.0,2998.0,,,19.0,19.0,,,,,2019,2019
4721,4274.0,TELANGANA,27.0,27.0,7.0,7.0,2186.0,2186.0,,,20.0,20.0,,,,,2019,2019
4722,4275.0,TELANGANA,27.0,27.0,7.2,7.2,2256.0,2256.0,,,11.0,11.0,,,,,2019,2019
4723,4276.0,TELANGANA,27.0,27.0,7.3,7.3,2215.0,2215.0,,,39.36,39.36,,,,,2019,2019
4724,4277.0,TELANGANA,25.0,25.0,6.6,7.4,6100.0,6890.0,9.0,9.0,37.57,37.57,2.0,2.0,2.0,2.0,2019,2019
4725,4278.0,TELANGANA,25.0,25.0,6.8,7.2,1254.0,1674.0,5.0,5.0,21.12,21.12,2.0,2.0,2.0,2.0,2019,2019
4726,4279.0,TELANGANA,25.0,25.0,6.7,6.9,440.0,3200.0,1.2,1.2,11.18,11.18,2.0,2.0,2.0,2.0,2019,2019
4727,4280.0,TELANGANA,29.0,29.0,7.5,7.5,3875.0,3875.0,,,4.8,4.8,,,,,2019,2019
4728,4281.0,TELANGANA,21.0,21.0,7.2,7.3,3010.0,4290.0,3.3,3.3,25.17,25.17,2.0,2.0,2.0,2.0,2019,2019
4729,4282.0,TELANGANA,22.0,22.0,6.9,7.3,1667.0,1695.0,1.8,1.8,35.12,35.12,2.0,2.0,2.0,2.0,2019,2019
4730,4283.0,TELANGANA,21.0,21.0,6.7,7.4,2915.0,3920.0,2.0,2.0,32.15,32.15,2.0,2.0,2.0,2.0,2019,2019
4731,4284.0,TELANGANA,20.0,20.0,7.2,7.4,753.0,1732.0,1.2,1.2,19.32,19.32,2.0,2.0,2.0,2.0,2019,2019
4732,4285.0,TELANGANA,21.0,21.0,7.2,7.2,1259.0,2775.0,3.0,3.0,27.26,27.26,2.0,2.0,2.0,2.0,2019,2019
4733,4286.0,TELANGANA,21.0,21.0,7.0,7.1,678.0,2031.0,,,27.42,27.42,2.0,2.0,2.0,2.0,2019,2019
4734,4287.0,TELANGANA,20.0,20.0,6.9,7.1,1078.0,1732.0,1.8,1.8,18.37,18.37,2.0,2.0,2.0,2.0,2019,2019
4735,4288.0,TELANGANA,22.0,22.0,7.4,9.7,520.0,1160.0,,,11.15,11.15,2.0,2.0,2.0,2.0,2019,2019
4736,4289.0,TELANGANA,21.0,21.0,7.0,7.0,1705.0,1705.0,,,18.37,18.37,,,,,2019,2019
4737,4290.0,TELANGANA,20.0,20.0,7.1,7.1,325.0,325.0,,,11.15,11.15,,,,,2019,2019
4738,1405.0,TRIPURA,24.5,25.5,5.9,6.1,136.0,143.0,0.0,0.0,0.18,0.23,2.0,2.0,2.0,2.0,2019,2019
4739,1406.0,TRIPURA,24.0,25.5,6.0,6.1,159.0,161.0,0.0,0.0,0.25,0.3,2.0,2.0,2.0,2.0,2019,2019
4740,1730.0,TRIPURA,24.0,26.0,6.1,6.3,131.0,135.0,0.0,0.0,0.28,0.34,2.0,2.0,2.0,2.0,2019,2019
4741,1731.0,TRIPURA,24.0,26.5,6.0,6.1,128.0,139.0,0.0,0.0,0.18,0.2,2.0,2.0,2.0,2.0,2019,2019
4742,1733.0,TRIPURA,24.0,26.0,5.8,6.0,137.0,144.0,0.0,0.1,0.25,0.28,2.0,2.0,2.0,2.0,2019,2019
4743,1734.0,TRIPURA,23.5,25.5,6.1,6.4,135.0,149.0,0.0,0.0,0.26,0.31,2.0,2.0,2.0,2.0,2019,2019
4744,3423.0,TRIPURA,24.5,24.5,6.2,6.2,122.0,122.0,0.0,0.0,0.2,0.2,2.0,2.0,2.0,2.0,2019,2019
4745,3424.0,TRIPURA,25.0,25.0,6.2,6.2,122.0,122.0,0.2,0.2,0.17,0.17,2.0,2.0,2.0,2.0,2019,2019
4746,3425.0,TRIPURA,25.5,25.5,5.9,5.9,127.0,127.0,0.0,0.0,0.24,0.24,2.0,2.0,2.0,2.0,2019,2019
4747,3426.0,TRIPURA,24.5,24.5,5.9,5.9,129.0,129.0,0.0,0.0,0.18,0.18,2.0,2.0,2.0,2.0,2019,2019
4748,3427.0,TRIPURA,24.5,24.5,6.0,6.0,98.0,98.0,0.2,0.2,0.13,0.13,2.0,2.0,2.0,2.0,2019,2019
4749,3428.0,TRIPURA,24.5,24.5,5.7,5.7,125.0,125.0,0.1,0.1,0.15,0.15,2.0,2.0,2.0,2.0,2019,2019
4750,3429.0,TRIPURA,24.0,24.0,6.0,6.0,118.0,118.0,0.1,0.1,0.17,0.17,2.0,2.0,2.0,2.0,2019,2019
4751,3430.0,TRIPURA,24.5,24.5,6.0,6.0,101.0,101.0,0.2,0.2,0.2,0.2,2.0,2.0,2.0,2.0,2019,2019
4752,3431.0,TRIPURA,24.5,24.5,5.7,5.7,91.0,91.0,0.1,0.1,0.14,0.14,2.0,2.0,2.0,2.0,2019,2019
4753,3432.0,TRIPURA,25.0,25.0,5.6,5.6,112.0,112.0,0.1,0.1,0.21,0.21,2.0,2.0,2.0,2.0,2019,2019
4754,3433.0,TRIPURA,24.5,24.5,6.2,6.2,109.0,109.0,0.2,0.2,0.2,0.2,2.0,2.0,2.0,2.0,2019,2019
4755,3434.0,TRIPURA,25.0,25.0,5.7,5.7,107.0,107.0,0.0,0.0,0.22,0.22,2.0,2.0,2.0,2.0,2019,2019
4756,3435.0,TRIPURA,24.5,24.5,6.1,6.1,115.0,115.0,0.1,0.1,0.17,0.17,2.0,2.0,2.0,2.0,2019,2019
4757,3436.0,TRIPURA,25.0,25.0,5.8,5.8,129.0,129.0,0.1,0.1,0.22,0.22,2.0,2.0,2.0,2.0,2019,2019
4758,1751.0,UTTAR PRADESH,,,7.4,7.5,413.0,421.0,,1.0,0.38,0.38,2.0,92.0,2.0,20.0,2019,2019
4759,2041.0,CHANDIGARH,22.0,25.0,7.2,7.2,913.0,1009.0,,1.1,4.3,8.9,2.0,2.0,2.0,2.0,2019,2019
4760,2042.0,CHANDIGARH,22.0,24.5,7.1,7.2,732.0,751.0,,2.0,3.5,4.3,2.0,2.0,2.0,2.0,2019,2019
4761,2044.0,CHANDIGARH,22.0,24.0,7.2,7.4,635.0,788.0,,0.9,2.3,3.9,2.0,2.0,2.0,2.0,2019,2019
4762,1687.0,PUDUCHERRY,28.0,29.0,7.5,8.4,2220.0,2220.0,,1.6,0.17,0.99,500.0,500.0,240.0,240.0,2019,2019
4763,2012.0,PUDUCHERRY,30.0,30.0,6.7,6.9,2320.0,2500.0,,5.7,0.63,1.38,350.0,350.0,280.0,280.0,2019,2019
4764,4814.0,TAMIL NADU,27.0,30.0,6.7,7.0,1641.0,2410.0,,2.0,0.29,7.64,4.0,10.0,2.0,4.0,2019,2019
4765,4149.0,PUNJAB,,,7.3,7.3,1200.0,1200.0,,,5.6,5.6,,,,,2019,2019
4766,4150.0,PUNJAB,,,7.3,7.3,1846.0,1846.0,,,4.1,4.1,,,,,2019,2019
4767,4151.0,PUNJAB,,,8.0,8.0,2190.0,2190.0,,,1.4,1.4,,,,,2019,2019
4768,4153.0,PUNJAB,,,7.8,7.8,533.0,533.0,,,21.0,21.0,,,,,2019,2019
4769,4154.0,PUNJAB,,,7.6,7.6,802.0,802.0,,,24.0,24.0,,,,,2019,2019
4770,4155.0,PUNJAB,,,7.6,7.6,759.0,759.0,,,8.0,8.0,,,,,2019,2019
4771,4156.0,PUNJAB,,,7.2,7.2,1102.0,1102.0,,,25.0,25.0,,,,,2019,2019
4772,4157.0,PUNJAB,,,7.7,7.7,743.0,743.0,,,18.0,18.0,,,,,2019,2019
4773,4818.0,TAMIL NADU,28.0,28.0,6.7,6.7,2330.0,2330.0,,,,,4.0,4.0,2.0,2.0,2019,2019
4774,1658.0,ODISHA,26.0,30.0,7.9,8.4,286.0,486.0,0.2,3.4,0.31,1.55,2.0,540.0,2.0,9200.0,2017,2017
